<?xml version="1.0" encoding="UTF-8" standalone="no"?><?xml-stylesheet type="text/xsl" href="../lib/xsl/imclin.xsl"?><imclin><datachunk init="&quot;# ALL SOLUTIONS = &quot;" label="L2" size="159"/><datachunk init="&quot;SOLUTION&quot;" label="L4" size="79"/><codechunk entrylabel="L57" exitlabel="L58"><frame FP="T0" RV="T1" argssize="0" depth="0" label="_exit" locssize="0" size="16"/><stmt><imc instruction="LABEL(L57)"/></stmt><stmt><imc instruction="MOVE"><imc instruction="TEMP(18)"/><imc instruction="CONST(0)"/></imc></stmt><stmt><imc instruction="MOVE"><imc instruction="TEMP(1)"/><imc instruction="TEMP(18)"/></imc></stmt><stmt><imc instruction="JUMP(L58)"/></stmt></codechunk><codechunk entrylabel="L59" exitlabel="L60"><frame FP="T2" RV="T3" argssize="0" depth="0" label="_putChar" locssize="0" size="16"/><stmt><imc instruction="LABEL(L59)"/></stmt><stmt><imc instruction="MOVE"><imc instruction="TEMP(19)"/><imc instruction="CONST(0)"/></imc></stmt><stmt><imc instruction="MOVE"><imc instruction="TEMP(3)"/><imc instruction="TEMP(19)"/></imc></stmt><stmt><imc instruction="JUMP(L60)"/></stmt></codechunk><codechunk entrylabel="L61" exitlabel="L62"><frame FP="T4" RV="T5" argssize="0" depth="0" label="_getChar" locssize="0" size="16"/><stmt><imc instruction="LABEL(L61)"/></stmt><stmt><imc instruction="MOVE"><imc instruction="TEMP(20)"/><imc instruction="CONST(0)"/></imc></stmt><stmt><imc instruction="MOVE"><imc instruction="TEMP(21)"/><imc instruction="CONST(256)"/></imc></stmt><stmt><imc instruction="MOVE"><imc instruction="TEMP(22)"/><imc instruction="BINOP(MOD)"><imc instruction="TEMP(20)"/><imc instruction="TEMP(21)"/></imc></imc></stmt><stmt><imc instruction="MOVE"><imc instruction="TEMP(5)"/><imc instruction="TEMP(22)"/></imc></stmt><stmt><imc instruction="JUMP(L62)"/></stmt></codechunk><codechunk entrylabel="L63" exitlabel="L64"><frame FP="T6" RV="T7" argssize="16" depth="1" label="L0" locssize="0" size="32"/><stmt><imc instruction="LABEL(L63)"/></stmt><stmt><imc instruction="MOVE"><imc instruction="TEMP(23)"/><imc instruction="TEMP(6)"/></imc></stmt><stmt><imc instruction="MOVE"><imc instruction="TEMP(24)"/><imc instruction="CONST(8)"/></imc></stmt><stmt><imc instruction="MOVE"><imc instruction="TEMP(25)"/><imc instruction="MEM"><imc instruction="BINOP(ADD)"><imc instruction="TEMP(23)"/><imc instruction="TEMP(24)"/></imc></imc></imc></stmt><stmt><imc instruction="MOVE"><imc instruction="TEMP(26)"/><imc instruction="CONST(0)"/></imc></stmt><stmt><imc instruction="CJUMP(L12,L65)"><imc instruction="BINOP(EQU)"><imc instruction="TEMP(25)"/><imc instruction="TEMP(26)"/></imc></imc></stmt><stmt><imc instruction="LABEL(L65)"/></stmt><stmt><imc instruction="MOVE"><imc instruction="TEMP(27)"/><imc instruction="TEMP(6)"/></imc></stmt><stmt><imc instruction="MOVE"><imc instruction="TEMP(28)"/><imc instruction="CONST(8)"/></imc></stmt><stmt><imc instruction="MOVE"><imc instruction="TEMP(29)"/><imc instruction="MEM"><imc instruction="BINOP(ADD)"><imc instruction="TEMP(27)"/><imc instruction="TEMP(28)"/></imc></imc></imc></stmt><stmt><imc instruction="MOVE"><imc instruction="TEMP(30)"/><imc instruction="CONST(10)"/></imc></stmt><stmt><imc instruction="ESTMT"><imc instruction="CALL(L0)"><imc instruction="MEM"><imc instruction="TEMP(6)"/></imc><imc instruction="BINOP(DIV)"><imc instruction="TEMP(29)"/><imc instruction="TEMP(30)"/></imc></imc></imc></stmt><stmt><imc instruction="MOVE"><imc instruction="TEMP(31)"/><imc instruction="MEM"><imc instruction="MEM"><imc instruction="TEMP(6)"/></imc></imc></imc></stmt><stmt><imc instruction="MOVE"><imc instruction="TEMP(32)"/><imc instruction="TEMP(6)"/></imc></stmt><stmt><imc instruction="MOVE"><imc instruction="TEMP(33)"/><imc instruction="CONST(8)"/></imc></stmt><stmt><imc instruction="MOVE"><imc instruction="TEMP(34)"/><imc instruction="MEM"><imc instruction="BINOP(ADD)"><imc instruction="TEMP(32)"/><imc instruction="TEMP(33)"/></imc></imc></imc></stmt><stmt><imc instruction="MOVE"><imc instruction="TEMP(35)"/><imc instruction="CONST(10)"/></imc></stmt><stmt><imc instruction="MOVE"><imc instruction="TEMP(36)"/><imc instruction="BINOP(MOD)"><imc instruction="TEMP(34)"/><imc instruction="TEMP(35)"/></imc></imc></stmt><stmt><imc instruction="MOVE"><imc instruction="TEMP(37)"/><imc instruction="CONST(48)"/></imc></stmt><stmt><imc instruction="MOVE"><imc instruction="TEMP(38)"/><imc instruction="BINOP(ADD)"><imc instruction="TEMP(36)"/><imc instruction="TEMP(37)"/></imc></imc></stmt><stmt><imc instruction="MOVE"><imc instruction="TEMP(39)"/><imc instruction="CONST(256)"/></imc></stmt><stmt><imc instruction="MOVE"><imc instruction="TEMP(40)"/><imc instruction="BINOP(MOD)"><imc instruction="TEMP(38)"/><imc instruction="TEMP(39)"/></imc></imc></stmt><stmt><imc instruction="MOVE"><imc instruction="TEMP(41)"/><imc instruction="CALL(_putChar)"><imc instruction="TEMP(31)"/><imc instruction="TEMP(40)"/></imc></imc></stmt><stmt><imc instruction="ESTMT"><imc instruction="TEMP(41)"/></imc></stmt><stmt><imc instruction="JUMP(L14)"/></stmt><stmt><imc instruction="LABEL(L12)"/></stmt><stmt><imc instruction="ESTMT"><imc instruction="CONST(0)"/></imc></stmt><stmt><imc instruction="JUMP(L14)"/></stmt><stmt><imc instruction="LABEL(L13)"/></stmt><stmt><imc instruction="MOVE"><imc instruction="TEMP(27)"/><imc instruction="TEMP(6)"/></imc></stmt><stmt><imc instruction="MOVE"><imc instruction="TEMP(28)"/><imc instruction="CONST(8)"/></imc></stmt><stmt><imc instruction="MOVE"><imc instruction="TEMP(29)"/><imc instruction="MEM"><imc instruction="BINOP(ADD)"><imc instruction="TEMP(27)"/><imc instruction="TEMP(28)"/></imc></imc></imc></stmt><stmt><imc instruction="MOVE"><imc instruction="TEMP(30)"/><imc instruction="CONST(10)"/></imc></stmt><stmt><imc instruction="ESTMT"><imc instruction="CALL(L0)"><imc instruction="MEM"><imc instruction="TEMP(6)"/></imc><imc instruction="BINOP(DIV)"><imc instruction="TEMP(29)"/><imc instruction="TEMP(30)"/></imc></imc></imc></stmt><stmt><imc instruction="MOVE"><imc instruction="TEMP(31)"/><imc instruction="MEM"><imc instruction="MEM"><imc instruction="TEMP(6)"/></imc></imc></imc></stmt><stmt><imc instruction="MOVE"><imc instruction="TEMP(32)"/><imc instruction="TEMP(6)"/></imc></stmt><stmt><imc instruction="MOVE"><imc instruction="TEMP(33)"/><imc instruction="CONST(8)"/></imc></stmt><stmt><imc instruction="MOVE"><imc instruction="TEMP(34)"/><imc instruction="MEM"><imc instruction="BINOP(ADD)"><imc instruction="TEMP(32)"/><imc instruction="TEMP(33)"/></imc></imc></imc></stmt><stmt><imc instruction="MOVE"><imc instruction="TEMP(35)"/><imc instruction="CONST(10)"/></imc></stmt><stmt><imc instruction="MOVE"><imc instruction="TEMP(36)"/><imc instruction="BINOP(MOD)"><imc instruction="TEMP(34)"/><imc instruction="TEMP(35)"/></imc></imc></stmt><stmt><imc instruction="MOVE"><imc instruction="TEMP(37)"/><imc instruction="CONST(48)"/></imc></stmt><stmt><imc instruction="MOVE"><imc instruction="TEMP(38)"/><imc instruction="BINOP(ADD)"><imc instruction="TEMP(36)"/><imc instruction="TEMP(37)"/></imc></imc></stmt><stmt><imc instruction="MOVE"><imc instruction="TEMP(39)"/><imc instruction="CONST(256)"/></imc></stmt><stmt><imc instruction="MOVE"><imc instruction="TEMP(40)"/><imc instruction="BINOP(MOD)"><imc instruction="TEMP(38)"/><imc instruction="TEMP(39)"/></imc></imc></stmt><stmt><imc instruction="MOVE"><imc instruction="TEMP(41)"/><imc instruction="CALL(_putChar)"><imc instruction="TEMP(31)"/><imc instruction="TEMP(40)"/></imc></imc></stmt><stmt><imc instruction="ESTMT"><imc instruction="TEMP(41)"/></imc></stmt><stmt><imc instruction="JUMP(L14)"/></stmt><stmt><imc instruction="LABEL(L14)"/></stmt><stmt><imc instruction="MOVE"><imc instruction="TEMP(42)"/><imc instruction="CONST(0)"/></imc></stmt><stmt><imc instruction="MOVE"><imc instruction="TEMP(7)"/><imc instruction="TEMP(42)"/></imc></stmt><stmt><imc instruction="JUMP(L64)"/></stmt></codechunk><codechunk entrylabel="L66" exitlabel="L67"><frame FP="T8" RV="T9" argssize="16" depth="0" label="_putInteger" locssize="0" size="32"/><stmt><imc instruction="LABEL(L66)"/></stmt><stmt><imc instruction="MOVE"><imc instruction="TEMP(43)"/><imc instruction="TEMP(8)"/></imc></stmt><stmt><imc instruction="MOVE"><imc instruction="TEMP(44)"/><imc instruction="CONST(8)"/></imc></stmt><stmt><imc instruction="MOVE"><imc instruction="TEMP(45)"/><imc instruction="MEM"><imc instruction="BINOP(ADD)"><imc instruction="TEMP(43)"/><imc instruction="TEMP(44)"/></imc></imc></imc></stmt><stmt><imc instruction="MOVE"><imc instruction="TEMP(46)"/><imc instruction="CONST(0)"/></imc></stmt><stmt><imc instruction="CJUMP(L6,L68)"><imc instruction="BINOP(LTH)"><imc instruction="TEMP(45)"/><imc instruction="TEMP(46)"/></imc></imc></stmt><stmt><imc instruction="LABEL(L68)"/></stmt><stmt><imc instruction="ESTMT"><imc instruction="CONST(0)"/></imc></stmt><stmt><imc instruction="JUMP(L8)"/></stmt><stmt><imc instruction="LABEL(L6)"/></stmt><stmt><imc instruction="ESTMT"><imc instruction="CALL(_putChar)"><imc instruction="MEM"><imc instruction="TEMP(8)"/></imc><imc instruction="CONST(45)"/></imc></imc></stmt><stmt><imc instruction="MOVE"><imc instruction="TEMP(47)"/><imc instruction="TEMP(8)"/></imc></stmt><stmt><imc instruction="MOVE"><imc instruction="TEMP(48)"/><imc instruction="CONST(8)"/></imc></stmt><stmt><imc instruction="MOVE"><imc instruction="TEMP(49)"/><imc instruction="BINOP(ADD)"><imc instruction="TEMP(47)"/><imc instruction="TEMP(48)"/></imc></imc></stmt><stmt><imc instruction="MOVE"><imc instruction="TEMP(50)"/><imc instruction="TEMP(8)"/></imc></stmt><stmt><imc instruction="MOVE"><imc instruction="TEMP(51)"/><imc instruction="CONST(8)"/></imc></stmt><stmt><imc instruction="MOVE"><imc instruction="TEMP(52)"/><imc instruction="UNOP(NEG)"><imc instruction="MEM"><imc instruction="BINOP(ADD)"><imc instruction="TEMP(50)"/><imc instruction="TEMP(51)"/></imc></imc></imc></imc></stmt><stmt><imc instruction="MOVE"><imc instruction="MEM"><imc instruction="TEMP(49)"/></imc><imc instruction="TEMP(52)"/></imc></stmt><stmt><imc instruction="ESTMT"><imc instruction="CONST(0)"/></imc></stmt><stmt><imc instruction="JUMP(L8)"/></stmt><stmt><imc instruction="LABEL(L7)"/></stmt><stmt><imc instruction="ESTMT"><imc instruction="CONST(0)"/></imc></stmt><stmt><imc instruction="JUMP(L8)"/></stmt><stmt><imc instruction="LABEL(L8)"/></stmt><stmt><imc instruction="MOVE"><imc instruction="TEMP(53)"/><imc instruction="TEMP(8)"/></imc></stmt><stmt><imc instruction="MOVE"><imc instruction="TEMP(54)"/><imc instruction="CONST(8)"/></imc></stmt><stmt><imc instruction="MOVE"><imc instruction="TEMP(55)"/><imc instruction="MEM"><imc instruction="BINOP(ADD)"><imc instruction="TEMP(53)"/><imc instruction="TEMP(54)"/></imc></imc></imc></stmt><stmt><imc instruction="MOVE"><imc instruction="TEMP(56)"/><imc instruction="CONST(0)"/></imc></stmt><stmt><imc instruction="CJUMP(L9,L69)"><imc instruction="BINOP(EQU)"><imc instruction="TEMP(55)"/><imc instruction="TEMP(56)"/></imc></imc></stmt><stmt><imc instruction="LABEL(L69)"/></stmt><stmt><imc instruction="MOVE"><imc instruction="TEMP(57)"/><imc instruction="TEMP(8)"/></imc></stmt><stmt><imc instruction="MOVE"><imc instruction="TEMP(58)"/><imc instruction="CONST(8)"/></imc></stmt><stmt><imc instruction="ESTMT"><imc instruction="CALL(L0)"><imc instruction="TEMP(8)"/><imc instruction="MEM"><imc instruction="BINOP(ADD)"><imc instruction="TEMP(57)"/><imc instruction="TEMP(58)"/></imc></imc></imc></imc></stmt><stmt><imc instruction="JUMP(L11)"/></stmt><stmt><imc instruction="LABEL(L9)"/></stmt><stmt><imc instruction="ESTMT"><imc instruction="CALL(_putChar)"><imc instruction="MEM"><imc instruction="TEMP(8)"/></imc><imc instruction="CONST(48)"/></imc></imc></stmt><stmt><imc instruction="JUMP(L11)"/></stmt><stmt><imc instruction="LABEL(L10)"/></stmt><stmt><imc instruction="MOVE"><imc instruction="TEMP(57)"/><imc instruction="TEMP(8)"/></imc></stmt><stmt><imc instruction="MOVE"><imc instruction="TEMP(58)"/><imc instruction="CONST(8)"/></imc></stmt><stmt><imc instruction="ESTMT"><imc instruction="CALL(L0)"><imc instruction="TEMP(8)"/><imc instruction="MEM"><imc instruction="BINOP(ADD)"><imc instruction="TEMP(57)"/><imc instruction="TEMP(58)"/></imc></imc></imc></imc></stmt><stmt><imc instruction="JUMP(L11)"/></stmt><stmt><imc instruction="LABEL(L11)"/></stmt><stmt><imc instruction="MOVE"><imc instruction="TEMP(59)"/><imc instruction="CONST(0)"/></imc></stmt><stmt><imc instruction="MOVE"><imc instruction="TEMP(9)"/><imc instruction="TEMP(59)"/></imc></stmt><stmt><imc instruction="JUMP(L67)"/></stmt></codechunk><codechunk entrylabel="L70" exitlabel="L71"><frame FP="T10" RV="T11" argssize="8" depth="0" label="_getInteger" locssize="24" size="48"/><stmt><imc instruction="LABEL(L70)"/></stmt><stmt><imc instruction="MOVE"><imc instruction="TEMP(60)"/><imc instruction="TEMP(10)"/></imc></stmt><stmt><imc instruction="MOVE"><imc instruction="TEMP(61)"/><imc instruction="CONST(-8)"/></imc></stmt><stmt><imc instruction="MOVE"><imc instruction="TEMP(62)"/><imc instruction="BINOP(ADD)"><imc instruction="TEMP(60)"/><imc instruction="TEMP(61)"/></imc></imc></stmt><stmt><imc instruction="MOVE"><imc instruction="TEMP(63)"/><imc instruction="CONST(1)"/></imc></stmt><stmt><imc instruction="MOVE"><imc instruction="MEM"><imc instruction="TEMP(62)"/></imc><imc instruction="TEMP(63)"/></imc></stmt><stmt><imc instruction="MOVE"><imc instruction="TEMP(64)"/><imc instruction="TEMP(10)"/></imc></stmt><stmt><imc instruction="MOVE"><imc instruction="TEMP(65)"/><imc instruction="CONST(-16)"/></imc></stmt><stmt><imc instruction="MOVE"><imc instruction="TEMP(66)"/><imc instruction="BINOP(ADD)"><imc instruction="TEMP(64)"/><imc instruction="TEMP(65)"/></imc></imc></stmt><stmt><imc instruction="MOVE"><imc instruction="TEMP(67)"/><imc instruction="CONST(0)"/></imc></stmt><stmt><imc instruction="MOVE"><imc instruction="MEM"><imc instruction="TEMP(66)"/></imc><imc instruction="TEMP(67)"/></imc></stmt><stmt><imc instruction="MOVE"><imc instruction="TEMP(68)"/><imc instruction="TEMP(10)"/></imc></stmt><stmt><imc instruction="MOVE"><imc instruction="TEMP(69)"/><imc instruction="CONST(-24)"/></imc></stmt><stmt><imc instruction="MOVE"><imc instruction="TEMP(70)"/><imc instruction="BINOP(ADD)"><imc instruction="TEMP(68)"/><imc instruction="TEMP(69)"/></imc></imc></stmt><stmt><imc instruction="MOVE"><imc instruction="TEMP(71)"/><imc instruction="MEM"><imc instruction="TEMP(10)"/></imc></imc></stmt><stmt><imc instruction="MOVE"><imc instruction="TEMP(72)"/><imc instruction="CALL(_getChar)"><imc instruction="TEMP(71)"/></imc></imc></stmt><stmt><imc instruction="MOVE"><imc instruction="TEMP(73)"/><imc instruction="TEMP(72)"/></imc></stmt><stmt><imc instruction="MOVE"><imc instruction="MEM"><imc instruction="TEMP(70)"/></imc><imc instruction="TEMP(73)"/></imc></stmt><stmt><imc instruction="MOVE"><imc instruction="TEMP(74)"/><imc instruction="TEMP(10)"/></imc></stmt><stmt><imc instruction="MOVE"><imc instruction="TEMP(75)"/><imc instruction="CONST(-24)"/></imc></stmt><stmt><imc instruction="MOVE"><imc instruction="TEMP(76)"/><imc instruction="MEM"><imc instruction="BINOP(ADD)"><imc instruction="TEMP(74)"/><imc instruction="TEMP(75)"/></imc></imc></imc></stmt><stmt><imc instruction="MOVE"><imc instruction="TEMP(77)"/><imc instruction="CONST(43)"/></imc></stmt><stmt><imc instruction="CJUMP(L21,L72)"><imc instruction="BINOP(EQU)"><imc instruction="TEMP(76)"/><imc instruction="TEMP(77)"/></imc></imc></stmt><stmt><imc instruction="LABEL(L72)"/></stmt><stmt><imc instruction="MOVE"><imc instruction="TEMP(86)"/><imc instruction="TEMP(10)"/></imc></stmt><stmt><imc instruction="MOVE"><imc instruction="TEMP(87)"/><imc instruction="CONST(-24)"/></imc></stmt><stmt><imc instruction="MOVE"><imc instruction="TEMP(88)"/><imc instruction="MEM"><imc instruction="BINOP(ADD)"><imc instruction="TEMP(86)"/><imc instruction="TEMP(87)"/></imc></imc></imc></stmt><stmt><imc instruction="MOVE"><imc instruction="TEMP(89)"/><imc instruction="CONST(45)"/></imc></stmt><stmt><imc instruction="CJUMP(L18,L73)"><imc instruction="BINOP(EQU)"><imc instruction="TEMP(88)"/><imc instruction="TEMP(89)"/></imc></imc></stmt><stmt><imc instruction="LABEL(L73)"/></stmt><stmt><imc instruction="MOVE"><imc instruction="TEMP(98)"/><imc instruction="TEMP(10)"/></imc></stmt><stmt><imc instruction="MOVE"><imc instruction="TEMP(99)"/><imc instruction="CONST(-24)"/></imc></stmt><stmt><imc instruction="MOVE"><imc instruction="TEMP(100)"/><imc instruction="MEM"><imc instruction="BINOP(ADD)"><imc instruction="TEMP(98)"/><imc instruction="TEMP(99)"/></imc></imc></imc></stmt><stmt><imc instruction="MOVE"><imc instruction="TEMP(101)"/><imc instruction="CONST(48)"/></imc></stmt><stmt><imc instruction="MOVE"><imc instruction="TEMP(102)"/><imc instruction="BINOP(LTH)"><imc instruction="TEMP(100)"/><imc instruction="TEMP(101)"/></imc></imc></stmt><stmt><imc instruction="MOVE"><imc instruction="TEMP(103)"/><imc instruction="TEMP(10)"/></imc></stmt><stmt><imc instruction="MOVE"><imc instruction="TEMP(104)"/><imc instruction="CONST(-24)"/></imc></stmt><stmt><imc instruction="MOVE"><imc instruction="TEMP(105)"/><imc instruction="MEM"><imc instruction="BINOP(ADD)"><imc instruction="TEMP(103)"/><imc instruction="TEMP(104)"/></imc></imc></imc></stmt><stmt><imc instruction="MOVE"><imc instruction="TEMP(106)"/><imc instruction="CONST(57)"/></imc></stmt><stmt><imc instruction="MOVE"><imc instruction="TEMP(107)"/><imc instruction="BINOP(GTH)"><imc instruction="TEMP(105)"/><imc instruction="TEMP(106)"/></imc></imc></stmt><stmt><imc instruction="CJUMP(L15,L74)"><imc instruction="BINOP(OR)"><imc instruction="TEMP(102)"/><imc instruction="TEMP(107)"/></imc></imc></stmt><stmt><imc instruction="LABEL(L74)"/></stmt><stmt><imc instruction="ESTMT"><imc instruction="CONST(0)"/></imc></stmt><stmt><imc instruction="JUMP(L17)"/></stmt><stmt><imc instruction="LABEL(L21)"/></stmt><stmt><imc instruction="MOVE"><imc instruction="TEMP(78)"/><imc instruction="TEMP(10)"/></imc></stmt><stmt><imc instruction="MOVE"><imc instruction="TEMP(79)"/><imc instruction="CONST(-8)"/></imc></stmt><stmt><imc instruction="MOVE"><imc instruction="TEMP(80)"/><imc instruction="BINOP(ADD)"><imc instruction="TEMP(78)"/><imc instruction="TEMP(79)"/></imc></imc></stmt><stmt><imc instruction="MOVE"><imc instruction="TEMP(81)"/><imc instruction="CONST(1)"/></imc></stmt><stmt><imc instruction="MOVE"><imc instruction="MEM"><imc instruction="TEMP(80)"/></imc><imc instruction="TEMP(81)"/></imc></stmt><stmt><imc instruction="MOVE"><imc instruction="TEMP(82)"/><imc instruction="TEMP(10)"/></imc></stmt><stmt><imc instruction="MOVE"><imc instruction="TEMP(83)"/><imc instruction="CONST(-24)"/></imc></stmt><stmt><imc instruction="MOVE"><imc instruction="TEMP(84)"/><imc instruction="BINOP(ADD)"><imc instruction="TEMP(82)"/><imc instruction="TEMP(83)"/></imc></imc></stmt><stmt><imc instruction="MOVE"><imc instruction="TEMP(85)"/><imc instruction="CONST(48)"/></imc></stmt><stmt><imc instruction="MOVE"><imc instruction="MEM"><imc instruction="TEMP(84)"/></imc><imc instruction="TEMP(85)"/></imc></stmt><stmt><imc instruction="ESTMT"><imc instruction="CONST(0)"/></imc></stmt><stmt><imc instruction="JUMP(L23)"/></stmt><stmt><imc instruction="LABEL(L22)"/></stmt><stmt><imc instruction="MOVE"><imc instruction="TEMP(86)"/><imc instruction="TEMP(10)"/></imc></stmt><stmt><imc instruction="MOVE"><imc instruction="TEMP(87)"/><imc instruction="CONST(-24)"/></imc></stmt><stmt><imc instruction="MOVE"><imc instruction="TEMP(88)"/><imc instruction="MEM"><imc instruction="BINOP(ADD)"><imc instruction="TEMP(86)"/><imc instruction="TEMP(87)"/></imc></imc></imc></stmt><stmt><imc instruction="MOVE"><imc instruction="TEMP(89)"/><imc instruction="CONST(45)"/></imc></stmt><stmt><imc instruction="CJUMP(L18,L75)"><imc instruction="BINOP(EQU)"><imc instruction="TEMP(88)"/><imc instruction="TEMP(89)"/></imc></imc></stmt><stmt><imc instruction="LABEL(L75)"/></stmt><stmt><imc instruction="MOVE"><imc instruction="TEMP(98)"/><imc instruction="TEMP(10)"/></imc></stmt><stmt><imc instruction="MOVE"><imc instruction="TEMP(99)"/><imc instruction="CONST(-24)"/></imc></stmt><stmt><imc instruction="MOVE"><imc instruction="TEMP(100)"/><imc instruction="MEM"><imc instruction="BINOP(ADD)"><imc instruction="TEMP(98)"/><imc instruction="TEMP(99)"/></imc></imc></imc></stmt><stmt><imc instruction="MOVE"><imc instruction="TEMP(101)"/><imc instruction="CONST(48)"/></imc></stmt><stmt><imc instruction="MOVE"><imc instruction="TEMP(102)"/><imc instruction="BINOP(LTH)"><imc instruction="TEMP(100)"/><imc instruction="TEMP(101)"/></imc></imc></stmt><stmt><imc instruction="MOVE"><imc instruction="TEMP(103)"/><imc instruction="TEMP(10)"/></imc></stmt><stmt><imc instruction="MOVE"><imc instruction="TEMP(104)"/><imc instruction="CONST(-24)"/></imc></stmt><stmt><imc instruction="MOVE"><imc instruction="TEMP(105)"/><imc instruction="MEM"><imc instruction="BINOP(ADD)"><imc instruction="TEMP(103)"/><imc instruction="TEMP(104)"/></imc></imc></imc></stmt><stmt><imc instruction="MOVE"><imc instruction="TEMP(106)"/><imc instruction="CONST(57)"/></imc></stmt><stmt><imc instruction="MOVE"><imc instruction="TEMP(107)"/><imc instruction="BINOP(GTH)"><imc instruction="TEMP(105)"/><imc instruction="TEMP(106)"/></imc></imc></stmt><stmt><imc instruction="CJUMP(L15,L76)"><imc instruction="BINOP(OR)"><imc instruction="TEMP(102)"/><imc instruction="TEMP(107)"/></imc></imc></stmt><stmt><imc instruction="LABEL(L76)"/></stmt><stmt><imc instruction="ESTMT"><imc instruction="CONST(0)"/></imc></stmt><stmt><imc instruction="JUMP(L17)"/></stmt><stmt><imc instruction="LABEL(L18)"/></stmt><stmt><imc instruction="MOVE"><imc instruction="TEMP(90)"/><imc instruction="TEMP(10)"/></imc></stmt><stmt><imc instruction="MOVE"><imc instruction="TEMP(91)"/><imc instruction="CONST(-8)"/></imc></stmt><stmt><imc instruction="MOVE"><imc instruction="TEMP(92)"/><imc instruction="BINOP(ADD)"><imc instruction="TEMP(90)"/><imc instruction="TEMP(91)"/></imc></imc></stmt><stmt><imc instruction="MOVE"><imc instruction="TEMP(93)"/><imc instruction="UNOP(NEG)"><imc instruction="CONST(1)"/></imc></imc></stmt><stmt><imc instruction="MOVE"><imc instruction="MEM"><imc instruction="TEMP(92)"/></imc><imc instruction="TEMP(93)"/></imc></stmt><stmt><imc instruction="MOVE"><imc instruction="TEMP(94)"/><imc instruction="TEMP(10)"/></imc></stmt><stmt><imc instruction="MOVE"><imc instruction="TEMP(95)"/><imc instruction="CONST(-24)"/></imc></stmt><stmt><imc instruction="MOVE"><imc instruction="TEMP(96)"/><imc instruction="BINOP(ADD)"><imc instruction="TEMP(94)"/><imc instruction="TEMP(95)"/></imc></imc></stmt><stmt><imc instruction="MOVE"><imc instruction="TEMP(97)"/><imc instruction="CONST(48)"/></imc></stmt><stmt><imc instruction="MOVE"><imc instruction="MEM"><imc instruction="TEMP(96)"/></imc><imc instruction="TEMP(97)"/></imc></stmt><stmt><imc instruction="ESTMT"><imc instruction="CONST(0)"/></imc></stmt><stmt><imc instruction="JUMP(L20)"/></stmt><stmt><imc instruction="LABEL(L19)"/></stmt><stmt><imc instruction="MOVE"><imc instruction="TEMP(98)"/><imc instruction="TEMP(10)"/></imc></stmt><stmt><imc instruction="MOVE"><imc instruction="TEMP(99)"/><imc instruction="CONST(-24)"/></imc></stmt><stmt><imc instruction="MOVE"><imc instruction="TEMP(100)"/><imc instruction="MEM"><imc instruction="BINOP(ADD)"><imc instruction="TEMP(98)"/><imc instruction="TEMP(99)"/></imc></imc></imc></stmt><stmt><imc instruction="MOVE"><imc instruction="TEMP(101)"/><imc instruction="CONST(48)"/></imc></stmt><stmt><imc instruction="MOVE"><imc instruction="TEMP(102)"/><imc instruction="BINOP(LTH)"><imc instruction="TEMP(100)"/><imc instruction="TEMP(101)"/></imc></imc></stmt><stmt><imc instruction="MOVE"><imc instruction="TEMP(103)"/><imc instruction="TEMP(10)"/></imc></stmt><stmt><imc instruction="MOVE"><imc instruction="TEMP(104)"/><imc instruction="CONST(-24)"/></imc></stmt><stmt><imc instruction="MOVE"><imc instruction="TEMP(105)"/><imc instruction="MEM"><imc instruction="BINOP(ADD)"><imc instruction="TEMP(103)"/><imc instruction="TEMP(104)"/></imc></imc></imc></stmt><stmt><imc instruction="MOVE"><imc instruction="TEMP(106)"/><imc instruction="CONST(57)"/></imc></stmt><stmt><imc instruction="MOVE"><imc instruction="TEMP(107)"/><imc instruction="BINOP(GTH)"><imc instruction="TEMP(105)"/><imc instruction="TEMP(106)"/></imc></imc></stmt><stmt><imc instruction="CJUMP(L15,L77)"><imc instruction="BINOP(OR)"><imc instruction="TEMP(102)"/><imc instruction="TEMP(107)"/></imc></imc></stmt><stmt><imc instruction="LABEL(L77)"/></stmt><stmt><imc instruction="ESTMT"><imc instruction="CONST(0)"/></imc></stmt><stmt><imc instruction="JUMP(L17)"/></stmt><stmt><imc instruction="LABEL(L15)"/></stmt><stmt><imc instruction="ESTMT"><imc instruction="CALL(_exit)"><imc instruction="MEM"><imc instruction="TEMP(10)"/></imc></imc></imc></stmt><stmt><imc instruction="JUMP(L17)"/></stmt><stmt><imc instruction="LABEL(L16)"/></stmt><stmt><imc instruction="ESTMT"><imc instruction="CONST(0)"/></imc></stmt><stmt><imc instruction="JUMP(L17)"/></stmt><stmt><imc instruction="LABEL(L17)"/></stmt><stmt><imc instruction="JUMP(L20)"/></stmt><stmt><imc instruction="LABEL(L20)"/></stmt><stmt><imc instruction="JUMP(L23)"/></stmt><stmt><imc instruction="LABEL(L23)"/></stmt><stmt><imc instruction="JUMP(L24)"/></stmt><stmt><imc instruction="LABEL(L24)"/></stmt><stmt><imc instruction="MOVE"><imc instruction="TEMP(108)"/><imc instruction="CONST(48)"/></imc></stmt><stmt><imc instruction="MOVE"><imc instruction="TEMP(109)"/><imc instruction="TEMP(10)"/></imc></stmt><stmt><imc instruction="MOVE"><imc instruction="TEMP(110)"/><imc instruction="CONST(-24)"/></imc></stmt><stmt><imc instruction="MOVE"><imc instruction="TEMP(111)"/><imc instruction="MEM"><imc instruction="BINOP(ADD)"><imc instruction="TEMP(109)"/><imc instruction="TEMP(110)"/></imc></imc></imc></stmt><stmt><imc instruction="MOVE"><imc instruction="TEMP(112)"/><imc instruction="BINOP(LEQ)"><imc instruction="TEMP(108)"/><imc instruction="TEMP(111)"/></imc></imc></stmt><stmt><imc instruction="MOVE"><imc instruction="TEMP(113)"/><imc instruction="TEMP(10)"/></imc></stmt><stmt><imc instruction="MOVE"><imc instruction="TEMP(114)"/><imc instruction="CONST(-24)"/></imc></stmt><stmt><imc instruction="MOVE"><imc instruction="TEMP(115)"/><imc instruction="MEM"><imc instruction="BINOP(ADD)"><imc instruction="TEMP(113)"/><imc instruction="TEMP(114)"/></imc></imc></imc></stmt><stmt><imc instruction="MOVE"><imc instruction="TEMP(116)"/><imc instruction="CONST(57)"/></imc></stmt><stmt><imc instruction="MOVE"><imc instruction="TEMP(117)"/><imc instruction="BINOP(LEQ)"><imc instruction="TEMP(115)"/><imc instruction="TEMP(116)"/></imc></imc></stmt><stmt><imc instruction="CJUMP(L25,L78)"><imc instruction="BINOP(AND)"><imc instruction="TEMP(112)"/><imc instruction="TEMP(117)"/></imc></imc></stmt><stmt><imc instruction="LABEL(L78)"/></stmt><stmt><imc instruction="MOVE"><imc instruction="TEMP(138)"/><imc instruction="TEMP(10)"/></imc></stmt><stmt><imc instruction="MOVE"><imc instruction="TEMP(139)"/><imc instruction="CONST(-24)"/></imc></stmt><stmt><imc instruction="MOVE"><imc instruction="TEMP(140)"/><imc instruction="MEM"><imc instruction="BINOP(ADD)"><imc instruction="TEMP(138)"/><imc instruction="TEMP(139)"/></imc></imc></imc></stmt><stmt><imc instruction="MOVE"><imc instruction="TEMP(141)"/><imc instruction="CONST(10)"/></imc></stmt><stmt><imc instruction="MOVE"><imc instruction="TEMP(142)"/><imc instruction="CONST(256)"/></imc></stmt><stmt><imc instruction="MOVE"><imc instruction="TEMP(143)"/><imc instruction="BINOP(MOD)"><imc instruction="TEMP(141)"/><imc instruction="TEMP(142)"/></imc></imc></stmt><stmt><imc instruction="CJUMP(L27,L79)"><imc instruction="BINOP(NEQ)"><imc instruction="TEMP(140)"/><imc instruction="TEMP(143)"/></imc></imc></stmt><stmt><imc instruction="LABEL(L79)"/></stmt><stmt><imc instruction="ESTMT"><imc instruction="CONST(0)"/></imc></stmt><stmt><imc instruction="JUMP(L29)"/></stmt><stmt><imc instruction="LABEL(L25)"/></stmt><stmt><imc instruction="MOVE"><imc instruction="TEMP(118)"/><imc instruction="TEMP(10)"/></imc></stmt><stmt><imc instruction="MOVE"><imc instruction="TEMP(119)"/><imc instruction="CONST(-16)"/></imc></stmt><stmt><imc instruction="MOVE"><imc instruction="TEMP(120)"/><imc instruction="BINOP(ADD)"><imc instruction="TEMP(118)"/><imc instruction="TEMP(119)"/></imc></imc></stmt><stmt><imc instruction="MOVE"><imc instruction="TEMP(121)"/><imc instruction="TEMP(10)"/></imc></stmt><stmt><imc instruction="MOVE"><imc instruction="TEMP(122)"/><imc instruction="CONST(-16)"/></imc></stmt><stmt><imc instruction="MOVE"><imc instruction="TEMP(123)"/><imc instruction="MEM"><imc instruction="BINOP(ADD)"><imc instruction="TEMP(121)"/><imc instruction="TEMP(122)"/></imc></imc></imc></stmt><stmt><imc instruction="MOVE"><imc instruction="TEMP(124)"/><imc instruction="CONST(10)"/></imc></stmt><stmt><imc instruction="MOVE"><imc instruction="TEMP(125)"/><imc instruction="BINOP(MUL)"><imc instruction="TEMP(123)"/><imc instruction="TEMP(124)"/></imc></imc></stmt><stmt><imc instruction="MOVE"><imc instruction="TEMP(126)"/><imc instruction="TEMP(10)"/></imc></stmt><stmt><imc instruction="MOVE"><imc instruction="TEMP(127)"/><imc instruction="CONST(-24)"/></imc></stmt><stmt><imc instruction="MOVE"><imc instruction="TEMP(128)"/><imc instruction="MEM"><imc instruction="BINOP(ADD)"><imc instruction="TEMP(126)"/><imc instruction="TEMP(127)"/></imc></imc></imc></stmt><stmt><imc instruction="MOVE"><imc instruction="TEMP(129)"/><imc instruction="CONST(48)"/></imc></stmt><stmt><imc instruction="MOVE"><imc instruction="TEMP(130)"/><imc instruction="BINOP(SUB)"><imc instruction="TEMP(128)"/><imc instruction="TEMP(129)"/></imc></imc></stmt><stmt><imc instruction="MOVE"><imc instruction="TEMP(131)"/><imc instruction="BINOP(ADD)"><imc instruction="TEMP(125)"/><imc instruction="TEMP(130)"/></imc></imc></stmt><stmt><imc instruction="MOVE"><imc instruction="MEM"><imc instruction="TEMP(120)"/></imc><imc instruction="TEMP(131)"/></imc></stmt><stmt><imc instruction="MOVE"><imc instruction="TEMP(132)"/><imc instruction="TEMP(10)"/></imc></stmt><stmt><imc instruction="MOVE"><imc instruction="TEMP(133)"/><imc instruction="CONST(-24)"/></imc></stmt><stmt><imc instruction="MOVE"><imc instruction="TEMP(134)"/><imc instruction="BINOP(ADD)"><imc instruction="TEMP(132)"/><imc instruction="TEMP(133)"/></imc></imc></stmt><stmt><imc instruction="MOVE"><imc instruction="TEMP(135)"/><imc instruction="MEM"><imc instruction="TEMP(10)"/></imc></imc></stmt><stmt><imc instruction="MOVE"><imc instruction="TEMP(136)"/><imc instruction="CALL(_getChar)"><imc instruction="TEMP(135)"/></imc></imc></stmt><stmt><imc instruction="MOVE"><imc instruction="TEMP(137)"/><imc instruction="TEMP(136)"/></imc></stmt><stmt><imc instruction="MOVE"><imc instruction="MEM"><imc instruction="TEMP(134)"/></imc><imc instruction="TEMP(137)"/></imc></stmt><stmt><imc instruction="ESTMT"><imc instruction="CONST(0)"/></imc></stmt><stmt><imc instruction="JUMP(L24)"/></stmt><stmt><imc instruction="LABEL(L26)"/></stmt><stmt><imc instruction="MOVE"><imc instruction="TEMP(138)"/><imc instruction="TEMP(10)"/></imc></stmt><stmt><imc instruction="MOVE"><imc instruction="TEMP(139)"/><imc instruction="CONST(-24)"/></imc></stmt><stmt><imc instruction="MOVE"><imc instruction="TEMP(140)"/><imc instruction="MEM"><imc instruction="BINOP(ADD)"><imc instruction="TEMP(138)"/><imc instruction="TEMP(139)"/></imc></imc></imc></stmt><stmt><imc instruction="MOVE"><imc instruction="TEMP(141)"/><imc instruction="CONST(10)"/></imc></stmt><stmt><imc instruction="MOVE"><imc instruction="TEMP(142)"/><imc instruction="CONST(256)"/></imc></stmt><stmt><imc instruction="MOVE"><imc instruction="TEMP(143)"/><imc instruction="BINOP(MOD)"><imc instruction="TEMP(141)"/><imc instruction="TEMP(142)"/></imc></imc></stmt><stmt><imc instruction="CJUMP(L27,L80)"><imc instruction="BINOP(NEQ)"><imc instruction="TEMP(140)"/><imc instruction="TEMP(143)"/></imc></imc></stmt><stmt><imc instruction="LABEL(L80)"/></stmt><stmt><imc instruction="ESTMT"><imc instruction="CONST(0)"/></imc></stmt><stmt><imc instruction="JUMP(L29)"/></stmt><stmt><imc instruction="LABEL(L27)"/></stmt><stmt><imc instruction="ESTMT"><imc instruction="CALL(_exit)"><imc instruction="MEM"><imc instruction="TEMP(10)"/></imc></imc></imc></stmt><stmt><imc instruction="JUMP(L29)"/></stmt><stmt><imc instruction="LABEL(L28)"/></stmt><stmt><imc instruction="ESTMT"><imc instruction="CONST(0)"/></imc></stmt><stmt><imc instruction="JUMP(L29)"/></stmt><stmt><imc instruction="LABEL(L29)"/></stmt><stmt><imc instruction="MOVE"><imc instruction="TEMP(144)"/><imc instruction="TEMP(10)"/></imc></stmt><stmt><imc instruction="MOVE"><imc instruction="TEMP(145)"/><imc instruction="CONST(-8)"/></imc></stmt><stmt><imc instruction="MOVE"><imc instruction="TEMP(146)"/><imc instruction="MEM"><imc instruction="BINOP(ADD)"><imc instruction="TEMP(144)"/><imc instruction="TEMP(145)"/></imc></imc></imc></stmt><stmt><imc instruction="MOVE"><imc instruction="TEMP(147)"/><imc instruction="TEMP(10)"/></imc></stmt><stmt><imc instruction="MOVE"><imc instruction="TEMP(148)"/><imc instruction="CONST(-16)"/></imc></stmt><stmt><imc instruction="MOVE"><imc instruction="TEMP(149)"/><imc instruction="MEM"><imc instruction="BINOP(ADD)"><imc instruction="TEMP(147)"/><imc instruction="TEMP(148)"/></imc></imc></imc></stmt><stmt><imc instruction="MOVE"><imc instruction="TEMP(150)"/><imc instruction="BINOP(MUL)"><imc instruction="TEMP(146)"/><imc instruction="TEMP(149)"/></imc></imc></stmt><stmt><imc instruction="MOVE"><imc instruction="TEMP(11)"/><imc instruction="TEMP(150)"/></imc></stmt><stmt><imc instruction="JUMP(L71)"/></stmt></codechunk><codechunk entrylabel="L81" exitlabel="L82"><frame FP="T12" RV="T13" argssize="16" depth="0" label="_putString" locssize="8" size="40"/><stmt><imc instruction="LABEL(L81)"/></stmt><stmt><imc instruction="MOVE"><imc instruction="TEMP(151)"/><imc instruction="TEMP(12)"/></imc></stmt><stmt><imc instruction="MOVE"><imc instruction="TEMP(152)"/><imc instruction="CONST(-8)"/></imc></stmt><stmt><imc instruction="MOVE"><imc instruction="TEMP(153)"/><imc instruction="BINOP(ADD)"><imc instruction="TEMP(151)"/><imc instruction="TEMP(152)"/></imc></imc></stmt><stmt><imc instruction="MOVE"><imc instruction="TEMP(154)"/><imc instruction="CONST(0)"/></imc></stmt><stmt><imc instruction="MOVE"><imc instruction="MEM"><imc instruction="TEMP(153)"/></imc><imc instruction="TEMP(154)"/></imc></stmt><stmt><imc instruction="JUMP(L30)"/></stmt><stmt><imc instruction="LABEL(L30)"/></stmt><stmt><imc instruction="MOVE"><imc instruction="TEMP(155)"/><imc instruction="TEMP(12)"/></imc></stmt><stmt><imc instruction="MOVE"><imc instruction="TEMP(156)"/><imc instruction="CONST(8)"/></imc></stmt><stmt><imc instruction="MOVE"><imc instruction="TEMP(157)"/><imc instruction="MEM"><imc instruction="BINOP(ADD)"><imc instruction="TEMP(155)"/><imc instruction="TEMP(156)"/></imc></imc></imc></stmt><stmt><imc instruction="MOVE"><imc instruction="TEMP(158)"/><imc instruction="TEMP(12)"/></imc></stmt><stmt><imc instruction="MOVE"><imc instruction="TEMP(159)"/><imc instruction="CONST(-8)"/></imc></stmt><stmt><imc instruction="MOVE"><imc instruction="TEMP(160)"/><imc instruction="MEM"><imc instruction="BINOP(ADD)"><imc instruction="TEMP(158)"/><imc instruction="TEMP(159)"/></imc></imc></imc></stmt><stmt><imc instruction="MOVE"><imc instruction="TEMP(161)"/><imc instruction="CONST(8)"/></imc></stmt><stmt><imc instruction="MOVE"><imc instruction="TEMP(162)"/><imc instruction="BINOP(MUL)"><imc instruction="TEMP(160)"/><imc instruction="TEMP(161)"/></imc></imc></stmt><stmt><imc instruction="MOVE"><imc instruction="TEMP(163)"/><imc instruction="MEM"><imc instruction="BINOP(ADD)"><imc instruction="TEMP(157)"/><imc instruction="TEMP(162)"/></imc></imc></imc></stmt><stmt><imc instruction="MOVE"><imc instruction="TEMP(164)"/><imc instruction="CONST(0)"/></imc></stmt><stmt><imc instruction="MOVE"><imc instruction="TEMP(165)"/><imc instruction="CONST(256)"/></imc></stmt><stmt><imc instruction="MOVE"><imc instruction="TEMP(166)"/><imc instruction="BINOP(MOD)"><imc instruction="TEMP(164)"/><imc instruction="TEMP(165)"/></imc></imc></stmt><stmt><imc instruction="CJUMP(L31,L83)"><imc instruction="BINOP(NEQ)"><imc instruction="TEMP(163)"/><imc instruction="TEMP(166)"/></imc></imc></stmt><stmt><imc instruction="LABEL(L83)"/></stmt><stmt><imc instruction="MOVE"><imc instruction="TEMP(183)"/><imc instruction="CONST(0)"/></imc></stmt><stmt><imc instruction="MOVE"><imc instruction="TEMP(13)"/><imc instruction="TEMP(183)"/></imc></stmt><stmt><imc instruction="JUMP(L82)"/></stmt><stmt><imc instruction="LABEL(L31)"/></stmt><stmt><imc instruction="MOVE"><imc instruction="TEMP(167)"/><imc instruction="TEMP(12)"/></imc></stmt><stmt><imc instruction="MOVE"><imc instruction="TEMP(168)"/><imc instruction="CONST(8)"/></imc></stmt><stmt><imc instruction="MOVE"><imc instruction="TEMP(169)"/><imc instruction="MEM"><imc instruction="BINOP(ADD)"><imc instruction="TEMP(167)"/><imc instruction="TEMP(168)"/></imc></imc></imc></stmt><stmt><imc instruction="MOVE"><imc instruction="TEMP(170)"/><imc instruction="TEMP(12)"/></imc></stmt><stmt><imc instruction="MOVE"><imc instruction="TEMP(171)"/><imc instruction="CONST(-8)"/></imc></stmt><stmt><imc instruction="MOVE"><imc instruction="TEMP(172)"/><imc instruction="MEM"><imc instruction="BINOP(ADD)"><imc instruction="TEMP(170)"/><imc instruction="TEMP(171)"/></imc></imc></imc></stmt><stmt><imc instruction="MOVE"><imc instruction="TEMP(173)"/><imc instruction="CONST(8)"/></imc></stmt><stmt><imc instruction="MOVE"><imc instruction="TEMP(174)"/><imc instruction="BINOP(MUL)"><imc instruction="TEMP(172)"/><imc instruction="TEMP(173)"/></imc></imc></stmt><stmt><imc instruction="ESTMT"><imc instruction="CALL(_putChar)"><imc instruction="MEM"><imc instruction="TEMP(12)"/></imc><imc instruction="MEM"><imc instruction="BINOP(ADD)"><imc instruction="TEMP(169)"/><imc instruction="TEMP(174)"/></imc></imc></imc></imc></stmt><stmt><imc instruction="MOVE"><imc instruction="TEMP(175)"/><imc instruction="TEMP(12)"/></imc></stmt><stmt><imc instruction="MOVE"><imc instruction="TEMP(176)"/><imc instruction="CONST(-8)"/></imc></stmt><stmt><imc instruction="MOVE"><imc instruction="TEMP(177)"/><imc instruction="BINOP(ADD)"><imc instruction="TEMP(175)"/><imc instruction="TEMP(176)"/></imc></imc></stmt><stmt><imc instruction="MOVE"><imc instruction="TEMP(178)"/><imc instruction="TEMP(12)"/></imc></stmt><stmt><imc instruction="MOVE"><imc instruction="TEMP(179)"/><imc instruction="CONST(-8)"/></imc></stmt><stmt><imc instruction="MOVE"><imc instruction="TEMP(180)"/><imc instruction="MEM"><imc instruction="BINOP(ADD)"><imc instruction="TEMP(178)"/><imc instruction="TEMP(179)"/></imc></imc></imc></stmt><stmt><imc instruction="MOVE"><imc instruction="TEMP(181)"/><imc instruction="CONST(1)"/></imc></stmt><stmt><imc instruction="MOVE"><imc instruction="TEMP(182)"/><imc instruction="BINOP(ADD)"><imc instruction="TEMP(180)"/><imc instruction="TEMP(181)"/></imc></imc></stmt><stmt><imc instruction="MOVE"><imc instruction="MEM"><imc instruction="TEMP(177)"/></imc><imc instruction="TEMP(182)"/></imc></stmt><stmt><imc instruction="ESTMT"><imc instruction="CONST(0)"/></imc></stmt><stmt><imc instruction="JUMP(L30)"/></stmt><stmt><imc instruction="LABEL(L32)"/></stmt><stmt><imc instruction="MOVE"><imc instruction="TEMP(183)"/><imc instruction="CONST(0)"/></imc></stmt><stmt><imc instruction="MOVE"><imc instruction="TEMP(13)"/><imc instruction="TEMP(183)"/></imc></stmt><stmt><imc instruction="JUMP(L82)"/></stmt></codechunk><codechunk entrylabel="L84" exitlabel="L85"><frame FP="T14" RV="T15" argssize="16" depth="1" label="L5" locssize="48" size="80"/><stmt><imc instruction="LABEL(L84)"/></stmt><stmt><imc instruction="MOVE"><imc instruction="TEMP(184)"/><imc instruction="TEMP(14)"/></imc></stmt><stmt><imc instruction="MOVE"><imc instruction="TEMP(185)"/><imc instruction="CONST(8)"/></imc></stmt><stmt><imc instruction="MOVE"><imc instruction="TEMP(186)"/><imc instruction="MEM"><imc instruction="BINOP(ADD)"><imc instruction="TEMP(184)"/><imc instruction="TEMP(185)"/></imc></imc></imc></stmt><stmt><imc instruction="MOVE"><imc instruction="TEMP(187)"/><imc instruction="MEM"><imc instruction="TEMP(14)"/></imc></imc></stmt><stmt><imc instruction="MOVE"><imc instruction="TEMP(188)"/><imc instruction="CONST(-8)"/></imc></stmt><stmt><imc instruction="MOVE"><imc instruction="TEMP(189)"/><imc instruction="MEM"><imc instruction="BINOP(ADD)"><imc instruction="TEMP(187)"/><imc instruction="TEMP(188)"/></imc></imc></imc></stmt><stmt><imc instruction="CJUMP(L54,L86)"><imc instruction="BINOP(EQU)"><imc instruction="TEMP(186)"/><imc instruction="TEMP(189)"/></imc></imc></stmt><stmt><imc instruction="LABEL(L86)"/></stmt><stmt><imc instruction="MOVE"><imc instruction="TEMP(258)"/><imc instruction="TEMP(14)"/></imc></stmt><stmt><imc instruction="MOVE"><imc instruction="TEMP(259)"/><imc instruction="CONST(-48)"/></imc></stmt><stmt><imc instruction="MOVE"><imc instruction="TEMP(260)"/><imc instruction="BINOP(ADD)"><imc instruction="TEMP(258)"/><imc instruction="TEMP(259)"/></imc></imc></stmt><stmt><imc instruction="MOVE"><imc instruction="TEMP(261)"/><imc instruction="CONST(0)"/></imc></stmt><stmt><imc instruction="MOVE"><imc instruction="MEM"><imc instruction="TEMP(260)"/></imc><imc instruction="TEMP(261)"/></imc></stmt><stmt><imc instruction="MOVE"><imc instruction="TEMP(262)"/><imc instruction="TEMP(14)"/></imc></stmt><stmt><imc instruction="MOVE"><imc instruction="TEMP(263)"/><imc instruction="CONST(-32)"/></imc></stmt><stmt><imc instruction="MOVE"><imc instruction="TEMP(264)"/><imc instruction="BINOP(ADD)"><imc instruction="TEMP(262)"/><imc instruction="TEMP(263)"/></imc></imc></stmt><stmt><imc instruction="MOVE"><imc instruction="TEMP(265)"/><imc instruction="CONST(0)"/></imc></stmt><stmt><imc instruction="MOVE"><imc instruction="MEM"><imc instruction="TEMP(264)"/></imc><imc instruction="TEMP(265)"/></imc></stmt><stmt><imc instruction="JUMP(L51)"/></stmt><stmt><imc instruction="LABEL(L54)"/></stmt><stmt><imc instruction="ESTMT"><imc instruction="CALL(_putString)"><imc instruction="MEM"><imc instruction="MEM"><imc instruction="TEMP(14)"/></imc></imc><imc instruction="NAME(L4)"/></imc></imc></stmt><stmt><imc instruction="MOVE"><imc instruction="TEMP(190)"/><imc instruction="CONST(10)"/></imc></stmt><stmt><imc instruction="MOVE"><imc instruction="TEMP(191)"/><imc instruction="CONST(256)"/></imc></stmt><stmt><imc instruction="ESTMT"><imc instruction="CALL(_putChar)"><imc instruction="MEM"><imc instruction="MEM"><imc instruction="TEMP(14)"/></imc></imc><imc instruction="BINOP(MOD)"><imc instruction="TEMP(190)"/><imc instruction="TEMP(191)"/></imc></imc></imc></stmt><stmt><imc instruction="MOVE"><imc instruction="TEMP(192)"/><imc instruction="TEMP(14)"/></imc></stmt><stmt><imc instruction="MOVE"><imc instruction="TEMP(193)"/><imc instruction="CONST(-32)"/></imc></stmt><stmt><imc instruction="MOVE"><imc instruction="TEMP(194)"/><imc instruction="BINOP(ADD)"><imc instruction="TEMP(192)"/><imc instruction="TEMP(193)"/></imc></imc></stmt><stmt><imc instruction="MOVE"><imc instruction="TEMP(195)"/><imc instruction="CONST(0)"/></imc></stmt><stmt><imc instruction="MOVE"><imc instruction="MEM"><imc instruction="TEMP(194)"/></imc><imc instruction="TEMP(195)"/></imc></stmt><stmt><imc instruction="JUMP(L42)"/></stmt><stmt><imc instruction="LABEL(L42)"/></stmt><stmt><imc instruction="MOVE"><imc instruction="TEMP(196)"/><imc instruction="TEMP(14)"/></imc></stmt><stmt><imc instruction="MOVE"><imc instruction="TEMP(197)"/><imc instruction="CONST(-32)"/></imc></stmt><stmt><imc instruction="MOVE"><imc instruction="TEMP(198)"/><imc instruction="MEM"><imc instruction="BINOP(ADD)"><imc instruction="TEMP(196)"/><imc instruction="TEMP(197)"/></imc></imc></imc></stmt><stmt><imc instruction="MOVE"><imc instruction="TEMP(199)"/><imc instruction="MEM"><imc instruction="TEMP(14)"/></imc></imc></stmt><stmt><imc instruction="MOVE"><imc instruction="TEMP(200)"/><imc instruction="CONST(-8)"/></imc></stmt><stmt><imc instruction="MOVE"><imc instruction="TEMP(201)"/><imc instruction="MEM"><imc instruction="BINOP(ADD)"><imc instruction="TEMP(199)"/><imc instruction="TEMP(200)"/></imc></imc></imc></stmt><stmt><imc instruction="CJUMP(L43,L87)"><imc instruction="BINOP(LTH)"><imc instruction="TEMP(198)"/><imc instruction="TEMP(201)"/></imc></imc></stmt><stmt><imc instruction="LABEL(L87)"/></stmt><stmt><imc instruction="MOVE"><imc instruction="TEMP(252)"/><imc instruction="CONST(10)"/></imc></stmt><stmt><imc instruction="MOVE"><imc instruction="TEMP(253)"/><imc instruction="CONST(256)"/></imc></stmt><stmt><imc instruction="ESTMT"><imc instruction="CALL(_putChar)"><imc instruction="MEM"><imc instruction="MEM"><imc instruction="TEMP(14)"/></imc></imc><imc instruction="BINOP(MOD)"><imc instruction="TEMP(252)"/><imc instruction="TEMP(253)"/></imc></imc></imc></stmt><stmt><imc instruction="MOVE"><imc instruction="TEMP(254)"/><imc instruction="TEMP(14)"/></imc></stmt><stmt><imc instruction="MOVE"><imc instruction="TEMP(255)"/><imc instruction="CONST(-48)"/></imc></stmt><stmt><imc instruction="MOVE"><imc instruction="TEMP(256)"/><imc instruction="BINOP(ADD)"><imc instruction="TEMP(254)"/><imc instruction="TEMP(255)"/></imc></imc></stmt><stmt><imc instruction="MOVE"><imc instruction="TEMP(257)"/><imc instruction="CONST(1)"/></imc></stmt><stmt><imc instruction="MOVE"><imc instruction="MEM"><imc instruction="TEMP(256)"/></imc><imc instruction="TEMP(257)"/></imc></stmt><stmt><imc instruction="ESTMT"><imc instruction="CONST(0)"/></imc></stmt><stmt><imc instruction="JUMP(L56)"/></stmt><stmt><imc instruction="LABEL(L43)"/></stmt><stmt><imc instruction="MOVE"><imc instruction="TEMP(202)"/><imc instruction="TEMP(14)"/></imc></stmt><stmt><imc instruction="MOVE"><imc instruction="TEMP(203)"/><imc instruction="CONST(8)"/></imc></stmt><stmt><imc instruction="MOVE"><imc instruction="TEMP(204)"/><imc instruction="BINOP(ADD)"><imc instruction="TEMP(202)"/><imc instruction="TEMP(203)"/></imc></imc></stmt><stmt><imc instruction="MOVE"><imc instruction="TEMP(205)"/><imc instruction="CONST(0)"/></imc></stmt><stmt><imc instruction="MOVE"><imc instruction="MEM"><imc instruction="TEMP(204)"/></imc><imc instruction="TEMP(205)"/></imc></stmt><stmt><imc instruction="JUMP(L39)"/></stmt><stmt><imc instruction="LABEL(L39)"/></stmt><stmt><imc instruction="MOVE"><imc instruction="TEMP(206)"/><imc instruction="TEMP(14)"/></imc></stmt><stmt><imc instruction="MOVE"><imc instruction="TEMP(207)"/><imc instruction="CONST(8)"/></imc></stmt><stmt><imc instruction="MOVE"><imc instruction="TEMP(208)"/><imc instruction="MEM"><imc instruction="BINOP(ADD)"><imc instruction="TEMP(206)"/><imc instruction="TEMP(207)"/></imc></imc></imc></stmt><stmt><imc instruction="MOVE"><imc instruction="TEMP(209)"/><imc instruction="MEM"><imc instruction="TEMP(14)"/></imc></imc></stmt><stmt><imc instruction="MOVE"><imc instruction="TEMP(210)"/><imc instruction="CONST(-8)"/></imc></stmt><stmt><imc instruction="MOVE"><imc instruction="TEMP(211)"/><imc instruction="MEM"><imc instruction="BINOP(ADD)"><imc instruction="TEMP(209)"/><imc instruction="TEMP(210)"/></imc></imc></imc></stmt><stmt><imc instruction="CJUMP(L40,L88)"><imc instruction="BINOP(LTH)"><imc instruction="TEMP(208)"/><imc instruction="TEMP(211)"/></imc></imc></stmt><stmt><imc instruction="LABEL(L88)"/></stmt><stmt><imc instruction="MOVE"><imc instruction="TEMP(242)"/><imc instruction="CONST(10)"/></imc></stmt><stmt><imc instruction="MOVE"><imc instruction="TEMP(243)"/><imc instruction="CONST(256)"/></imc></stmt><stmt><imc instruction="ESTMT"><imc instruction="CALL(_putChar)"><imc instruction="MEM"><imc instruction="MEM"><imc instruction="TEMP(14)"/></imc></imc><imc instruction="BINOP(MOD)"><imc instruction="TEMP(242)"/><imc instruction="TEMP(243)"/></imc></imc></imc></stmt><stmt><imc instruction="MOVE"><imc instruction="TEMP(244)"/><imc instruction="TEMP(14)"/></imc></stmt><stmt><imc instruction="MOVE"><imc instruction="TEMP(245)"/><imc instruction="CONST(-32)"/></imc></stmt><stmt><imc instruction="MOVE"><imc instruction="TEMP(246)"/><imc instruction="BINOP(ADD)"><imc instruction="TEMP(244)"/><imc instruction="TEMP(245)"/></imc></imc></stmt><stmt><imc instruction="MOVE"><imc instruction="TEMP(247)"/><imc instruction="TEMP(14)"/></imc></stmt><stmt><imc instruction="MOVE"><imc instruction="TEMP(248)"/><imc instruction="CONST(-32)"/></imc></stmt><stmt><imc instruction="MOVE"><imc instruction="TEMP(249)"/><imc instruction="MEM"><imc instruction="BINOP(ADD)"><imc instruction="TEMP(247)"/><imc instruction="TEMP(248)"/></imc></imc></imc></stmt><stmt><imc instruction="MOVE"><imc instruction="TEMP(250)"/><imc instruction="CONST(1)"/></imc></stmt><stmt><imc instruction="MOVE"><imc instruction="TEMP(251)"/><imc instruction="BINOP(ADD)"><imc instruction="TEMP(249)"/><imc instruction="TEMP(250)"/></imc></imc></stmt><stmt><imc instruction="MOVE"><imc instruction="MEM"><imc instruction="TEMP(246)"/></imc><imc instruction="TEMP(251)"/></imc></stmt><stmt><imc instruction="ESTMT"><imc instruction="CONST(0)"/></imc></stmt><stmt><imc instruction="JUMP(L42)"/></stmt><stmt><imc instruction="LABEL(L40)"/></stmt><stmt><imc instruction="MOVE"><imc instruction="TEMP(212)"/><imc instruction="MEM"><imc instruction="TEMP(14)"/></imc></imc></stmt><stmt><imc instruction="MOVE"><imc instruction="TEMP(213)"/><imc instruction="CONST(-264)"/></imc></stmt><stmt><imc instruction="MOVE"><imc instruction="TEMP(214)"/><imc instruction="BINOP(ADD)"><imc instruction="TEMP(212)"/><imc instruction="TEMP(213)"/></imc></imc></stmt><stmt><imc instruction="MOVE"><imc instruction="TEMP(215)"/><imc instruction="TEMP(14)"/></imc></stmt><stmt><imc instruction="MOVE"><imc instruction="TEMP(216)"/><imc instruction="CONST(8)"/></imc></stmt><stmt><imc instruction="MOVE"><imc instruction="TEMP(217)"/><imc instruction="MEM"><imc instruction="BINOP(ADD)"><imc instruction="TEMP(215)"/><imc instruction="TEMP(216)"/></imc></imc></imc></stmt><stmt><imc instruction="MOVE"><imc instruction="TEMP(218)"/><imc instruction="CONST(8)"/></imc></stmt><stmt><imc instruction="MOVE"><imc instruction="TEMP(219)"/><imc instruction="BINOP(MUL)"><imc instruction="TEMP(217)"/><imc instruction="TEMP(218)"/></imc></imc></stmt><stmt><imc instruction="MOVE"><imc instruction="TEMP(220)"/><imc instruction="MEM"><imc instruction="BINOP(ADD)"><imc instruction="TEMP(214)"/><imc instruction="TEMP(219)"/></imc></imc></imc></stmt><stmt><imc instruction="MOVE"><imc instruction="TEMP(221)"/><imc instruction="TEMP(14)"/></imc></stmt><stmt><imc instruction="MOVE"><imc instruction="TEMP(222)"/><imc instruction="CONST(-32)"/></imc></stmt><stmt><imc instruction="MOVE"><imc instruction="TEMP(223)"/><imc instruction="MEM"><imc instruction="BINOP(ADD)"><imc instruction="TEMP(221)"/><imc instruction="TEMP(222)"/></imc></imc></imc></stmt><stmt><imc instruction="CJUMP(L36,L89)"><imc instruction="BINOP(EQU)"><imc instruction="TEMP(220)"/><imc instruction="TEMP(223)"/></imc></imc></stmt><stmt><imc instruction="LABEL(L89)"/></stmt><stmt><imc instruction="MOVE"><imc instruction="TEMP(228)"/><imc instruction="TEMP(14)"/></imc></stmt><stmt><imc instruction="MOVE"><imc instruction="TEMP(229)"/><imc instruction="CONST(-16)"/></imc></stmt><stmt><imc instruction="MOVE"><imc instruction="TEMP(230)"/><imc instruction="BINOP(ADD)"><imc instruction="TEMP(228)"/><imc instruction="TEMP(229)"/></imc></imc></stmt><stmt><imc instruction="MOVE"><imc instruction="TEMP(231)"/><imc instruction="CONST(46)"/></imc></stmt><stmt><imc instruction="MOVE"><imc instruction="MEM"><imc instruction="TEMP(230)"/></imc><imc instruction="TEMP(231)"/></imc></stmt><stmt><imc instruction="JUMP(L38)"/></stmt><stmt><imc instruction="LABEL(L36)"/></stmt><stmt><imc instruction="MOVE"><imc instruction="TEMP(224)"/><imc instruction="TEMP(14)"/></imc></stmt><stmt><imc instruction="MOVE"><imc instruction="TEMP(225)"/><imc instruction="CONST(-16)"/></imc></stmt><stmt><imc instruction="MOVE"><imc instruction="TEMP(226)"/><imc instruction="BINOP(ADD)"><imc instruction="TEMP(224)"/><imc instruction="TEMP(225)"/></imc></imc></stmt><stmt><imc instruction="MOVE"><imc instruction="TEMP(227)"/><imc instruction="CONST(79)"/></imc></stmt><stmt><imc instruction="MOVE"><imc instruction="MEM"><imc instruction="TEMP(226)"/></imc><imc instruction="TEMP(227)"/></imc></stmt><stmt><imc instruction="JUMP(L38)"/></stmt><stmt><imc instruction="LABEL(L37)"/></stmt><stmt><imc instruction="MOVE"><imc instruction="TEMP(228)"/><imc instruction="TEMP(14)"/></imc></stmt><stmt><imc instruction="MOVE"><imc instruction="TEMP(229)"/><imc instruction="CONST(-16)"/></imc></stmt><stmt><imc instruction="MOVE"><imc instruction="TEMP(230)"/><imc instruction="BINOP(ADD)"><imc instruction="TEMP(228)"/><imc instruction="TEMP(229)"/></imc></imc></stmt><stmt><imc instruction="MOVE"><imc instruction="TEMP(231)"/><imc instruction="CONST(46)"/></imc></stmt><stmt><imc instruction="MOVE"><imc instruction="MEM"><imc instruction="TEMP(230)"/></imc><imc instruction="TEMP(231)"/></imc></stmt><stmt><imc instruction="JUMP(L38)"/></stmt><stmt><imc instruction="LABEL(L38)"/></stmt><stmt><imc instruction="MOVE"><imc instruction="TEMP(232)"/><imc instruction="TEMP(14)"/></imc></stmt><stmt><imc instruction="MOVE"><imc instruction="TEMP(233)"/><imc instruction="CONST(-16)"/></imc></stmt><stmt><imc instruction="ESTMT"><imc instruction="CALL(_putChar)"><imc instruction="MEM"><imc instruction="MEM"><imc instruction="TEMP(14)"/></imc></imc><imc instruction="MEM"><imc instruction="BINOP(ADD)"><imc instruction="TEMP(232)"/><imc instruction="TEMP(233)"/></imc></imc></imc></imc></stmt><stmt><imc instruction="MOVE"><imc instruction="TEMP(234)"/><imc instruction="TEMP(14)"/></imc></stmt><stmt><imc instruction="MOVE"><imc instruction="TEMP(235)"/><imc instruction="CONST(8)"/></imc></stmt><stmt><imc instruction="MOVE"><imc instruction="TEMP(236)"/><imc instruction="BINOP(ADD)"><imc instruction="TEMP(234)"/><imc instruction="TEMP(235)"/></imc></imc></stmt><stmt><imc instruction="MOVE"><imc instruction="TEMP(237)"/><imc instruction="TEMP(14)"/></imc></stmt><stmt><imc instruction="MOVE"><imc instruction="TEMP(238)"/><imc instruction="CONST(8)"/></imc></stmt><stmt><imc instruction="MOVE"><imc instruction="TEMP(239)"/><imc instruction="MEM"><imc instruction="BINOP(ADD)"><imc instruction="TEMP(237)"/><imc instruction="TEMP(238)"/></imc></imc></imc></stmt><stmt><imc instruction="MOVE"><imc instruction="TEMP(240)"/><imc instruction="CONST(1)"/></imc></stmt><stmt><imc instruction="MOVE"><imc instruction="TEMP(241)"/><imc instruction="BINOP(ADD)"><imc instruction="TEMP(239)"/><imc instruction="TEMP(240)"/></imc></imc></stmt><stmt><imc instruction="MOVE"><imc instruction="MEM"><imc instruction="TEMP(236)"/></imc><imc instruction="TEMP(241)"/></imc></stmt><stmt><imc instruction="ESTMT"><imc instruction="CONST(0)"/></imc></stmt><stmt><imc instruction="JUMP(L39)"/></stmt><stmt><imc instruction="LABEL(L41)"/></stmt><stmt><imc instruction="MOVE"><imc instruction="TEMP(242)"/><imc instruction="CONST(10)"/></imc></stmt><stmt><imc instruction="MOVE"><imc instruction="TEMP(243)"/><imc instruction="CONST(256)"/></imc></stmt><stmt><imc instruction="ESTMT"><imc instruction="CALL(_putChar)"><imc instruction="MEM"><imc instruction="MEM"><imc instruction="TEMP(14)"/></imc></imc><imc instruction="BINOP(MOD)"><imc instruction="TEMP(242)"/><imc instruction="TEMP(243)"/></imc></imc></imc></stmt><stmt><imc instruction="MOVE"><imc instruction="TEMP(244)"/><imc instruction="TEMP(14)"/></imc></stmt><stmt><imc instruction="MOVE"><imc instruction="TEMP(245)"/><imc instruction="CONST(-32)"/></imc></stmt><stmt><imc instruction="MOVE"><imc instruction="TEMP(246)"/><imc instruction="BINOP(ADD)"><imc instruction="TEMP(244)"/><imc instruction="TEMP(245)"/></imc></imc></stmt><stmt><imc instruction="MOVE"><imc instruction="TEMP(247)"/><imc instruction="TEMP(14)"/></imc></stmt><stmt><imc instruction="MOVE"><imc instruction="TEMP(248)"/><imc instruction="CONST(-32)"/></imc></stmt><stmt><imc instruction="MOVE"><imc instruction="TEMP(249)"/><imc instruction="MEM"><imc instruction="BINOP(ADD)"><imc instruction="TEMP(247)"/><imc instruction="TEMP(248)"/></imc></imc></imc></stmt><stmt><imc instruction="MOVE"><imc instruction="TEMP(250)"/><imc instruction="CONST(1)"/></imc></stmt><stmt><imc instruction="MOVE"><imc instruction="TEMP(251)"/><imc instruction="BINOP(ADD)"><imc instruction="TEMP(249)"/><imc instruction="TEMP(250)"/></imc></imc></stmt><stmt><imc instruction="MOVE"><imc instruction="MEM"><imc instruction="TEMP(246)"/></imc><imc instruction="TEMP(251)"/></imc></stmt><stmt><imc instruction="ESTMT"><imc instruction="CONST(0)"/></imc></stmt><stmt><imc instruction="JUMP(L42)"/></stmt><stmt><imc instruction="LABEL(L44)"/></stmt><stmt><imc instruction="MOVE"><imc instruction="TEMP(252)"/><imc instruction="CONST(10)"/></imc></stmt><stmt><imc instruction="MOVE"><imc instruction="TEMP(253)"/><imc instruction="CONST(256)"/></imc></stmt><stmt><imc instruction="ESTMT"><imc instruction="CALL(_putChar)"><imc instruction="MEM"><imc instruction="MEM"><imc instruction="TEMP(14)"/></imc></imc><imc instruction="BINOP(MOD)"><imc instruction="TEMP(252)"/><imc instruction="TEMP(253)"/></imc></imc></imc></stmt><stmt><imc instruction="MOVE"><imc instruction="TEMP(254)"/><imc instruction="TEMP(14)"/></imc></stmt><stmt><imc instruction="MOVE"><imc instruction="TEMP(255)"/><imc instruction="CONST(-48)"/></imc></stmt><stmt><imc instruction="MOVE"><imc instruction="TEMP(256)"/><imc instruction="BINOP(ADD)"><imc instruction="TEMP(254)"/><imc instruction="TEMP(255)"/></imc></imc></stmt><stmt><imc instruction="MOVE"><imc instruction="TEMP(257)"/><imc instruction="CONST(1)"/></imc></stmt><stmt><imc instruction="MOVE"><imc instruction="MEM"><imc instruction="TEMP(256)"/></imc><imc instruction="TEMP(257)"/></imc></stmt><stmt><imc instruction="ESTMT"><imc instruction="CONST(0)"/></imc></stmt><stmt><imc instruction="JUMP(L56)"/></stmt><stmt><imc instruction="LABEL(L55)"/></stmt><stmt><imc instruction="MOVE"><imc instruction="TEMP(258)"/><imc instruction="TEMP(14)"/></imc></stmt><stmt><imc instruction="MOVE"><imc instruction="TEMP(259)"/><imc instruction="CONST(-48)"/></imc></stmt><stmt><imc instruction="MOVE"><imc instruction="TEMP(260)"/><imc instruction="BINOP(ADD)"><imc instruction="TEMP(258)"/><imc instruction="TEMP(259)"/></imc></imc></stmt><stmt><imc instruction="MOVE"><imc instruction="TEMP(261)"/><imc instruction="CONST(0)"/></imc></stmt><stmt><imc instruction="MOVE"><imc instruction="MEM"><imc instruction="TEMP(260)"/></imc><imc instruction="TEMP(261)"/></imc></stmt><stmt><imc instruction="MOVE"><imc instruction="TEMP(262)"/><imc instruction="TEMP(14)"/></imc></stmt><stmt><imc instruction="MOVE"><imc instruction="TEMP(263)"/><imc instruction="CONST(-32)"/></imc></stmt><stmt><imc instruction="MOVE"><imc instruction="TEMP(264)"/><imc instruction="BINOP(ADD)"><imc instruction="TEMP(262)"/><imc instruction="TEMP(263)"/></imc></imc></stmt><stmt><imc instruction="MOVE"><imc instruction="TEMP(265)"/><imc instruction="CONST(0)"/></imc></stmt><stmt><imc instruction="MOVE"><imc instruction="MEM"><imc instruction="TEMP(264)"/></imc><imc instruction="TEMP(265)"/></imc></stmt><stmt><imc instruction="JUMP(L51)"/></stmt><stmt><imc instruction="LABEL(L51)"/></stmt><stmt><imc instruction="MOVE"><imc instruction="TEMP(266)"/><imc instruction="TEMP(14)"/></imc></stmt><stmt><imc instruction="MOVE"><imc instruction="TEMP(267)"/><imc instruction="CONST(-32)"/></imc></stmt><stmt><imc instruction="MOVE"><imc instruction="TEMP(268)"/><imc instruction="MEM"><imc instruction="BINOP(ADD)"><imc instruction="TEMP(266)"/><imc instruction="TEMP(267)"/></imc></imc></imc></stmt><stmt><imc instruction="MOVE"><imc instruction="TEMP(269)"/><imc instruction="MEM"><imc instruction="TEMP(14)"/></imc></imc></stmt><stmt><imc instruction="MOVE"><imc instruction="TEMP(270)"/><imc instruction="CONST(-8)"/></imc></stmt><stmt><imc instruction="MOVE"><imc instruction="TEMP(271)"/><imc instruction="MEM"><imc instruction="BINOP(ADD)"><imc instruction="TEMP(269)"/><imc instruction="TEMP(270)"/></imc></imc></imc></stmt><stmt><imc instruction="CJUMP(L52,L90)"><imc instruction="BINOP(LTH)"><imc instruction="TEMP(268)"/><imc instruction="TEMP(271)"/></imc></imc></stmt><stmt><imc instruction="LABEL(L90)"/></stmt><stmt><imc instruction="ESTMT"><imc instruction="CONST(0)"/></imc></stmt><stmt><imc instruction="JUMP(L56)"/></stmt><stmt><imc instruction="LABEL(L52)"/></stmt><stmt><imc instruction="MOVE"><imc instruction="TEMP(272)"/><imc instruction="MEM"><imc instruction="TEMP(14)"/></imc></imc></stmt><stmt><imc instruction="MOVE"><imc instruction="TEMP(273)"/><imc instruction="CONST(-264)"/></imc></stmt><stmt><imc instruction="MOVE"><imc instruction="TEMP(274)"/><imc instruction="BINOP(ADD)"><imc instruction="TEMP(272)"/><imc instruction="TEMP(273)"/></imc></imc></stmt><stmt><imc instruction="MOVE"><imc instruction="TEMP(275)"/><imc instruction="TEMP(14)"/></imc></stmt><stmt><imc instruction="MOVE"><imc instruction="TEMP(276)"/><imc instruction="CONST(8)"/></imc></stmt><stmt><imc instruction="MOVE"><imc instruction="TEMP(277)"/><imc instruction="MEM"><imc instruction="BINOP(ADD)"><imc instruction="TEMP(275)"/><imc instruction="TEMP(276)"/></imc></imc></imc></stmt><stmt><imc instruction="MOVE"><imc instruction="TEMP(278)"/><imc instruction="CONST(8)"/></imc></stmt><stmt><imc instruction="MOVE"><imc instruction="TEMP(279)"/><imc instruction="BINOP(MUL)"><imc instruction="TEMP(277)"/><imc instruction="TEMP(278)"/></imc></imc></stmt><stmt><imc instruction="MOVE"><imc instruction="TEMP(280)"/><imc instruction="BINOP(ADD)"><imc instruction="TEMP(274)"/><imc instruction="TEMP(279)"/></imc></imc></stmt><stmt><imc instruction="MOVE"><imc instruction="TEMP(281)"/><imc instruction="TEMP(14)"/></imc></stmt><stmt><imc instruction="MOVE"><imc instruction="TEMP(282)"/><imc instruction="CONST(-32)"/></imc></stmt><stmt><imc instruction="MOVE"><imc instruction="TEMP(283)"/><imc instruction="MEM"><imc instruction="BINOP(ADD)"><imc instruction="TEMP(281)"/><imc instruction="TEMP(282)"/></imc></imc></imc></stmt><stmt><imc instruction="MOVE"><imc instruction="MEM"><imc instruction="TEMP(280)"/></imc><imc instruction="TEMP(283)"/></imc></stmt><stmt><imc instruction="MOVE"><imc instruction="TEMP(284)"/><imc instruction="TEMP(14)"/></imc></stmt><stmt><imc instruction="MOVE"><imc instruction="TEMP(285)"/><imc instruction="CONST(-40)"/></imc></stmt><stmt><imc instruction="MOVE"><imc instruction="TEMP(286)"/><imc instruction="BINOP(ADD)"><imc instruction="TEMP(284)"/><imc instruction="TEMP(285)"/></imc></imc></stmt><stmt><imc instruction="MOVE"><imc instruction="TEMP(287)"/><imc instruction="CONST(1)"/></imc></stmt><stmt><imc instruction="MOVE"><imc instruction="MEM"><imc instruction="TEMP(286)"/></imc><imc instruction="TEMP(287)"/></imc></stmt><stmt><imc instruction="MOVE"><imc instruction="TEMP(288)"/><imc instruction="TEMP(14)"/></imc></stmt><stmt><imc instruction="MOVE"><imc instruction="TEMP(289)"/><imc instruction="CONST(-24)"/></imc></stmt><stmt><imc instruction="MOVE"><imc instruction="TEMP(290)"/><imc instruction="BINOP(ADD)"><imc instruction="TEMP(288)"/><imc instruction="TEMP(289)"/></imc></imc></stmt><stmt><imc instruction="MOVE"><imc instruction="TEMP(291)"/><imc instruction="CONST(0)"/></imc></stmt><stmt><imc instruction="MOVE"><imc instruction="MEM"><imc instruction="TEMP(290)"/></imc><imc instruction="TEMP(291)"/></imc></stmt><stmt><imc instruction="JUMP(L45)"/></stmt><stmt><imc instruction="LABEL(L45)"/></stmt><stmt><imc instruction="MOVE"><imc instruction="TEMP(292)"/><imc instruction="TEMP(14)"/></imc></stmt><stmt><imc instruction="MOVE"><imc instruction="TEMP(293)"/><imc instruction="CONST(-24)"/></imc></stmt><stmt><imc instruction="MOVE"><imc instruction="TEMP(294)"/><imc instruction="MEM"><imc instruction="BINOP(ADD)"><imc instruction="TEMP(292)"/><imc instruction="TEMP(293)"/></imc></imc></imc></stmt><stmt><imc instruction="MOVE"><imc instruction="TEMP(295)"/><imc instruction="TEMP(14)"/></imc></stmt><stmt><imc instruction="MOVE"><imc instruction="TEMP(296)"/><imc instruction="CONST(8)"/></imc></stmt><stmt><imc instruction="MOVE"><imc instruction="TEMP(297)"/><imc instruction="MEM"><imc instruction="BINOP(ADD)"><imc instruction="TEMP(295)"/><imc instruction="TEMP(296)"/></imc></imc></imc></stmt><stmt><imc instruction="CJUMP(L46,L91)"><imc instruction="BINOP(LTH)"><imc instruction="TEMP(294)"/><imc instruction="TEMP(297)"/></imc></imc></stmt><stmt><imc instruction="LABEL(L91)"/></stmt><stmt><imc instruction="ESTMT"><imc instruction="CONST(0)"/></imc></stmt><stmt><imc instruction="MOVE"><imc instruction="TEMP(400)"/><imc instruction="TEMP(14)"/></imc></stmt><stmt><imc instruction="MOVE"><imc instruction="TEMP(401)"/><imc instruction="CONST(-40)"/></imc></stmt><stmt><imc instruction="CJUMP(L48,L92)"><imc instruction="MEM"><imc instruction="BINOP(ADD)"><imc instruction="TEMP(400)"/><imc instruction="TEMP(401)"/></imc></imc></imc></stmt><stmt><imc instruction="LABEL(L92)"/></stmt><stmt><imc instruction="ESTMT"><imc instruction="CONST(0)"/></imc></stmt><stmt><imc instruction="JUMP(L50)"/></stmt><stmt><imc instruction="LABEL(L46)"/></stmt><stmt><imc instruction="MOVE"><imc instruction="TEMP(298)"/><imc instruction="TEMP(14)"/></imc></stmt><stmt><imc instruction="MOVE"><imc instruction="TEMP(299)"/><imc instruction="CONST(-40)"/></imc></stmt><stmt><imc instruction="MOVE"><imc instruction="TEMP(300)"/><imc instruction="BINOP(ADD)"><imc instruction="TEMP(298)"/><imc instruction="TEMP(299)"/></imc></imc></stmt><stmt><imc instruction="MOVE"><imc instruction="TEMP(301)"/><imc instruction="TEMP(14)"/></imc></stmt><stmt><imc instruction="MOVE"><imc instruction="TEMP(302)"/><imc instruction="CONST(-40)"/></imc></stmt><stmt><imc instruction="MOVE"><imc instruction="TEMP(303)"/><imc instruction="MEM"><imc instruction="BINOP(ADD)"><imc instruction="TEMP(301)"/><imc instruction="TEMP(302)"/></imc></imc></imc></stmt><stmt><imc instruction="MOVE"><imc instruction="TEMP(304)"/><imc instruction="MEM"><imc instruction="TEMP(14)"/></imc></imc></stmt><stmt><imc instruction="MOVE"><imc instruction="TEMP(305)"/><imc instruction="CONST(-264)"/></imc></stmt><stmt><imc instruction="MOVE"><imc instruction="TEMP(306)"/><imc instruction="BINOP(ADD)"><imc instruction="TEMP(304)"/><imc instruction="TEMP(305)"/></imc></imc></stmt><stmt><imc instruction="MOVE"><imc instruction="TEMP(307)"/><imc instruction="TEMP(14)"/></imc></stmt><stmt><imc instruction="MOVE"><imc instruction="TEMP(308)"/><imc instruction="CONST(-24)"/></imc></stmt><stmt><imc instruction="MOVE"><imc instruction="TEMP(309)"/><imc instruction="MEM"><imc instruction="BINOP(ADD)"><imc instruction="TEMP(307)"/><imc instruction="TEMP(308)"/></imc></imc></imc></stmt><stmt><imc instruction="MOVE"><imc instruction="TEMP(310)"/><imc instruction="CONST(8)"/></imc></stmt><stmt><imc instruction="MOVE"><imc instruction="TEMP(311)"/><imc instruction="BINOP(MUL)"><imc instruction="TEMP(309)"/><imc instruction="TEMP(310)"/></imc></imc></stmt><stmt><imc instruction="MOVE"><imc instruction="TEMP(312)"/><imc instruction="MEM"><imc instruction="BINOP(ADD)"><imc instruction="TEMP(306)"/><imc instruction="TEMP(311)"/></imc></imc></imc></stmt><stmt><imc instruction="MOVE"><imc instruction="TEMP(313)"/><imc instruction="MEM"><imc instruction="TEMP(14)"/></imc></imc></stmt><stmt><imc instruction="MOVE"><imc instruction="TEMP(314)"/><imc instruction="CONST(-264)"/></imc></stmt><stmt><imc instruction="MOVE"><imc instruction="TEMP(315)"/><imc instruction="BINOP(ADD)"><imc instruction="TEMP(313)"/><imc instruction="TEMP(314)"/></imc></imc></stmt><stmt><imc instruction="MOVE"><imc instruction="TEMP(316)"/><imc instruction="TEMP(14)"/></imc></stmt><stmt><imc instruction="MOVE"><imc instruction="TEMP(317)"/><imc instruction="CONST(8)"/></imc></stmt><stmt><imc instruction="MOVE"><imc instruction="TEMP(318)"/><imc instruction="MEM"><imc instruction="BINOP(ADD)"><imc instruction="TEMP(316)"/><imc instruction="TEMP(317)"/></imc></imc></imc></stmt><stmt><imc instruction="MOVE"><imc instruction="TEMP(319)"/><imc instruction="CONST(8)"/></imc></stmt><stmt><imc instruction="MOVE"><imc instruction="TEMP(320)"/><imc instruction="BINOP(MUL)"><imc instruction="TEMP(318)"/><imc instruction="TEMP(319)"/></imc></imc></stmt><stmt><imc instruction="MOVE"><imc instruction="TEMP(321)"/><imc instruction="MEM"><imc instruction="BINOP(ADD)"><imc instruction="TEMP(315)"/><imc instruction="TEMP(320)"/></imc></imc></imc></stmt><stmt><imc instruction="MOVE"><imc instruction="TEMP(322)"/><imc instruction="BINOP(NEQ)"><imc instruction="TEMP(312)"/><imc instruction="TEMP(321)"/></imc></imc></stmt><stmt><imc instruction="MOVE"><imc instruction="TEMP(323)"/><imc instruction="BINOP(AND)"><imc instruction="TEMP(303)"/><imc instruction="TEMP(322)"/></imc></imc></stmt><stmt><imc instruction="MOVE"><imc instruction="MEM"><imc instruction="TEMP(300)"/></imc><imc instruction="TEMP(323)"/></imc></stmt><stmt><imc instruction="MOVE"><imc instruction="TEMP(324)"/><imc instruction="TEMP(14)"/></imc></stmt><stmt><imc instruction="MOVE"><imc instruction="TEMP(325)"/><imc instruction="CONST(-40)"/></imc></stmt><stmt><imc instruction="MOVE"><imc instruction="TEMP(326)"/><imc instruction="BINOP(ADD)"><imc instruction="TEMP(324)"/><imc instruction="TEMP(325)"/></imc></imc></stmt><stmt><imc instruction="MOVE"><imc instruction="TEMP(327)"/><imc instruction="TEMP(14)"/></imc></stmt><stmt><imc instruction="MOVE"><imc instruction="TEMP(328)"/><imc instruction="CONST(-40)"/></imc></stmt><stmt><imc instruction="MOVE"><imc instruction="TEMP(329)"/><imc instruction="MEM"><imc instruction="BINOP(ADD)"><imc instruction="TEMP(327)"/><imc instruction="TEMP(328)"/></imc></imc></imc></stmt><stmt><imc instruction="MOVE"><imc instruction="TEMP(330)"/><imc instruction="MEM"><imc instruction="TEMP(14)"/></imc></imc></stmt><stmt><imc instruction="MOVE"><imc instruction="TEMP(331)"/><imc instruction="CONST(-264)"/></imc></stmt><stmt><imc instruction="MOVE"><imc instruction="TEMP(332)"/><imc instruction="BINOP(ADD)"><imc instruction="TEMP(330)"/><imc instruction="TEMP(331)"/></imc></imc></stmt><stmt><imc instruction="MOVE"><imc instruction="TEMP(333)"/><imc instruction="TEMP(14)"/></imc></stmt><stmt><imc instruction="MOVE"><imc instruction="TEMP(334)"/><imc instruction="CONST(-24)"/></imc></stmt><stmt><imc instruction="MOVE"><imc instruction="TEMP(335)"/><imc instruction="MEM"><imc instruction="BINOP(ADD)"><imc instruction="TEMP(333)"/><imc instruction="TEMP(334)"/></imc></imc></imc></stmt><stmt><imc instruction="MOVE"><imc instruction="TEMP(336)"/><imc instruction="CONST(8)"/></imc></stmt><stmt><imc instruction="MOVE"><imc instruction="TEMP(337)"/><imc instruction="BINOP(MUL)"><imc instruction="TEMP(335)"/><imc instruction="TEMP(336)"/></imc></imc></stmt><stmt><imc instruction="MOVE"><imc instruction="TEMP(338)"/><imc instruction="MEM"><imc instruction="BINOP(ADD)"><imc instruction="TEMP(332)"/><imc instruction="TEMP(337)"/></imc></imc></imc></stmt><stmt><imc instruction="MOVE"><imc instruction="TEMP(339)"/><imc instruction="MEM"><imc instruction="TEMP(14)"/></imc></imc></stmt><stmt><imc instruction="MOVE"><imc instruction="TEMP(340)"/><imc instruction="CONST(-264)"/></imc></stmt><stmt><imc instruction="MOVE"><imc instruction="TEMP(341)"/><imc instruction="BINOP(ADD)"><imc instruction="TEMP(339)"/><imc instruction="TEMP(340)"/></imc></imc></stmt><stmt><imc instruction="MOVE"><imc instruction="TEMP(342)"/><imc instruction="TEMP(14)"/></imc></stmt><stmt><imc instruction="MOVE"><imc instruction="TEMP(343)"/><imc instruction="CONST(8)"/></imc></stmt><stmt><imc instruction="MOVE"><imc instruction="TEMP(344)"/><imc instruction="MEM"><imc instruction="BINOP(ADD)"><imc instruction="TEMP(342)"/><imc instruction="TEMP(343)"/></imc></imc></imc></stmt><stmt><imc instruction="MOVE"><imc instruction="TEMP(345)"/><imc instruction="CONST(8)"/></imc></stmt><stmt><imc instruction="MOVE"><imc instruction="TEMP(346)"/><imc instruction="BINOP(MUL)"><imc instruction="TEMP(344)"/><imc instruction="TEMP(345)"/></imc></imc></stmt><stmt><imc instruction="MOVE"><imc instruction="TEMP(347)"/><imc instruction="MEM"><imc instruction="BINOP(ADD)"><imc instruction="TEMP(341)"/><imc instruction="TEMP(346)"/></imc></imc></imc></stmt><stmt><imc instruction="MOVE"><imc instruction="TEMP(348)"/><imc instruction="BINOP(SUB)"><imc instruction="TEMP(338)"/><imc instruction="TEMP(347)"/></imc></imc></stmt><stmt><imc instruction="MOVE"><imc instruction="TEMP(349)"/><imc instruction="TEMP(14)"/></imc></stmt><stmt><imc instruction="MOVE"><imc instruction="TEMP(350)"/><imc instruction="CONST(-24)"/></imc></stmt><stmt><imc instruction="MOVE"><imc instruction="TEMP(351)"/><imc instruction="MEM"><imc instruction="BINOP(ADD)"><imc instruction="TEMP(349)"/><imc instruction="TEMP(350)"/></imc></imc></imc></stmt><stmt><imc instruction="MOVE"><imc instruction="TEMP(352)"/><imc instruction="TEMP(14)"/></imc></stmt><stmt><imc instruction="MOVE"><imc instruction="TEMP(353)"/><imc instruction="CONST(8)"/></imc></stmt><stmt><imc instruction="MOVE"><imc instruction="TEMP(354)"/><imc instruction="MEM"><imc instruction="BINOP(ADD)"><imc instruction="TEMP(352)"/><imc instruction="TEMP(353)"/></imc></imc></imc></stmt><stmt><imc instruction="MOVE"><imc instruction="TEMP(355)"/><imc instruction="BINOP(SUB)"><imc instruction="TEMP(351)"/><imc instruction="TEMP(354)"/></imc></imc></stmt><stmt><imc instruction="MOVE"><imc instruction="TEMP(356)"/><imc instruction="BINOP(NEQ)"><imc instruction="TEMP(348)"/><imc instruction="TEMP(355)"/></imc></imc></stmt><stmt><imc instruction="MOVE"><imc instruction="TEMP(357)"/><imc instruction="BINOP(AND)"><imc instruction="TEMP(329)"/><imc instruction="TEMP(356)"/></imc></imc></stmt><stmt><imc instruction="MOVE"><imc instruction="MEM"><imc instruction="TEMP(326)"/></imc><imc instruction="TEMP(357)"/></imc></stmt><stmt><imc instruction="MOVE"><imc instruction="TEMP(358)"/><imc instruction="TEMP(14)"/></imc></stmt><stmt><imc instruction="MOVE"><imc instruction="TEMP(359)"/><imc instruction="CONST(-40)"/></imc></stmt><stmt><imc instruction="MOVE"><imc instruction="TEMP(360)"/><imc instruction="BINOP(ADD)"><imc instruction="TEMP(358)"/><imc instruction="TEMP(359)"/></imc></imc></stmt><stmt><imc instruction="MOVE"><imc instruction="TEMP(361)"/><imc instruction="TEMP(14)"/></imc></stmt><stmt><imc instruction="MOVE"><imc instruction="TEMP(362)"/><imc instruction="CONST(-40)"/></imc></stmt><stmt><imc instruction="MOVE"><imc instruction="TEMP(363)"/><imc instruction="MEM"><imc instruction="BINOP(ADD)"><imc instruction="TEMP(361)"/><imc instruction="TEMP(362)"/></imc></imc></imc></stmt><stmt><imc instruction="MOVE"><imc instruction="TEMP(364)"/><imc instruction="MEM"><imc instruction="TEMP(14)"/></imc></imc></stmt><stmt><imc instruction="MOVE"><imc instruction="TEMP(365)"/><imc instruction="CONST(-264)"/></imc></stmt><stmt><imc instruction="MOVE"><imc instruction="TEMP(366)"/><imc instruction="BINOP(ADD)"><imc instruction="TEMP(364)"/><imc instruction="TEMP(365)"/></imc></imc></stmt><stmt><imc instruction="MOVE"><imc instruction="TEMP(367)"/><imc instruction="TEMP(14)"/></imc></stmt><stmt><imc instruction="MOVE"><imc instruction="TEMP(368)"/><imc instruction="CONST(-24)"/></imc></stmt><stmt><imc instruction="MOVE"><imc instruction="TEMP(369)"/><imc instruction="MEM"><imc instruction="BINOP(ADD)"><imc instruction="TEMP(367)"/><imc instruction="TEMP(368)"/></imc></imc></imc></stmt><stmt><imc instruction="MOVE"><imc instruction="TEMP(370)"/><imc instruction="CONST(8)"/></imc></stmt><stmt><imc instruction="MOVE"><imc instruction="TEMP(371)"/><imc instruction="BINOP(MUL)"><imc instruction="TEMP(369)"/><imc instruction="TEMP(370)"/></imc></imc></stmt><stmt><imc instruction="MOVE"><imc instruction="TEMP(372)"/><imc instruction="MEM"><imc instruction="BINOP(ADD)"><imc instruction="TEMP(366)"/><imc instruction="TEMP(371)"/></imc></imc></imc></stmt><stmt><imc instruction="MOVE"><imc instruction="TEMP(373)"/><imc instruction="MEM"><imc instruction="TEMP(14)"/></imc></imc></stmt><stmt><imc instruction="MOVE"><imc instruction="TEMP(374)"/><imc instruction="CONST(-264)"/></imc></stmt><stmt><imc instruction="MOVE"><imc instruction="TEMP(375)"/><imc instruction="BINOP(ADD)"><imc instruction="TEMP(373)"/><imc instruction="TEMP(374)"/></imc></imc></stmt><stmt><imc instruction="MOVE"><imc instruction="TEMP(376)"/><imc instruction="TEMP(14)"/></imc></stmt><stmt><imc instruction="MOVE"><imc instruction="TEMP(377)"/><imc instruction="CONST(8)"/></imc></stmt><stmt><imc instruction="MOVE"><imc instruction="TEMP(378)"/><imc instruction="MEM"><imc instruction="BINOP(ADD)"><imc instruction="TEMP(376)"/><imc instruction="TEMP(377)"/></imc></imc></imc></stmt><stmt><imc instruction="MOVE"><imc instruction="TEMP(379)"/><imc instruction="CONST(8)"/></imc></stmt><stmt><imc instruction="MOVE"><imc instruction="TEMP(380)"/><imc instruction="BINOP(MUL)"><imc instruction="TEMP(378)"/><imc instruction="TEMP(379)"/></imc></imc></stmt><stmt><imc instruction="MOVE"><imc instruction="TEMP(381)"/><imc instruction="MEM"><imc instruction="BINOP(ADD)"><imc instruction="TEMP(375)"/><imc instruction="TEMP(380)"/></imc></imc></imc></stmt><stmt><imc instruction="MOVE"><imc instruction="TEMP(382)"/><imc instruction="BINOP(SUB)"><imc instruction="TEMP(372)"/><imc instruction="TEMP(381)"/></imc></imc></stmt><stmt><imc instruction="MOVE"><imc instruction="TEMP(383)"/><imc instruction="TEMP(14)"/></imc></stmt><stmt><imc instruction="MOVE"><imc instruction="TEMP(384)"/><imc instruction="CONST(8)"/></imc></stmt><stmt><imc instruction="MOVE"><imc instruction="TEMP(385)"/><imc instruction="MEM"><imc instruction="BINOP(ADD)"><imc instruction="TEMP(383)"/><imc instruction="TEMP(384)"/></imc></imc></imc></stmt><stmt><imc instruction="MOVE"><imc instruction="TEMP(386)"/><imc instruction="TEMP(14)"/></imc></stmt><stmt><imc instruction="MOVE"><imc instruction="TEMP(387)"/><imc instruction="CONST(-24)"/></imc></stmt><stmt><imc instruction="MOVE"><imc instruction="TEMP(388)"/><imc instruction="MEM"><imc instruction="BINOP(ADD)"><imc instruction="TEMP(386)"/><imc instruction="TEMP(387)"/></imc></imc></imc></stmt><stmt><imc instruction="MOVE"><imc instruction="TEMP(389)"/><imc instruction="BINOP(SUB)"><imc instruction="TEMP(385)"/><imc instruction="TEMP(388)"/></imc></imc></stmt><stmt><imc instruction="MOVE"><imc instruction="TEMP(390)"/><imc instruction="BINOP(NEQ)"><imc instruction="TEMP(382)"/><imc instruction="TEMP(389)"/></imc></imc></stmt><stmt><imc instruction="MOVE"><imc instruction="TEMP(391)"/><imc instruction="BINOP(AND)"><imc instruction="TEMP(363)"/><imc instruction="TEMP(390)"/></imc></imc></stmt><stmt><imc instruction="MOVE"><imc instruction="MEM"><imc instruction="TEMP(360)"/></imc><imc instruction="TEMP(391)"/></imc></stmt><stmt><imc instruction="MOVE"><imc instruction="TEMP(392)"/><imc instruction="TEMP(14)"/></imc></stmt><stmt><imc instruction="MOVE"><imc instruction="TEMP(393)"/><imc instruction="CONST(-24)"/></imc></stmt><stmt><imc instruction="MOVE"><imc instruction="TEMP(394)"/><imc instruction="BINOP(ADD)"><imc instruction="TEMP(392)"/><imc instruction="TEMP(393)"/></imc></imc></stmt><stmt><imc instruction="MOVE"><imc instruction="TEMP(395)"/><imc instruction="TEMP(14)"/></imc></stmt><stmt><imc instruction="MOVE"><imc instruction="TEMP(396)"/><imc instruction="CONST(-24)"/></imc></stmt><stmt><imc instruction="MOVE"><imc instruction="TEMP(397)"/><imc instruction="MEM"><imc instruction="BINOP(ADD)"><imc instruction="TEMP(395)"/><imc instruction="TEMP(396)"/></imc></imc></imc></stmt><stmt><imc instruction="MOVE"><imc instruction="TEMP(398)"/><imc instruction="CONST(1)"/></imc></stmt><stmt><imc instruction="MOVE"><imc instruction="TEMP(399)"/><imc instruction="BINOP(ADD)"><imc instruction="TEMP(397)"/><imc instruction="TEMP(398)"/></imc></imc></stmt><stmt><imc instruction="MOVE"><imc instruction="MEM"><imc instruction="TEMP(394)"/></imc><imc instruction="TEMP(399)"/></imc></stmt><stmt><imc instruction="ESTMT"><imc instruction="CONST(0)"/></imc></stmt><stmt><imc instruction="JUMP(L45)"/></stmt><stmt><imc instruction="LABEL(L47)"/></stmt><stmt><imc instruction="ESTMT"><imc instruction="CONST(0)"/></imc></stmt><stmt><imc instruction="MOVE"><imc instruction="TEMP(400)"/><imc instruction="TEMP(14)"/></imc></stmt><stmt><imc instruction="MOVE"><imc instruction="TEMP(401)"/><imc instruction="CONST(-40)"/></imc></stmt><stmt><imc instruction="CJUMP(L48,L93)"><imc instruction="MEM"><imc instruction="BINOP(ADD)"><imc instruction="TEMP(400)"/><imc instruction="TEMP(401)"/></imc></imc></imc></stmt><stmt><imc instruction="LABEL(L93)"/></stmt><stmt><imc instruction="ESTMT"><imc instruction="CONST(0)"/></imc></stmt><stmt><imc instruction="JUMP(L50)"/></stmt><stmt><imc instruction="LABEL(L48)"/></stmt><stmt><imc instruction="MOVE"><imc instruction="TEMP(402)"/><imc instruction="TEMP(14)"/></imc></stmt><stmt><imc instruction="MOVE"><imc instruction="TEMP(403)"/><imc instruction="CONST(-48)"/></imc></stmt><stmt><imc instruction="MOVE"><imc instruction="TEMP(404)"/><imc instruction="BINOP(ADD)"><imc instruction="TEMP(402)"/><imc instruction="TEMP(403)"/></imc></imc></stmt><stmt><imc instruction="MOVE"><imc instruction="TEMP(405)"/><imc instruction="TEMP(14)"/></imc></stmt><stmt><imc instruction="MOVE"><imc instruction="TEMP(406)"/><imc instruction="CONST(-48)"/></imc></stmt><stmt><imc instruction="MOVE"><imc instruction="TEMP(407)"/><imc instruction="MEM"><imc instruction="BINOP(ADD)"><imc instruction="TEMP(405)"/><imc instruction="TEMP(406)"/></imc></imc></imc></stmt><stmt><imc instruction="MOVE"><imc instruction="TEMP(408)"/><imc instruction="MEM"><imc instruction="TEMP(14)"/></imc></imc></stmt><stmt><imc instruction="MOVE"><imc instruction="TEMP(409)"/><imc instruction="TEMP(14)"/></imc></stmt><stmt><imc instruction="MOVE"><imc instruction="TEMP(410)"/><imc instruction="CONST(8)"/></imc></stmt><stmt><imc instruction="MOVE"><imc instruction="TEMP(411)"/><imc instruction="MEM"><imc instruction="BINOP(ADD)"><imc instruction="TEMP(409)"/><imc instruction="TEMP(410)"/></imc></imc></imc></stmt><stmt><imc instruction="MOVE"><imc instruction="TEMP(412)"/><imc instruction="CONST(1)"/></imc></stmt><stmt><imc instruction="MOVE"><imc instruction="TEMP(413)"/><imc instruction="BINOP(ADD)"><imc instruction="TEMP(411)"/><imc instruction="TEMP(412)"/></imc></imc></stmt><stmt><imc instruction="MOVE"><imc instruction="TEMP(414)"/><imc instruction="CALL(L5)"><imc instruction="TEMP(408)"/><imc instruction="TEMP(413)"/></imc></imc></stmt><stmt><imc instruction="MOVE"><imc instruction="TEMP(415)"/><imc instruction="TEMP(414)"/></imc></stmt><stmt><imc instruction="MOVE"><imc instruction="TEMP(416)"/><imc instruction="BINOP(ADD)"><imc instruction="TEMP(407)"/><imc instruction="TEMP(415)"/></imc></imc></stmt><stmt><imc instruction="MOVE"><imc instruction="MEM"><imc instruction="TEMP(404)"/></imc><imc instruction="TEMP(416)"/></imc></stmt><stmt><imc instruction="JUMP(L50)"/></stmt><stmt><imc instruction="LABEL(L49)"/></stmt><stmt><imc instruction="ESTMT"><imc instruction="CONST(0)"/></imc></stmt><stmt><imc instruction="JUMP(L50)"/></stmt><stmt><imc instruction="LABEL(L50)"/></stmt><stmt><imc instruction="MOVE"><imc instruction="TEMP(417)"/><imc instruction="TEMP(14)"/></imc></stmt><stmt><imc instruction="MOVE"><imc instruction="TEMP(418)"/><imc instruction="CONST(-32)"/></imc></stmt><stmt><imc instruction="MOVE"><imc instruction="TEMP(419)"/><imc instruction="BINOP(ADD)"><imc instruction="TEMP(417)"/><imc instruction="TEMP(418)"/></imc></imc></stmt><stmt><imc instruction="MOVE"><imc instruction="TEMP(420)"/><imc instruction="TEMP(14)"/></imc></stmt><stmt><imc instruction="MOVE"><imc instruction="TEMP(421)"/><imc instruction="CONST(-32)"/></imc></stmt><stmt><imc instruction="MOVE"><imc instruction="TEMP(422)"/><imc instruction="MEM"><imc instruction="BINOP(ADD)"><imc instruction="TEMP(420)"/><imc instruction="TEMP(421)"/></imc></imc></imc></stmt><stmt><imc instruction="MOVE"><imc instruction="TEMP(423)"/><imc instruction="CONST(1)"/></imc></stmt><stmt><imc instruction="MOVE"><imc instruction="TEMP(424)"/><imc instruction="BINOP(ADD)"><imc instruction="TEMP(422)"/><imc instruction="TEMP(423)"/></imc></imc></stmt><stmt><imc instruction="MOVE"><imc instruction="MEM"><imc instruction="TEMP(419)"/></imc><imc instruction="TEMP(424)"/></imc></stmt><stmt><imc instruction="ESTMT"><imc instruction="CONST(0)"/></imc></stmt><stmt><imc instruction="JUMP(L51)"/></stmt><stmt><imc instruction="LABEL(L53)"/></stmt><stmt><imc instruction="ESTMT"><imc instruction="CONST(0)"/></imc></stmt><stmt><imc instruction="JUMP(L56)"/></stmt><stmt><imc instruction="LABEL(L56)"/></stmt><stmt><imc instruction="MOVE"><imc instruction="TEMP(425)"/><imc instruction="TEMP(14)"/></imc></stmt><stmt><imc instruction="MOVE"><imc instruction="TEMP(426)"/><imc instruction="CONST(-48)"/></imc></stmt><stmt><imc instruction="MOVE"><imc instruction="TEMP(427)"/><imc instruction="MEM"><imc instruction="BINOP(ADD)"><imc instruction="TEMP(425)"/><imc instruction="TEMP(426)"/></imc></imc></imc></stmt><stmt><imc instruction="MOVE"><imc instruction="TEMP(15)"/><imc instruction="TEMP(427)"/></imc></stmt><stmt><imc instruction="JUMP(L85)"/></stmt></codechunk><codechunk entrylabel="L94" exitlabel="L95"><frame FP="T16" RV="T17" argssize="16" depth="0" label="_main" locssize="264" size="296"/><stmt><imc instruction="LABEL(L94)"/></stmt><stmt><imc instruction="MOVE"><imc instruction="TEMP(428)"/><imc instruction="TEMP(16)"/></imc></stmt><stmt><imc instruction="MOVE"><imc instruction="TEMP(429)"/><imc instruction="CONST(-8)"/></imc></stmt><stmt><imc instruction="MOVE"><imc instruction="TEMP(430)"/><imc instruction="BINOP(ADD)"><imc instruction="TEMP(428)"/><imc instruction="TEMP(429)"/></imc></imc></stmt><stmt><imc instruction="MOVE"><imc instruction="TEMP(431)"/><imc instruction="MEM"><imc instruction="TEMP(16)"/></imc></imc></stmt><stmt><imc instruction="MOVE"><imc instruction="TEMP(432)"/><imc instruction="CALL(_getInteger)"><imc instruction="TEMP(431)"/></imc></imc></stmt><stmt><imc instruction="MOVE"><imc instruction="TEMP(433)"/><imc instruction="TEMP(432)"/></imc></stmt><stmt><imc instruction="MOVE"><imc instruction="MEM"><imc instruction="TEMP(430)"/></imc><imc instruction="TEMP(433)"/></imc></stmt><stmt><imc instruction="MOVE"><imc instruction="TEMP(434)"/><imc instruction="TEMP(16)"/></imc></stmt><stmt><imc instruction="MOVE"><imc instruction="TEMP(435)"/><imc instruction="CONST(-8)"/></imc></stmt><stmt><imc instruction="MOVE"><imc instruction="TEMP(436)"/><imc instruction="BINOP(ADD)"><imc instruction="TEMP(434)"/><imc instruction="TEMP(435)"/></imc></imc></stmt><stmt><imc instruction="MOVE"><imc instruction="TEMP(437)"/><imc instruction="TEMP(16)"/></imc></stmt><stmt><imc instruction="MOVE"><imc instruction="TEMP(438)"/><imc instruction="CONST(0)"/></imc></stmt><stmt><imc instruction="MOVE"><imc instruction="TEMP(439)"/><imc instruction="CALL(L5)"><imc instruction="TEMP(437)"/><imc instruction="TEMP(438)"/></imc></imc></stmt><stmt><imc instruction="MOVE"><imc instruction="TEMP(440)"/><imc instruction="TEMP(439)"/></imc></stmt><stmt><imc instruction="MOVE"><imc instruction="MEM"><imc instruction="TEMP(436)"/></imc><imc instruction="TEMP(440)"/></imc></stmt><stmt><imc instruction="ESTMT"><imc instruction="CALL(_putString)"><imc instruction="MEM"><imc instruction="TEMP(16)"/></imc><imc instruction="NAME(L2)"/></imc></imc></stmt><stmt><imc instruction="MOVE"><imc instruction="TEMP(441)"/><imc instruction="TEMP(16)"/></imc></stmt><stmt><imc instruction="MOVE"><imc instruction="TEMP(442)"/><imc instruction="CONST(-8)"/></imc></stmt><stmt><imc instruction="ESTMT"><imc instruction="CALL(_putInteger)"><imc instruction="MEM"><imc instruction="TEMP(16)"/></imc><imc instruction="MEM"><imc instruction="BINOP(ADD)"><imc instruction="TEMP(441)"/><imc instruction="TEMP(442)"/></imc></imc></imc></imc></stmt><stmt><imc instruction="MOVE"><imc instruction="TEMP(443)"/><imc instruction="CONST(10)"/></imc></stmt><stmt><imc instruction="MOVE"><imc instruction="TEMP(444)"/><imc instruction="CONST(256)"/></imc></stmt><stmt><imc instruction="ESTMT"><imc instruction="CALL(_putChar)"><imc instruction="MEM"><imc instruction="TEMP(16)"/></imc><imc instruction="BINOP(MOD)"><imc instruction="TEMP(443)"/><imc instruction="TEMP(444)"/></imc></imc></imc></stmt><stmt><imc instruction="MOVE"><imc instruction="TEMP(445)"/><imc instruction="CONST(10)"/></imc></stmt><stmt><imc instruction="MOVE"><imc instruction="TEMP(446)"/><imc instruction="CONST(256)"/></imc></stmt><stmt><imc instruction="ESTMT"><imc instruction="CALL(_putChar)"><imc instruction="MEM"><imc instruction="TEMP(16)"/></imc><imc instruction="BINOP(MOD)"><imc instruction="TEMP(445)"/><imc instruction="TEMP(446)"/></imc></imc></imc></stmt><stmt><imc instruction="MOVE"><imc instruction="TEMP(447)"/><imc instruction="CONST(0)"/></imc></stmt><stmt><imc instruction="MOVE"><imc instruction="TEMP(17)"/><imc instruction="TEMP(447)"/></imc></stmt><stmt><imc instruction="JUMP(L95)"/></stmt></codechunk></imclin>