<?xml version="1.0" encoding="UTF-8" standalone="no"?><?xml-stylesheet type="text/xsl" href="../lib/xsl/asmgen.xsl"?><asmgen><code entrylabel="L57" exitlabel="L58" tempsize="0"><frame FP="T0" RV="T1" argssize="0" depth="0" label="_exit" locssize="0" size="16"/><instructions><instruction code="L57"/><instruction code="SETL T18,0"/><instruction code="SET T1, T18"/><instruction code="JMP L58"/></instructions></code><code entrylabel="L59" exitlabel="L60" tempsize="0"><frame FP="T2" RV="T3" argssize="0" depth="0" label="_putChar" locssize="0" size="16"/><instructions><instruction code="L59"/><instruction code="SETL T19,0"/><instruction code="SET T3, T19"/><instruction code="JMP L60"/></instructions></code><code entrylabel="L61" exitlabel="L62" tempsize="0"><frame FP="T4" RV="T5" argssize="0" depth="0" label="_getChar" locssize="0" size="16"/><instructions><instruction code="L61"/><instruction code="SETL T20,0"/><instruction code="SETL T21,256"/><instruction code="DIV T22,T20,T21"/><instruction code="GET T22,rR"/><instruction code="SET T5, T22"/><instruction code="JMP L62"/></instructions></code><code entrylabel="L63" exitlabel="L64" tempsize="0"><frame FP="T6" RV="T7" argssize="16" depth="1" label="L0" locssize="0" size="32"/><instructions><instruction code="L63"/><instruction code="SET T23, T6"/><instruction code="SETL T24,8"/><instruction code="ADD T25,T23,T24"/><instruction code="LDO T25,T25,0"/><instruction code="SETL T26,0"/><instruction code="CMP T465,T25,T26"/><instruction code="CSZ T464,T465,1"/><instruction code="CSNZ T464,T465,0"/><instruction code="BNZ T464,L12"/><instruction code="L65"/><instruction code="SET T27, T6"/><instruction code="SETL T28,8"/><instruction code="ADD T29,T27,T28"/><instruction code="LDO T29,T29,0"/><instruction code="SETL T30,10"/><instruction code="LDO T471,T6,0"/><instruction code="STO T471,$254,8"/><instruction code="DIV T471,T29,T30"/><instruction code="STO T471,$254,0"/><instruction code="PUSHJ $5,L0"/><instruction code="LDO T471,$254,0"/><instruction code="LDO T31,T6,0"/><instruction code="LDO T31,T31,0"/><instruction code="SET T32, T6"/><instruction code="SETL T33,8"/><instruction code="ADD T34,T32,T33"/><instruction code="LDO T34,T34,0"/><instruction code="SETL T35,10"/><instruction code="DIV T36,T34,T35"/><instruction code="GET T36,rR"/><instruction code="SETL T37,48"/><instruction code="ADD T38,T36,T37"/><instruction code="SETL T39,256"/><instruction code="DIV T40,T38,T39"/><instruction code="GET T40,rR"/><instruction code="STO T31,$254,8"/><instruction code="STO T40,$254,0"/><instruction code="PUSHJ $5,_putChar"/><instruction code="LDO T41,$254,0"/><instruction code="JMP L14"/><instruction code="L12"/><instruction code="SETL T485,0"/><instruction code="JMP L14"/><instruction code="L13"/><instruction code="SET T27, T6"/><instruction code="SETL T28,8"/><instruction code="ADD T29,T27,T28"/><instruction code="LDO T29,T29,0"/><instruction code="SETL T30,10"/><instruction code="LDO T491,T6,0"/><instruction code="STO T491,$254,8"/><instruction code="DIV T491,T29,T30"/><instruction code="STO T491,$254,0"/><instruction code="PUSHJ $5,L0"/><instruction code="LDO T491,$254,0"/><instruction code="LDO T31,T6,0"/><instruction code="LDO T31,T31,0"/><instruction code="SET T32, T6"/><instruction code="SETL T33,8"/><instruction code="ADD T34,T32,T33"/><instruction code="LDO T34,T34,0"/><instruction code="SETL T35,10"/><instruction code="DIV T36,T34,T35"/><instruction code="GET T36,rR"/><instruction code="SETL T37,48"/><instruction code="ADD T38,T36,T37"/><instruction code="SETL T39,256"/><instruction code="DIV T40,T38,T39"/><instruction code="GET T40,rR"/><instruction code="STO T31,$254,8"/><instruction code="STO T40,$254,0"/><instruction code="PUSHJ $5,_putChar"/><instruction code="LDO T41,$254,0"/><instruction code="JMP L14"/><instruction code="L14"/><instruction code="SETL T42,0"/><instruction code="SET T7, T42"/><instruction code="JMP L64"/></instructions></code><code entrylabel="L66" exitlabel="L67" tempsize="0"><frame FP="T8" RV="T9" argssize="16" depth="0" label="_putInteger" locssize="0" size="32"/><instructions><instruction code="L66"/><instruction code="SET T43, T8"/><instruction code="SETL T44,8"/><instruction code="ADD T45,T43,T44"/><instruction code="LDO T45,T45,0"/><instruction code="SETL T46,0"/><instruction code="CMP T514,T45,T46"/><instruction code="CSN T513,T514,1"/><instruction code="CSNN T513,T514,0"/><instruction code="BNZ T513,L6"/><instruction code="L68"/><instruction code="SETL T515,0"/><instruction code="JMP L8"/><instruction code="L6"/><instruction code="LDO T516,T8,0"/><instruction code="STO T516,$254,8"/><instruction code="SETL T516,45"/><instruction code="STO T516,$254,0"/><instruction code="PUSHJ $5,_putChar"/><instruction code="LDO T516,$254,0"/><instruction code="SET T47, T8"/><instruction code="SETL T48,8"/><instruction code="ADD T49,T47,T48"/><instruction code="SET T50, T8"/><instruction code="SETL T51,8"/><instruction code="ADD T52,T50,T51"/><instruction code="LDO T52,T52,0"/><instruction code="NEG T52,T52"/><instruction code="STO T52, T49,0"/><instruction code="SETL T527,0"/><instruction code="JMP L8"/><instruction code="L7"/><instruction code="SETL T528,0"/><instruction code="JMP L8"/><instruction code="L8"/><instruction code="SET T53, T8"/><instruction code="SETL T54,8"/><instruction code="ADD T55,T53,T54"/><instruction code="LDO T55,T55,0"/><instruction code="SETL T56,0"/><instruction code="CMP T535,T55,T56"/><instruction code="CSZ T534,T535,1"/><instruction code="CSNZ T534,T535,0"/><instruction code="BNZ T534,L9"/><instruction code="L69"/><instruction code="SET T57, T8"/><instruction code="SETL T58,8"/><instruction code="STO T8,$254,8"/><instruction code="ADD T539,T57,T58"/><instruction code="LDO T539,T539,0"/><instruction code="STO T539,$254,0"/><instruction code="PUSHJ $5,L0"/><instruction code="LDO T539,$254,0"/><instruction code="JMP L11"/><instruction code="L9"/><instruction code="LDO T540,T8,0"/><instruction code="STO T540,$254,8"/><instruction code="SETL T540,48"/><instruction code="STO T540,$254,0"/><instruction code="PUSHJ $5,_putChar"/><instruction code="LDO T540,$254,0"/><instruction code="JMP L11"/><instruction code="L10"/><instruction code="SET T57, T8"/><instruction code="SETL T58,8"/><instruction code="STO T8,$254,8"/><instruction code="ADD T544,T57,T58"/><instruction code="LDO T544,T544,0"/><instruction code="STO T544,$254,0"/><instruction code="PUSHJ $5,L0"/><instruction code="LDO T544,$254,0"/><instruction code="JMP L11"/><instruction code="L11"/><instruction code="SETL T59,0"/><instruction code="SET T9, T59"/><instruction code="JMP L67"/></instructions></code><code entrylabel="L70" exitlabel="L71" tempsize="0"><frame FP="T10" RV="T11" argssize="8" depth="0" label="_getInteger" locssize="24" size="48"/><instructions><instruction code="L70"/><instruction code="SET T60, T10"/><instruction code="SETL T61,8"/><instruction code="NEG  T61,T61"/><instruction code="ADD T62,T60,T61"/><instruction code="SETL T63,1"/><instruction code="STO T63, T62,0"/><instruction code="SET T64, T10"/><instruction code="SETL T65,16"/><instruction code="NEG  T65,T65"/><instruction code="ADD T66,T64,T65"/><instruction code="SETL T67,0"/><instruction code="STO T67, T66,0"/><instruction code="SET T68, T10"/><instruction code="SETL T69,24"/><instruction code="NEG  T69,T69"/><instruction code="ADD T70,T68,T69"/><instruction code="LDO T71,T10,0"/><instruction code="STO T71,$254,0"/><instruction code="PUSHJ $5,_getChar"/><instruction code="LDO T72,$254,0"/><instruction code="SET T73, T72"/><instruction code="STO T73, T70,0"/><instruction code="SET T74, T10"/><instruction code="SETL T75,24"/><instruction code="NEG  T75,T75"/><instruction code="ADD T76,T74,T75"/><instruction code="LDO T76,T76,0"/><instruction code="SETL T77,43"/><instruction code="CMP T578,T76,T77"/><instruction code="CSZ T577,T578,1"/><instruction code="CSNZ T577,T578,0"/><instruction code="BNZ T577,L21"/><instruction code="L72"/><instruction code="SET T86, T10"/><instruction code="SETL T87,24"/><instruction code="NEG  T87,T87"/><instruction code="ADD T88,T86,T87"/><instruction code="LDO T88,T88,0"/><instruction code="SETL T89,45"/><instruction code="CMP T585,T88,T89"/><instruction code="CSZ T584,T585,1"/><instruction code="CSNZ T584,T585,0"/><instruction code="BNZ T584,L18"/><instruction code="L73"/><instruction code="SET T98, T10"/><instruction code="SETL T99,24"/><instruction code="NEG  T99,T99"/><instruction code="ADD T100,T98,T99"/><instruction code="LDO T100,T100,0"/><instruction code="SETL T101,48"/><instruction code="CMP T592,T100,T101"/><instruction code="CSN T102,T592,1"/><instruction code="CSNN T102,T592,0"/><instruction code="SET T103, T10"/><instruction code="SETL T104,24"/><instruction code="NEG  T104,T104"/><instruction code="ADD T105,T103,T104"/><instruction code="LDO T105,T105,0"/><instruction code="SETL T106,57"/><instruction code="CMP T599,T105,T106"/><instruction code="CSP T107,T599,1"/><instruction code="CSNP T107,T599,0"/><instruction code="OR T600,T102,T107"/><instruction code="BNZ T600,L15"/><instruction code="L74"/><instruction code="SETL T601,0"/><instruction code="JMP L17"/><instruction code="L21"/><instruction code="SET T78, T10"/><instruction code="SETL T79,8"/><instruction code="NEG  T79,T79"/><instruction code="ADD T80,T78,T79"/><instruction code="SETL T81,1"/><instruction code="STO T81, T80,0"/><instruction code="SET T82, T10"/><instruction code="SETL T83,24"/><instruction code="NEG  T83,T83"/><instruction code="ADD T84,T82,T83"/><instruction code="SETL T85,48"/><instruction code="STO T85, T84,0"/><instruction code="SETL T616,0"/><instruction code="JMP L23"/><instruction code="L22"/><instruction code="SET T86, T10"/><instruction code="SETL T87,24"/><instruction code="NEG  T87,T87"/><instruction code="ADD T88,T86,T87"/><instruction code="LDO T88,T88,0"/><instruction code="SETL T89,45"/><instruction code="CMP T623,T88,T89"/><instruction code="CSZ T622,T623,1"/><instruction code="CSNZ T622,T623,0"/><instruction code="BNZ T622,L18"/><instruction code="L75"/><instruction code="SET T98, T10"/><instruction code="SETL T99,24"/><instruction code="NEG  T99,T99"/><instruction code="ADD T100,T98,T99"/><instruction code="LDO T100,T100,0"/><instruction code="SETL T101,48"/><instruction code="CMP T630,T100,T101"/><instruction code="CSN T102,T630,1"/><instruction code="CSNN T102,T630,0"/><instruction code="SET T103, T10"/><instruction code="SETL T104,24"/><instruction code="NEG  T104,T104"/><instruction code="ADD T105,T103,T104"/><instruction code="LDO T105,T105,0"/><instruction code="SETL T106,57"/><instruction code="CMP T637,T105,T106"/><instruction code="CSP T107,T637,1"/><instruction code="CSNP T107,T637,0"/><instruction code="OR T638,T102,T107"/><instruction code="BNZ T638,L15"/><instruction code="L76"/><instruction code="SETL T639,0"/><instruction code="JMP L17"/><instruction code="L18"/><instruction code="SET T90, T10"/><instruction code="SETL T91,8"/><instruction code="NEG  T91,T91"/><instruction code="ADD T92,T90,T91"/><instruction code="SETL T93,1"/><instruction code="NEG T93,T93"/><instruction code="STO T93, T92,0"/><instruction code="SET T94, T10"/><instruction code="SETL T95,24"/><instruction code="NEG  T95,T95"/><instruction code="ADD T96,T94,T95"/><instruction code="SETL T97,48"/><instruction code="STO T97, T96,0"/><instruction code="SETL T654,0"/><instruction code="JMP L20"/><instruction code="L19"/><instruction code="SET T98, T10"/><instruction code="SETL T99,24"/><instruction code="NEG  T99,T99"/><instruction code="ADD T100,T98,T99"/><instruction code="LDO T100,T100,0"/><instruction code="SETL T101,48"/><instruction code="CMP T661,T100,T101"/><instruction code="CSN T102,T661,1"/><instruction code="CSNN T102,T661,0"/><instruction code="SET T103, T10"/><instruction code="SETL T104,24"/><instruction code="NEG  T104,T104"/><instruction code="ADD T105,T103,T104"/><instruction code="LDO T105,T105,0"/><instruction code="SETL T106,57"/><instruction code="CMP T668,T105,T106"/><instruction code="CSP T107,T668,1"/><instruction code="CSNP T107,T668,0"/><instruction code="OR T669,T102,T107"/><instruction code="BNZ T669,L15"/><instruction code="L77"/><instruction code="SETL T670,0"/><instruction code="JMP L17"/><instruction code="L15"/><instruction code="LDO T671,T10,0"/><instruction code="STO T671,$254,0"/><instruction code="PUSHJ $5,_exit"/><instruction code="LDO T671,$254,0"/><instruction code="JMP L17"/><instruction code="L16"/><instruction code="SETL T672,0"/><instruction code="JMP L17"/><instruction code="L17"/><instruction code="JMP L20"/><instruction code="L20"/><instruction code="JMP L23"/><instruction code="L23"/><instruction code="JMP L24"/><instruction code="L24"/><instruction code="SETL T108,48"/><instruction code="SET T109, T10"/><instruction code="SETL T110,24"/><instruction code="NEG  T110,T110"/><instruction code="ADD T111,T109,T110"/><instruction code="LDO T111,T111,0"/><instruction code="CMP T679,T108,T111"/><instruction code="CSP T112,T679,0"/><instruction code="CSNP T112,T679,1"/><instruction code="SET T113, T10"/><instruction code="SETL T114,24"/><instruction code="NEG  T114,T114"/><instruction code="ADD T115,T113,T114"/><instruction code="LDO T115,T115,0"/><instruction code="SETL T116,57"/><instruction code="CMP T686,T115,T116"/><instruction code="CSP T117,T686,0"/><instruction code="CSNP T117,T686,1"/><instruction code="AND T687,T112,T117"/><instruction code="BNZ T687,L25"/><instruction code="L78"/><instruction code="SET T138, T10"/><instruction code="SETL T139,24"/><instruction code="NEG  T139,T139"/><instruction code="ADD T140,T138,T139"/><instruction code="LDO T140,T140,0"/><instruction code="SETL T141,10"/><instruction code="SETL T142,256"/><instruction code="DIV T143,T141,T142"/><instruction code="GET T143,rR"/><instruction code="CMP T696,T140,T143"/><instruction code="CSZ T695,T696,0"/><instruction code="CSNZ T695,T696,1"/><instruction code="BNZ T695,L27"/><instruction code="L79"/><instruction code="SETL T697,0"/><instruction code="JMP L29"/><instruction code="L25"/><instruction code="SET T118, T10"/><instruction code="SETL T119,16"/><instruction code="NEG  T119,T119"/><instruction code="ADD T120,T118,T119"/><instruction code="SET T121, T10"/><instruction code="SETL T122,16"/><instruction code="NEG  T122,T122"/><instruction code="ADD T123,T121,T122"/><instruction code="LDO T123,T123,0"/><instruction code="SETL T124,10"/><instruction code="MUL T125,T123,T124"/><instruction code="SET T126, T10"/><instruction code="SETL T127,24"/><instruction code="NEG  T127,T127"/><instruction code="ADD T128,T126,T127"/><instruction code="LDO T128,T128,0"/><instruction code="SETL T129,48"/><instruction code="SUB T130,T128,T129"/><instruction code="ADD T131,T125,T130"/><instruction code="STO T131, T120,0"/><instruction code="SET T132, T10"/><instruction code="SETL T133,24"/><instruction code="NEG  T133,T133"/><instruction code="ADD T134,T132,T133"/><instruction code="LDO T135,T10,0"/><instruction code="STO T135,$254,0"/><instruction code="PUSHJ $5,_getChar"/><instruction code="LDO T136,$254,0"/><instruction code="SET T137, T136"/><instruction code="STO T137, T134,0"/><instruction code="SETL T727,0"/><instruction code="JMP L24"/><instruction code="L26"/><instruction code="SET T138, T10"/><instruction code="SETL T139,24"/><instruction code="NEG  T139,T139"/><instruction code="ADD T140,T138,T139"/><instruction code="LDO T140,T140,0"/><instruction code="SETL T141,10"/><instruction code="SETL T142,256"/><instruction code="DIV T143,T141,T142"/><instruction code="GET T143,rR"/><instruction code="CMP T736,T140,T143"/><instruction code="CSZ T735,T736,0"/><instruction code="CSNZ T735,T736,1"/><instruction code="BNZ T735,L27"/><instruction code="L80"/><instruction code="SETL T737,0"/><instruction code="JMP L29"/><instruction code="L27"/><instruction code="LDO T738,T10,0"/><instruction code="STO T738,$254,0"/><instruction code="PUSHJ $5,_exit"/><instruction code="LDO T738,$254,0"/><instruction code="JMP L29"/><instruction code="L28"/><instruction code="SETL T739,0"/><instruction code="JMP L29"/><instruction code="L29"/><instruction code="SET T144, T10"/><instruction code="SETL T145,8"/><instruction code="NEG  T145,T145"/><instruction code="ADD T146,T144,T145"/><instruction code="LDO T146,T146,0"/><instruction code="SET T147, T10"/><instruction code="SETL T148,16"/><instruction code="NEG  T148,T148"/><instruction code="ADD T149,T147,T148"/><instruction code="LDO T149,T149,0"/><instruction code="MUL T150,T146,T149"/><instruction code="SET T11, T150"/><instruction code="JMP L71"/></instructions></code><code entrylabel="L81" exitlabel="L82" tempsize="0"><frame FP="T12" RV="T13" argssize="16" depth="0" label="_putString" locssize="8" size="40"/><instructions><instruction code="L81"/><instruction code="SET T151, T12"/><instruction code="SETL T152,8"/><instruction code="NEG  T152,T152"/><instruction code="ADD T153,T151,T152"/><instruction code="SETL T154,0"/><instruction code="STO T154, T153,0"/><instruction code="JMP L30"/><instruction code="L30"/><instruction code="SET T155, T12"/><instruction code="SETL T156,8"/><instruction code="ADD T157,T155,T156"/><instruction code="LDO T157,T157,0"/><instruction code="SET T158, T12"/><instruction code="SETL T159,8"/><instruction code="NEG  T159,T159"/><instruction code="ADD T160,T158,T159"/><instruction code="LDO T160,T160,0"/><instruction code="SETL T161,8"/><instruction code="MUL T162,T160,T161"/><instruction code="ADD T163,T157,T162"/><instruction code="LDO T163,T163,0"/><instruction code="SETL T164,0"/><instruction code="SETL T165,256"/><instruction code="DIV T166,T164,T165"/><instruction code="GET T166,rR"/><instruction code="CMP T773,T163,T166"/><instruction code="CSZ T772,T773,0"/><instruction code="CSNZ T772,T773,1"/><instruction code="BNZ T772,L31"/><instruction code="L83"/><instruction code="SETL T183,0"/><instruction code="SET T13, T183"/><instruction code="JMP L82"/><instruction code="L31"/><instruction code="SET T167, T12"/><instruction code="SETL T168,8"/><instruction code="ADD T169,T167,T168"/><instruction code="LDO T169,T169,0"/><instruction code="SET T170, T12"/><instruction code="SETL T171,8"/><instruction code="NEG  T171,T171"/><instruction code="ADD T172,T170,T171"/><instruction code="LDO T172,T172,0"/><instruction code="SETL T173,8"/><instruction code="MUL T174,T172,T173"/><instruction code="LDO T787,T12,0"/><instruction code="STO T787,$254,8"/><instruction code="ADD T787,T169,T174"/><instruction code="LDO T787,T787,0"/><instruction code="STO T787,$254,0"/><instruction code="PUSHJ $5,_putChar"/><instruction code="LDO T787,$254,0"/><instruction code="SET T175, T12"/><instruction code="SETL T176,8"/><instruction code="NEG  T176,T176"/><instruction code="ADD T177,T175,T176"/><instruction code="SET T178, T12"/><instruction code="SETL T179,8"/><instruction code="NEG  T179,T179"/><instruction code="ADD T180,T178,T179"/><instruction code="LDO T180,T180,0"/><instruction code="SETL T181,1"/><instruction code="ADD T182,T180,T181"/><instruction code="STO T182, T177,0"/><instruction code="SETL T800,0"/><instruction code="JMP L30"/><instruction code="L32"/><instruction code="SETL T183,0"/><instruction code="SET T13, T183"/><instruction code="JMP L82"/></instructions></code><code entrylabel="L84" exitlabel="L85" tempsize="0"><frame FP="T14" RV="T15" argssize="16" depth="1" label="L5" locssize="48" size="80"/><instructions><instruction code="L84"/><instruction code="SET T184, T14"/><instruction code="SETL T185,8"/><instruction code="ADD T186,T184,T185"/><instruction code="LDO T186,T186,0"/><instruction code="LDO T187,T14,0"/><instruction code="SETL T188,8"/><instruction code="NEG  T188,T188"/><instruction code="ADD T189,T187,T188"/><instruction code="LDO T189,T189,0"/><instruction code="CMP T812,T186,T189"/><instruction code="CSZ T811,T812,1"/><instruction code="CSNZ T811,T812,0"/><instruction code="BNZ T811,L54"/><instruction code="L86"/><instruction code="SET T258, T14"/><instruction code="SETL T259,48"/><instruction code="NEG  T259,T259"/><instruction code="ADD T260,T258,T259"/><instruction code="SETL T261,0"/><instruction code="STO T261, T260,0"/><instruction code="SET T262, T14"/><instruction code="SETL T263,32"/><instruction code="NEG  T263,T263"/><instruction code="ADD T264,T262,T263"/><instruction code="SETL T265,0"/><instruction code="STO T265, T264,0"/><instruction code="JMP L51"/><instruction code="L54"/><instruction code="LDO T827,T14,0"/><instruction code="LDO T827,T827,0"/><instruction code="STO T827,$254,8"/><instruction code="LDA T827,L4"/><instruction code="STO T827,$254,0"/><instruction code="PUSHJ $5,_putString"/><instruction code="LDO T827,$254,0"/><instruction code="SETL T190,10"/><instruction code="SETL T191,256"/><instruction code="LDO T831,T14,0"/><instruction code="LDO T831,T831,0"/><instruction code="STO T831,$254,8"/><instruction code="DIV T831,T190,T191"/><instruction code="GET T831,rR"/><instruction code="STO T831,$254,0"/><instruction code="PUSHJ $5,_putChar"/><instruction code="LDO T831,$254,0"/><instruction code="SET T192, T14"/><instruction code="SETL T193,32"/><instruction code="NEG  T193,T193"/><instruction code="ADD T194,T192,T193"/><instruction code="SETL T195,0"/><instruction code="STO T195, T194,0"/><instruction code="JMP L42"/><instruction code="L42"/><instruction code="SET T196, T14"/><instruction code="SETL T197,32"/><instruction code="NEG  T197,T197"/><instruction code="ADD T198,T196,T197"/><instruction code="LDO T198,T198,0"/><instruction code="LDO T199,T14,0"/><instruction code="SETL T200,8"/><instruction code="NEG  T200,T200"/><instruction code="ADD T201,T199,T200"/><instruction code="LDO T201,T201,0"/><instruction code="CMP T847,T198,T201"/><instruction code="CSN T846,T847,1"/><instruction code="CSNN T846,T847,0"/><instruction code="BNZ T846,L43"/><instruction code="L87"/><instruction code="SETL T252,10"/><instruction code="SETL T253,256"/><instruction code="LDO T850,T14,0"/><instruction code="LDO T850,T850,0"/><instruction code="STO T850,$254,8"/><instruction code="DIV T850,T252,T253"/><instruction code="GET T850,rR"/><instruction code="STO T850,$254,0"/><instruction code="PUSHJ $5,_putChar"/><instruction code="LDO T850,$254,0"/><instruction code="SET T254, T14"/><instruction code="SETL T255,48"/><instruction code="NEG  T255,T255"/><instruction code="ADD T256,T254,T255"/><instruction code="SETL T257,1"/><instruction code="STO T257, T256,0"/><instruction code="SETL T858,0"/><instruction code="JMP L56"/><instruction code="L43"/><instruction code="SET T202, T14"/><instruction code="SETL T203,8"/><instruction code="ADD T204,T202,T203"/><instruction code="SETL T205,0"/><instruction code="STO T205, T204,0"/><instruction code="JMP L39"/><instruction code="L39"/><instruction code="SET T206, T14"/><instruction code="SETL T207,8"/><instruction code="ADD T208,T206,T207"/><instruction code="LDO T208,T208,0"/><instruction code="LDO T209,T14,0"/><instruction code="SETL T210,8"/><instruction code="NEG  T210,T210"/><instruction code="ADD T211,T209,T210"/><instruction code="LDO T211,T211,0"/><instruction code="CMP T874,T208,T211"/><instruction code="CSN T873,T874,1"/><instruction code="CSNN T873,T874,0"/><instruction code="BNZ T873,L40"/><instruction code="L88"/><instruction code="SETL T242,10"/><instruction code="SETL T243,256"/><instruction code="LDO T877,T14,0"/><instruction code="LDO T877,T877,0"/><instruction code="STO T877,$254,8"/><instruction code="DIV T877,T242,T243"/><instruction code="GET T877,rR"/><instruction code="STO T877,$254,0"/><instruction code="PUSHJ $5,_putChar"/><instruction code="LDO T877,$254,0"/><instruction code="SET T244, T14"/><instruction code="SETL T245,32"/><instruction code="NEG  T245,T245"/><instruction code="ADD T246,T244,T245"/><instruction code="SET T247, T14"/><instruction code="SETL T248,32"/><instruction code="NEG  T248,T248"/><instruction code="ADD T249,T247,T248"/><instruction code="LDO T249,T249,0"/><instruction code="SETL T250,1"/><instruction code="ADD T251,T249,T250"/><instruction code="STO T251, T246,0"/><instruction code="SETL T890,0"/><instruction code="JMP L42"/><instruction code="L40"/><instruction code="LDO T212,T14,0"/><instruction code="SETL T213,264"/><instruction code="NEG  T213,T213"/><instruction code="ADD T214,T212,T213"/><instruction code="SET T215, T14"/><instruction code="SETL T216,8"/><instruction code="ADD T217,T215,T216"/><instruction code="LDO T217,T217,0"/><instruction code="SETL T218,8"/><instruction code="MUL T219,T217,T218"/><instruction code="ADD T220,T214,T219"/><instruction code="LDO T220,T220,0"/><instruction code="SET T221, T14"/><instruction code="SETL T222,32"/><instruction code="NEG  T222,T222"/><instruction code="ADD T223,T221,T222"/><instruction code="LDO T223,T223,0"/><instruction code="CMP T906,T220,T223"/><instruction code="CSZ T905,T906,1"/><instruction code="CSNZ T905,T906,0"/><instruction code="BNZ T905,L36"/><instruction code="L89"/><instruction code="SET T228, T14"/><instruction code="SETL T229,16"/><instruction code="NEG  T229,T229"/><instruction code="ADD T230,T228,T229"/><instruction code="SETL T231,46"/><instruction code="STO T231, T230,0"/><instruction code="JMP L38"/><instruction code="L36"/><instruction code="SET T224, T14"/><instruction code="SETL T225,16"/><instruction code="NEG  T225,T225"/><instruction code="ADD T226,T224,T225"/><instruction code="SETL T227,79"/><instruction code="STO T227, T226,0"/><instruction code="JMP L38"/><instruction code="L37"/><instruction code="SET T228, T14"/><instruction code="SETL T229,16"/><instruction code="NEG  T229,T229"/><instruction code="ADD T230,T228,T229"/><instruction code="SETL T231,46"/><instruction code="STO T231, T230,0"/><instruction code="JMP L38"/><instruction code="L38"/><instruction code="SET T232, T14"/><instruction code="SETL T233,16"/><instruction code="NEG  T233,T233"/><instruction code="LDO T931,T14,0"/><instruction code="LDO T931,T931,0"/><instruction code="STO T931,$254,8"/><instruction code="ADD T931,T232,T233"/><instruction code="LDO T931,T931,0"/><instruction code="STO T931,$254,0"/><instruction code="PUSHJ $5,_putChar"/><instruction code="LDO T931,$254,0"/><instruction code="SET T234, T14"/><instruction code="SETL T235,8"/><instruction code="ADD T236,T234,T235"/><instruction code="SET T237, T14"/><instruction code="SETL T238,8"/><instruction code="ADD T239,T237,T238"/><instruction code="LDO T239,T239,0"/><instruction code="SETL T240,1"/><instruction code="ADD T241,T239,T240"/><instruction code="STO T241, T236,0"/><instruction code="SETL T944,0"/><instruction code="JMP L39"/><instruction code="L41"/><instruction code="SETL T242,10"/><instruction code="SETL T243,256"/><instruction code="LDO T947,T14,0"/><instruction code="LDO T947,T947,0"/><instruction code="STO T947,$254,8"/><instruction code="DIV T947,T242,T243"/><instruction code="GET T947,rR"/><instruction code="STO T947,$254,0"/><instruction code="PUSHJ $5,_putChar"/><instruction code="LDO T947,$254,0"/><instruction code="SET T244, T14"/><instruction code="SETL T245,32"/><instruction code="NEG  T245,T245"/><instruction code="ADD T246,T244,T245"/><instruction code="SET T247, T14"/><instruction code="SETL T248,32"/><instruction code="NEG  T248,T248"/><instruction code="ADD T249,T247,T248"/><instruction code="LDO T249,T249,0"/><instruction code="SETL T250,1"/><instruction code="ADD T251,T249,T250"/><instruction code="STO T251, T246,0"/><instruction code="SETL T960,0"/><instruction code="JMP L42"/><instruction code="L44"/><instruction code="SETL T252,10"/><instruction code="SETL T253,256"/><instruction code="LDO T963,T14,0"/><instruction code="LDO T963,T963,0"/><instruction code="STO T963,$254,8"/><instruction code="DIV T963,T252,T253"/><instruction code="GET T963,rR"/><instruction code="STO T963,$254,0"/><instruction code="PUSHJ $5,_putChar"/><instruction code="LDO T963,$254,0"/><instruction code="SET T254, T14"/><instruction code="SETL T255,48"/><instruction code="NEG  T255,T255"/><instruction code="ADD T256,T254,T255"/><instruction code="SETL T257,1"/><instruction code="STO T257, T256,0"/><instruction code="SETL T971,0"/><instruction code="JMP L56"/><instruction code="L55"/><instruction code="SET T258, T14"/><instruction code="SETL T259,48"/><instruction code="NEG  T259,T259"/><instruction code="ADD T260,T258,T259"/><instruction code="SETL T261,0"/><instruction code="STO T261, T260,0"/><instruction code="SET T262, T14"/><instruction code="SETL T263,32"/><instruction code="NEG  T263,T263"/><instruction code="ADD T264,T262,T263"/><instruction code="SETL T265,0"/><instruction code="STO T265, T264,0"/><instruction code="JMP L51"/><instruction code="L51"/><instruction code="SET T266, T14"/><instruction code="SETL T267,32"/><instruction code="NEG  T267,T267"/><instruction code="ADD T268,T266,T267"/><instruction code="LDO T268,T268,0"/><instruction code="LDO T269,T14,0"/><instruction code="SETL T270,8"/><instruction code="NEG  T270,T270"/><instruction code="ADD T271,T269,T270"/><instruction code="LDO T271,T271,0"/><instruction code="CMP T994,T268,T271"/><instruction code="CSN T993,T994,1"/><instruction code="CSNN T993,T994,0"/><instruction code="BNZ T993,L52"/><instruction code="L90"/><instruction code="SETL T995,0"/><instruction code="JMP L56"/><instruction code="L52"/><instruction code="LDO T272,T14,0"/><instruction code="SETL T273,264"/><instruction code="NEG  T273,T273"/><instruction code="ADD T274,T272,T273"/><instruction code="SET T275, T14"/><instruction code="SETL T276,8"/><instruction code="ADD T277,T275,T276"/><instruction code="LDO T277,T277,0"/><instruction code="SETL T278,8"/><instruction code="MUL T279,T277,T278"/><instruction code="ADD T280,T274,T279"/><instruction code="SET T281, T14"/><instruction code="SETL T282,32"/><instruction code="NEG  T282,T282"/><instruction code="ADD T283,T281,T282"/><instruction code="LDO T283,T283,0"/><instruction code="STO T283, T280,0"/><instruction code="SET T284, T14"/><instruction code="SETL T285,40"/><instruction code="NEG  T285,T285"/><instruction code="ADD T286,T284,T285"/><instruction code="SETL T287,1"/><instruction code="STO T287, T286,0"/><instruction code="SET T288, T14"/><instruction code="SETL T289,24"/><instruction code="NEG  T289,T289"/><instruction code="ADD T290,T288,T289"/><instruction code="SETL T291,0"/><instruction code="STO T291, T290,0"/><instruction code="JMP L45"/><instruction code="L45"/><instruction code="SET T292, T14"/><instruction code="SETL T293,24"/><instruction code="NEG  T293,T293"/><instruction code="ADD T294,T292,T293"/><instruction code="LDO T294,T294,0"/><instruction code="SET T295, T14"/><instruction code="SETL T296,8"/><instruction code="ADD T297,T295,T296"/><instruction code="LDO T297,T297,0"/><instruction code="CMP T1035,T294,T297"/><instruction code="CSN T1034,T1035,1"/><instruction code="CSNN T1034,T1035,0"/><instruction code="BNZ T1034,L46"/><instruction code="L91"/><instruction code="SETL T1036,0"/><instruction code="SET T400, T14"/><instruction code="SETL T401,40"/><instruction code="NEG  T401,T401"/><instruction code="ADD T1040,T400,T401"/><instruction code="LDO T1040,T1040,0"/><instruction code="BNZ T1040,L48"/><instruction code="L92"/><instruction code="SETL T1041,0"/><instruction code="JMP L50"/><instruction code="L46"/><instruction code="SET T298, T14"/><instruction code="SETL T299,40"/><instruction code="NEG  T299,T299"/><instruction code="ADD T300,T298,T299"/><instruction code="SET T301, T14"/><instruction code="SETL T302,40"/><instruction code="NEG  T302,T302"/><instruction code="ADD T303,T301,T302"/><instruction code="LDO T303,T303,0"/><instruction code="LDO T304,T14,0"/><instruction code="SETL T305,264"/><instruction code="NEG  T305,T305"/><instruction code="ADD T306,T304,T305"/><instruction code="SET T307, T14"/><instruction code="SETL T308,24"/><instruction code="NEG  T308,T308"/><instruction code="ADD T309,T307,T308"/><instruction code="LDO T309,T309,0"/><instruction code="SETL T310,8"/><instruction code="MUL T311,T309,T310"/><instruction code="ADD T312,T306,T311"/><instruction code="LDO T312,T312,0"/><instruction code="LDO T313,T14,0"/><instruction code="SETL T314,264"/><instruction code="NEG  T314,T314"/><instruction code="ADD T315,T313,T314"/><instruction code="SET T316, T14"/><instruction code="SETL T317,8"/><instruction code="ADD T318,T316,T317"/><instruction code="LDO T318,T318,0"/><instruction code="SETL T319,8"/><instruction code="MUL T320,T318,T319"/><instruction code="ADD T321,T315,T320"/><instruction code="LDO T321,T321,0"/><instruction code="CMP T1071,T312,T321"/><instruction code="CSZ T322,T1071,0"/><instruction code="CSNZ T322,T1071,1"/><instruction code="AND T323,T303,T322"/><instruction code="STO T323, T300,0"/><instruction code="SET T324, T14"/><instruction code="SETL T325,40"/><instruction code="NEG  T325,T325"/><instruction code="ADD T326,T324,T325"/><instruction code="SET T327, T14"/><instruction code="SETL T328,40"/><instruction code="NEG  T328,T328"/><instruction code="ADD T329,T327,T328"/><instruction code="LDO T329,T329,0"/><instruction code="LDO T330,T14,0"/><instruction code="SETL T331,264"/><instruction code="NEG  T331,T331"/><instruction code="ADD T332,T330,T331"/><instruction code="SET T333, T14"/><instruction code="SETL T334,24"/><instruction code="NEG  T334,T334"/><instruction code="ADD T335,T333,T334"/><instruction code="LDO T335,T335,0"/><instruction code="SETL T336,8"/><instruction code="MUL T337,T335,T336"/><instruction code="ADD T338,T332,T337"/><instruction code="LDO T338,T338,0"/><instruction code="LDO T339,T14,0"/><instruction code="SETL T340,264"/><instruction code="NEG  T340,T340"/><instruction code="ADD T341,T339,T340"/><instruction code="SET T342, T14"/><instruction code="SETL T343,8"/><instruction code="ADD T344,T342,T343"/><instruction code="LDO T344,T344,0"/><instruction code="SETL T345,8"/><instruction code="MUL T346,T344,T345"/><instruction code="ADD T347,T341,T346"/><instruction code="LDO T347,T347,0"/><instruction code="SUB T348,T338,T347"/><instruction code="SET T349, T14"/><instruction code="SETL T350,24"/><instruction code="NEG  T350,T350"/><instruction code="ADD T351,T349,T350"/><instruction code="LDO T351,T351,0"/><instruction code="SET T352, T14"/><instruction code="SETL T353,8"/><instruction code="ADD T354,T352,T353"/><instruction code="LDO T354,T354,0"/><instruction code="SUB T355,T351,T354"/><instruction code="CMP T1114,T348,T355"/><instruction code="CSZ T356,T1114,0"/><instruction code="CSNZ T356,T1114,1"/><instruction code="AND T357,T329,T356"/><instruction code="STO T357, T326,0"/><instruction code="SET T358, T14"/><instruction code="SETL T359,40"/><instruction code="NEG  T359,T359"/><instruction code="ADD T360,T358,T359"/><instruction code="SET T361, T14"/><instruction code="SETL T362,40"/><instruction code="NEG  T362,T362"/><instruction code="ADD T363,T361,T362"/><instruction code="LDO T363,T363,0"/><instruction code="LDO T364,T14,0"/><instruction code="SETL T365,264"/><instruction code="NEG  T365,T365"/><instruction code="ADD T366,T364,T365"/><instruction code="SET T367, T14"/><instruction code="SETL T368,24"/><instruction code="NEG  T368,T368"/><instruction code="ADD T369,T367,T368"/><instruction code="LDO T369,T369,0"/><instruction code="SETL T370,8"/><instruction code="MUL T371,T369,T370"/><instruction code="ADD T372,T366,T371"/><instruction code="LDO T372,T372,0"/><instruction code="LDO T373,T14,0"/><instruction code="SETL T374,264"/><instruction code="NEG  T374,T374"/><instruction code="ADD T375,T373,T374"/><instruction code="SET T376, T14"/><instruction code="SETL T377,8"/><instruction code="ADD T378,T376,T377"/><instruction code="LDO T378,T378,0"/><instruction code="SETL T379,8"/><instruction code="MUL T380,T378,T379"/><instruction code="ADD T381,T375,T380"/><instruction code="LDO T381,T381,0"/><instruction code="SUB T382,T372,T381"/><instruction code="SET T383, T14"/><instruction code="SETL T384,8"/><instruction code="ADD T385,T383,T384"/><instruction code="LDO T385,T385,0"/><instruction code="SET T386, T14"/><instruction code="SETL T387,24"/><instruction code="NEG  T387,T387"/><instruction code="ADD T388,T386,T387"/><instruction code="LDO T388,T388,0"/><instruction code="SUB T389,T385,T388"/><instruction code="CMP T1157,T382,T389"/><instruction code="CSZ T390,T1157,0"/><instruction code="CSNZ T390,T1157,1"/><instruction code="AND T391,T363,T390"/><instruction code="STO T391, T360,0"/><instruction code="SET T392, T14"/><instruction code="SETL T393,24"/><instruction code="NEG  T393,T393"/><instruction code="ADD T394,T392,T393"/><instruction code="SET T395, T14"/><instruction code="SETL T396,24"/><instruction code="NEG  T396,T396"/><instruction code="ADD T397,T395,T396"/><instruction code="LDO T397,T397,0"/><instruction code="SETL T398,1"/><instruction code="ADD T399,T397,T398"/><instruction code="STO T399, T394,0"/><instruction code="SETL T1173,0"/><instruction code="JMP L45"/><instruction code="L47"/><instruction code="SETL T1174,0"/><instruction code="SET T400, T14"/><instruction code="SETL T401,40"/><instruction code="NEG  T401,T401"/><instruction code="ADD T1178,T400,T401"/><instruction code="LDO T1178,T1178,0"/><instruction code="BNZ T1178,L48"/><instruction code="L93"/><instruction code="SETL T1179,0"/><instruction code="JMP L50"/><instruction code="L48"/><instruction code="SET T402, T14"/><instruction code="SETL T403,48"/><instruction code="NEG  T403,T403"/><instruction code="ADD T404,T402,T403"/><instruction code="SET T405, T14"/><instruction code="SETL T406,48"/><instruction code="NEG  T406,T406"/><instruction code="ADD T407,T405,T406"/><instruction code="LDO T407,T407,0"/><instruction code="LDO T408,T14,0"/><instruction code="SET T409, T14"/><instruction code="SETL T410,8"/><instruction code="ADD T411,T409,T410"/><instruction code="LDO T411,T411,0"/><instruction code="SETL T412,1"/><instruction code="ADD T413,T411,T412"/><instruction code="STO T408,$254,8"/><instruction code="STO T413,$254,0"/><instruction code="PUSHJ $5,L5"/><instruction code="LDO T414,$254,0"/><instruction code="SET T415, T414"/><instruction code="ADD T416,T407,T415"/><instruction code="STO T416, T404,0"/><instruction code="JMP L50"/><instruction code="L49"/><instruction code="SETL T1201,0"/><instruction code="JMP L50"/><instruction code="L50"/><instruction code="SET T417, T14"/><instruction code="SETL T418,32"/><instruction code="NEG  T418,T418"/><instruction code="ADD T419,T417,T418"/><instruction code="SET T420, T14"/><instruction code="SETL T421,32"/><instruction code="NEG  T421,T421"/><instruction code="ADD T422,T420,T421"/><instruction code="LDO T422,T422,0"/><instruction code="SETL T423,1"/><instruction code="ADD T424,T422,T423"/><instruction code="STO T424, T419,0"/><instruction code="SETL T1214,0"/><instruction code="JMP L51"/><instruction code="L53"/><instruction code="SETL T1215,0"/><instruction code="JMP L56"/><instruction code="L56"/><instruction code="SET T425, T14"/><instruction code="SETL T426,48"/><instruction code="NEG  T426,T426"/><instruction code="ADD T427,T425,T426"/><instruction code="LDO T427,T427,0"/><instruction code="SET T15, T427"/><instruction code="JMP L85"/></instructions></code><code entrylabel="L94" exitlabel="L95" tempsize="0"><frame FP="T16" RV="T17" argssize="16" depth="0" label="_main" locssize="264" size="296"/><instructions><instruction code="L94"/><instruction code="SET T428, T16"/><instruction code="SETL T429,8"/><instruction code="NEG  T429,T429"/><instruction code="ADD T430,T428,T429"/><instruction code="LDO T431,T16,0"/><instruction code="STO T431,$254,0"/><instruction code="PUSHJ $5,_getInteger"/><instruction code="LDO T432,$254,0"/><instruction code="SET T433, T432"/><instruction code="STO T433, T430,0"/><instruction code="SET T434, T16"/><instruction code="SETL T435,8"/><instruction code="NEG  T435,T435"/><instruction code="ADD T436,T434,T435"/><instruction code="SET T437, T16"/><instruction code="SETL T438,0"/><instruction code="STO T437,$254,8"/><instruction code="STO T438,$254,0"/><instruction code="PUSHJ $5,L5"/><instruction code="LDO T439,$254,0"/><instruction code="SET T440, T439"/><instruction code="STO T440, T436,0"/><instruction code="LDO T1244,T16,0"/><instruction code="STO T1244,$254,8"/><instruction code="LDA T1244,L2"/><instruction code="STO T1244,$254,0"/><instruction code="PUSHJ $5,_putString"/><instruction code="LDO T1244,$254,0"/><instruction code="SET T441, T16"/><instruction code="SETL T442,8"/><instruction code="NEG  T442,T442"/><instruction code="LDO T1249,T16,0"/><instruction code="STO T1249,$254,8"/><instruction code="ADD T1249,T441,T442"/><instruction code="LDO T1249,T1249,0"/><instruction code="STO T1249,$254,0"/><instruction code="PUSHJ $5,_putInteger"/><instruction code="LDO T1249,$254,0"/><instruction code="SETL T443,10"/><instruction code="SETL T444,256"/><instruction code="LDO T1252,T16,0"/><instruction code="STO T1252,$254,8"/><instruction code="DIV T1252,T443,T444"/><instruction code="GET T1252,rR"/><instruction code="STO T1252,$254,0"/><instruction code="PUSHJ $5,_putChar"/><instruction code="LDO T1252,$254,0"/><instruction code="SETL T445,10"/><instruction code="SETL T446,256"/><instruction code="LDO T1255,T16,0"/><instruction code="STO T1255,$254,8"/><instruction code="DIV T1255,T445,T446"/><instruction code="GET T1255,rR"/><instruction code="STO T1255,$254,0"/><instruction code="PUSHJ $5,_putChar"/><instruction code="LDO T1255,$254,0"/><instruction code="SETL T447,0"/><instruction code="SET T17, T447"/><instruction code="JMP L95"/></instructions></code></asmgen>