<?xml version="1.0" encoding="UTF-8" standalone="no"?><?xml-stylesheet type="text/xsl" href="../lib/xsl/synan.xsl"?><synan><nont label="source"><nont label="decl"><term lexeme="typ" token="KW_TYP"><location begcolumn="1" begline="5" endcolumn="3" endline="5" loc="5.1 - 5.3"/></term><term lexeme="mojStruct1" token="IDENTIFIER"><location begcolumn="5" begline="5" endcolumn="14" endline="5" loc="5.5 - 5.14"/></term><term lexeme="=" token="SIM_IS"><location begcolumn="16" begline="5" endcolumn="16" endline="5" loc="5.16 - 5.16"/></term><nont label="type"><term lexeme="{" token="SIM_LSQLBR"><location begcolumn="18" begline="5" endcolumn="18" endline="5" loc="5.18 - 5.18"/></term><term lexeme="field1" token="IDENTIFIER"><location begcolumn="20" begline="5" endcolumn="25" endline="5" loc="5.20 - 5.25"/></term><term lexeme=":" token="SIM_COL"><location begcolumn="27" begline="5" endcolumn="27" endline="5" loc="5.27 - 5.27"/></term><nont label="type"><term lexeme="char" token="KW_CHAR"><location begcolumn="29" begline="5" endcolumn="32" endline="5" loc="5.29 - 5.32"/></term><nont label="type_p"/></nont><nont label="type_args"><term lexeme="," token="SIM_COM"><location begcolumn="33" begline="5" endcolumn="33" endline="5" loc="5.33 - 5.33"/></term><term lexeme="field2" token="IDENTIFIER"><location begcolumn="35" begline="5" endcolumn="40" endline="5" loc="5.35 - 5.40"/></term><term lexeme=":" token="SIM_COL"><location begcolumn="42" begline="5" endcolumn="42" endline="5" loc="5.42 - 5.42"/></term><nont label="type"><term lexeme="integer" token="KW_INTEGER"><location begcolumn="44" begline="5" endcolumn="50" endline="5" loc="5.44 - 5.50"/></term><nont label="type_p"/></nont><nont label="type_args"><term lexeme="," token="SIM_COM"><location begcolumn="51" begline="5" endcolumn="51" endline="5" loc="5.51 - 5.51"/></term><term lexeme="field3" token="IDENTIFIER"><location begcolumn="53" begline="5" endcolumn="58" endline="5" loc="5.53 - 5.58"/></term><term lexeme=":" token="SIM_COL"><location begcolumn="60" begline="5" endcolumn="60" endline="5" loc="5.60 - 5.60"/></term><nont label="type"><term lexeme="boolean" token="KW_BOOLEAN"><location begcolumn="62" begline="5" endcolumn="68" endline="5" loc="5.62 - 5.68"/></term><nont label="type_p"/></nont><nont label="type_args"><term lexeme="," token="SIM_COM"><location begcolumn="69" begline="5" endcolumn="69" endline="5" loc="5.69 - 5.69"/></term><term lexeme="mojVoid" token="IDENTIFIER"><location begcolumn="71" begline="5" endcolumn="77" endline="5" loc="5.71 - 5.77"/></term><term lexeme=":" token="SIM_COL"><location begcolumn="78" begline="5" endcolumn="78" endline="5" loc="5.78 - 5.78"/></term><nont label="type"><term lexeme="^" token="SIM_TOP"><location begcolumn="80" begline="5" endcolumn="80" endline="5" loc="5.80 - 5.80"/></term><nont label="type"><term lexeme="char" token="KW_CHAR"><location begcolumn="81" begline="5" endcolumn="84" endline="5" loc="5.81 - 5.84"/></term><nont label="type_p"/></nont><nont label="type_p"/></nont><nont label="type_args"/></nont></nont></nont><term lexeme="}" token="SIM_RSQLBR"><location begcolumn="86" begline="5" endcolumn="86" endline="5" loc="5.86 - 5.86"/></term><nont label="type_p"/></nont></nont><nont label="source_p"><nont label="decl"><term lexeme="typ" token="KW_TYP"><location begcolumn="1" begline="6" endcolumn="3" endline="6" loc="6.1 - 6.3"/></term><term lexeme="mojStruct2" token="IDENTIFIER"><location begcolumn="5" begline="6" endcolumn="14" endline="6" loc="6.5 - 6.14"/></term><term lexeme="=" token="SIM_IS"><location begcolumn="16" begline="6" endcolumn="16" endline="6" loc="6.16 - 6.16"/></term><nont label="type"><term lexeme="{" token="SIM_LSQLBR"><location begcolumn="18" begline="6" endcolumn="18" endline="6" loc="6.18 - 6.18"/></term><term lexeme="ff1" token="IDENTIFIER"><location begcolumn="20" begline="6" endcolumn="22" endline="6" loc="6.20 - 6.22"/></term><term lexeme=":" token="SIM_COL"><location begcolumn="24" begline="6" endcolumn="24" endline="6" loc="6.24 - 6.24"/></term><nont label="type"><term lexeme="char" token="KW_CHAR"><location begcolumn="26" begline="6" endcolumn="29" endline="6" loc="6.26 - 6.29"/></term><nont label="type_p"/></nont><nont label="type_args"><term lexeme="," token="SIM_COM"><location begcolumn="30" begline="6" endcolumn="30" endline="6" loc="6.30 - 6.30"/></term><term lexeme="ff2" token="IDENTIFIER"><location begcolumn="32" begline="6" endcolumn="34" endline="6" loc="6.32 - 6.34"/></term><term lexeme=":" token="SIM_COL"><location begcolumn="36" begline="6" endcolumn="36" endline="6" loc="6.36 - 6.36"/></term><nont label="type"><term lexeme="integer" token="KW_INTEGER"><location begcolumn="38" begline="6" endcolumn="44" endline="6" loc="6.38 - 6.44"/></term><nont label="type_p"/></nont><nont label="type_args"><term lexeme="," token="SIM_COM"><location begcolumn="45" begline="6" endcolumn="45" endline="6" loc="6.45 - 6.45"/></term><term lexeme="ff3" token="IDENTIFIER"><location begcolumn="47" begline="6" endcolumn="49" endline="6" loc="6.47 - 6.49"/></term><term lexeme=":" token="SIM_COL"><location begcolumn="51" begline="6" endcolumn="51" endline="6" loc="6.51 - 6.51"/></term><nont label="type"><term lexeme="boolean" token="KW_BOOLEAN"><location begcolumn="53" begline="6" endcolumn="59" endline="6" loc="6.53 - 6.59"/></term><nont label="type_p"/></nont><nont label="type_args"><term lexeme="," token="SIM_COM"><location begcolumn="60" begline="6" endcolumn="60" endline="6" loc="6.60 - 6.60"/></term><term lexeme="mojPtr" token="IDENTIFIER"><location begcolumn="62" begline="6" endcolumn="67" endline="6" loc="6.62 - 6.67"/></term><term lexeme=":" token="SIM_COL"><location begcolumn="68" begline="6" endcolumn="68" endline="6" loc="6.68 - 6.68"/></term><nont label="type"><term lexeme="mojStruct1" token="IDENTIFIER"><location begcolumn="70" begline="6" endcolumn="79" endline="6" loc="6.70 - 6.79"/></term><nont label="type_p"/></nont><nont label="type_args"/></nont></nont></nont><term lexeme="}" token="SIM_RSQLBR"><location begcolumn="81" begline="6" endcolumn="81" endline="6" loc="6.81 - 6.81"/></term><nont label="type_p"/></nont></nont><nont label="source_p"><nont label="decl"><term lexeme="var" token="KW_VAR"><location begcolumn="1" begline="10" endcolumn="3" endline="10" loc="10.1 - 10.3"/></term><term lexeme="test" token="IDENTIFIER"><location begcolumn="5" begline="10" endcolumn="8" endline="10" loc="10.5 - 10.8"/></term><term lexeme=":" token="SIM_COL"><location begcolumn="10" begline="10" endcolumn="10" endline="10" loc="10.10 - 10.10"/></term><nont label="type"><term lexeme="integer" token="KW_INTEGER"><location begcolumn="12" begline="10" endcolumn="18" endline="10" loc="10.12 - 10.18"/></term><nont label="type_p"/></nont></nont><nont label="source_p"><nont label="decl"><term lexeme="var" token="KW_VAR"><location begcolumn="1" begline="11" endcolumn="3" endline="11" loc="11.1 - 11.3"/></term><term lexeme="topkek" token="IDENTIFIER"><location begcolumn="5" begline="11" endcolumn="10" endline="11" loc="11.5 - 11.10"/></term><term lexeme=":" token="SIM_COL"><location begcolumn="12" begline="11" endcolumn="12" endline="11" loc="11.12 - 11.12"/></term><nont label="type"><term lexeme="integer" token="KW_INTEGER"><location begcolumn="14" begline="11" endcolumn="20" endline="11" loc="11.14 - 11.20"/></term><nont label="type_p"><term lexeme="[" token="SIM_LSQRBR"><location begcolumn="21" begline="11" endcolumn="21" endline="11" loc="11.21 - 11.21"/></term><nont label="declaration_binder"><nont label="disjunctive"><nont label="conjunctive"><nont label="relational"><nont label="additive"><nont label="multiplicative"><nont label="prefix"><nont label="postfix"><nont label="expr"><term lexeme="19" token="CONST_INTEGER"><location begcolumn="22" begline="11" endcolumn="23" endline="11" loc="11.22 - 11.23"/></term></nont><nont label="postfix_p"/></nont></nont><nont label="multiplicative_p"/></nont><nont label="additive_p"/></nont><nont label="relational_p"/></nont><nont label="conjunctive_p"/></nont><nont label="disjunctive_p"/></nont><nont label="declaration_binder_p"/></nont><term lexeme="]" token="SIM_RSQRBR"><location begcolumn="24" begline="11" endcolumn="24" endline="11" loc="11.24 - 11.24"/></term><nont label="type_p"/></nont></nont></nont><nont label="source_p"><nont label="decl"><term lexeme="fun" token="KW_FUN"><location begcolumn="1" begline="13" endcolumn="3" endline="13" loc="13.1 - 13.3"/></term><term lexeme="main" token="IDENTIFIER"><location begcolumn="5" begline="13" endcolumn="8" endline="13" loc="13.5 - 13.8"/></term><term lexeme="(" token="SIM_LPAR"><location begcolumn="9" begline="13" endcolumn="9" endline="13" loc="13.9 - 13.9"/></term><nont label="decl_p"/><term lexeme=")" token="SIM_RPAR"><location begcolumn="10" begline="13" endcolumn="10" endline="13" loc="13.10 - 13.10"/></term><term lexeme=":" token="SIM_COL"><location begcolumn="11" begline="13" endcolumn="11" endline="13" loc="13.11 - 13.11"/></term><nont label="type"><term lexeme="char" token="KW_CHAR"><location begcolumn="13" begline="13" endcolumn="16" endline="13" loc="13.13 - 13.16"/></term><nont label="type_p"/></nont><term lexeme="=" token="SIM_IS"><location begcolumn="18" begline="13" endcolumn="18" endline="13" loc="13.18 - 13.18"/></term><nont label="declaration_binder"><nont label="disjunctive"><nont label="conjunctive"><nont label="relational"><nont label="additive"><nont label="multiplicative"><nont label="prefix"><nont label="postfix"><nont label="expr"><term lexeme="{" token="SIM_LSQLBR"><location begcolumn="20" begline="13" endcolumn="20" endline="13" loc="13.20 - 13.20"/></term><nont label="stmnt"><nont label="declaration_binder"><nont label="disjunctive"><nont label="conjunctive"><nont label="relational"><nont label="additive"><nont label="multiplicative"><nont label="prefix"><nont label="postfix"><nont label="expr"><term lexeme="xx" token="IDENTIFIER"><location begcolumn="3" begline="14" endcolumn="4" endline="14" loc="14.3 - 14.4"/></term><nont label="expr_p"/></nont><nont label="postfix_p"/></nont></nont><nont label="multiplicative_p"/></nont><nont label="additive_p"/></nont><nont label="relational_p"/></nont><nont label="conjunctive_p"/></nont><nont label="disjunctive_p"/></nont><nont label="declaration_binder_p"/></nont><nont label="stmnt_p"><term lexeme="=" token="SIM_IS"><location begcolumn="6" begline="14" endcolumn="6" endline="14" loc="14.6 - 14.6"/></term><nont label="declaration_binder"><nont label="disjunctive"><nont label="conjunctive"><nont label="relational"><nont label="additive"><nont label="multiplicative"><nont label="prefix"><term lexeme="^" token="SIM_TOP"><location begcolumn="8" begline="14" endcolumn="8" endline="14" loc="14.8 - 14.8"/></term><nont label="prefix"><nont label="postfix"><nont label="expr"><term lexeme="topkek" token="IDENTIFIER"><location begcolumn="9" begline="14" endcolumn="14" endline="14" loc="14.9 - 14.14"/></term><nont label="expr_p"/></nont><nont label="postfix_p"><term lexeme="[" token="SIM_LSQRBR"><location begcolumn="15" begline="14" endcolumn="15" endline="14" loc="14.15 - 14.15"/></term><nont label="declaration_binder"><nont label="disjunctive"><nont label="conjunctive"><nont label="relational"><nont label="additive"><nont label="multiplicative"><nont label="prefix"><nont label="postfix"><nont label="expr"><term lexeme="5" token="CONST_INTEGER"><location begcolumn="16" begline="14" endcolumn="16" endline="14" loc="14.16 - 14.16"/></term></nont><nont label="postfix_p"/></nont></nont><nont label="multiplicative_p"/></nont><nont label="additive_p"/></nont><nont label="relational_p"/></nont><nont label="conjunctive_p"/></nont><nont label="disjunctive_p"/></nont><nont label="declaration_binder_p"/></nont><term lexeme="]" token="SIM_RSQRBR"><location begcolumn="17" begline="14" endcolumn="17" endline="14" loc="14.17 - 14.17"/></term><nont label="postfix_p"/></nont></nont></nont></nont><nont label="multiplicative_p"/></nont><nont label="additive_p"/></nont><nont label="relational_p"/></nont><nont label="conjunctive_p"/></nont><nont label="disjunctive_p"/></nont><nont label="declaration_binder_p"/></nont></nont></nont><term lexeme=";" token="SIM_SCOL"><location begcolumn="18" begline="14" endcolumn="18" endline="14" loc="14.18 - 14.18"/></term><nont label="stmnt_args"><nont label="stmnt"><nont label="declaration_binder"><nont label="disjunctive"><nont label="conjunctive"><nont label="relational"><nont label="additive"><nont label="multiplicative"><nont label="prefix"><nont label="postfix"><nont label="expr"><term lexeme="xx" token="IDENTIFIER"><location begcolumn="3" begline="15" endcolumn="4" endline="15" loc="15.3 - 15.4"/></term><nont label="expr_p"/></nont><nont label="postfix_p"><term lexeme="^" token="SIM_TOP"><location begcolumn="5" begline="15" endcolumn="5" endline="15" loc="15.5 - 15.5"/></term><nont label="postfix_p"/></nont></nont></nont><nont label="multiplicative_p"/></nont><nont label="additive_p"/></nont><nont label="relational_p"/></nont><nont label="conjunctive_p"/></nont><nont label="disjunctive_p"/></nont><nont label="declaration_binder_p"/></nont><nont label="stmnt_p"><term lexeme="=" token="SIM_IS"><location begcolumn="7" begline="15" endcolumn="7" endline="15" loc="15.7 - 15.7"/></term><nont label="declaration_binder"><nont label="disjunctive"><nont label="conjunctive"><nont label="relational"><nont label="additive"><nont label="multiplicative"><nont label="prefix"><nont label="postfix"><nont label="expr"><term lexeme="23" token="CONST_INTEGER"><location begcolumn="9" begline="15" endcolumn="10" endline="15" loc="15.9 - 15.10"/></term></nont><nont label="postfix_p"/></nont></nont><nont label="multiplicative_p"/></nont><nont label="additive_p"/></nont><nont label="relational_p"/></nont><nont label="conjunctive_p"/></nont><nont label="disjunctive_p"/></nont><nont label="declaration_binder_p"/></nont></nont></nont><term lexeme=";" token="SIM_SCOL"><location begcolumn="11" begline="15" endcolumn="11" endline="15" loc="15.11 - 15.11"/></term><nont label="stmnt_args"><nont label="stmnt"><nont label="declaration_binder"><nont label="disjunctive"><nont label="conjunctive"><nont label="relational"><nont label="additive"><nont label="multiplicative"><nont label="prefix"><nont label="postfix"><nont label="expr"><term lexeme="hh" token="IDENTIFIER"><location begcolumn="3" begline="16" endcolumn="4" endline="16" loc="16.3 - 16.4"/></term><nont label="expr_p"/></nont><nont label="postfix_p"><term lexeme="." token="SIM_DOT"><location begcolumn="5" begline="16" endcolumn="5" endline="16" loc="16.5 - 16.5"/></term><term lexeme="mojPtr" token="IDENTIFIER"><location begcolumn="6" begline="16" endcolumn="11" endline="16" loc="16.6 - 16.11"/></term><nont label="postfix_p"><term lexeme="." token="SIM_DOT"><location begcolumn="12" begline="16" endcolumn="12" endline="16" loc="16.12 - 16.12"/></term><term lexeme="field2" token="IDENTIFIER"><location begcolumn="13" begline="16" endcolumn="18" endline="16" loc="16.13 - 16.18"/></term><nont label="postfix_p"/></nont></nont></nont></nont><nont label="multiplicative_p"/></nont><nont label="additive_p"/></nont><nont label="relational_p"/></nont><nont label="conjunctive_p"/></nont><nont label="disjunctive_p"/></nont><nont label="declaration_binder_p"/></nont><nont label="stmnt_p"><term lexeme="=" token="SIM_IS"><location begcolumn="20" begline="16" endcolumn="20" endline="16" loc="16.20 - 16.20"/></term><nont label="declaration_binder"><nont label="disjunctive"><nont label="conjunctive"><nont label="relational"><nont label="additive"><nont label="multiplicative"><nont label="prefix"><nont label="postfix"><nont label="expr"><term lexeme="kkkkkk" token="IDENTIFIER"><location begcolumn="22" begline="16" endcolumn="27" endline="16" loc="16.22 - 16.27"/></term><nont label="expr_p"><term lexeme="(" token="SIM_LPAR"><location begcolumn="28" begline="16" endcolumn="28" endline="16" loc="16.28 - 16.28"/></term><nont label="declaration_binder"><nont label="disjunctive"><nont label="conjunctive"><nont label="relational"><nont label="additive"><nont label="multiplicative"><nont label="prefix"><nont label="postfix"><nont label="expr"><term lexeme="7" token="CONST_INTEGER"><location begcolumn="29" begline="16" endcolumn="29" endline="16" loc="16.29 - 16.29"/></term></nont><nont label="postfix_p"/></nont></nont><nont label="multiplicative_p"/></nont><nont label="additive_p"/></nont><nont label="relational_p"/></nont><nont label="conjunctive_p"/></nont><nont label="disjunctive_p"/></nont><nont label="declaration_binder_p"/></nont><nont label="expr_args"><term lexeme="," token="SIM_COM"><location begcolumn="30" begline="16" endcolumn="30" endline="16" loc="16.30 - 16.30"/></term><nont label="declaration_binder"><nont label="disjunctive"><nont label="conjunctive"><nont label="relational"><nont label="additive"><nont label="multiplicative"><nont label="prefix"><term lexeme="^" token="SIM_TOP"><location begcolumn="32" begline="16" endcolumn="32" endline="16" loc="16.32 - 16.32"/></term><nont label="prefix"><nont label="postfix"><nont label="expr"><term lexeme="topkek" token="IDENTIFIER"><location begcolumn="33" begline="16" endcolumn="38" endline="16" loc="16.33 - 16.38"/></term><nont label="expr_p"/></nont><nont label="postfix_p"><term lexeme="[" token="SIM_LSQRBR"><location begcolumn="39" begline="16" endcolumn="39" endline="16" loc="16.39 - 16.39"/></term><nont label="declaration_binder"><nont label="disjunctive"><nont label="conjunctive"><nont label="relational"><nont label="additive"><nont label="multiplicative"><nont label="prefix"><nont label="postfix"><nont label="expr"><term lexeme="5" token="CONST_INTEGER"><location begcolumn="40" begline="16" endcolumn="40" endline="16" loc="16.40 - 16.40"/></term></nont><nont label="postfix_p"/></nont></nont><nont label="multiplicative_p"/></nont><nont label="additive_p"/></nont><nont label="relational_p"/></nont><nont label="conjunctive_p"/></nont><nont label="disjunctive_p"/></nont><nont label="declaration_binder_p"/></nont><term lexeme="]" token="SIM_RSQRBR"><location begcolumn="41" begline="16" endcolumn="41" endline="16" loc="16.41 - 16.41"/></term><nont label="postfix_p"/></nont></nont></nont></nont><nont label="multiplicative_p"/></nont><nont label="additive_p"/></nont><nont label="relational_p"/></nont><nont label="conjunctive_p"/></nont><nont label="disjunctive_p"/></nont><nont label="declaration_binder_p"/></nont><nont label="expr_args"/></nont><term lexeme=")" token="SIM_RPAR"><location begcolumn="42" begline="16" endcolumn="42" endline="16" loc="16.42 - 16.42"/></term></nont></nont><nont label="postfix_p"/></nont></nont><nont label="multiplicative_p"/></nont><nont label="additive_p"><term lexeme="+" token="SIM_PLUS"><location begcolumn="44" begline="16" endcolumn="44" endline="16" loc="16.44 - 16.44"/></term><nont label="multiplicative"><nont label="prefix"><nont label="postfix"><nont label="expr"><term lexeme="kkkkkk" token="IDENTIFIER"><location begcolumn="46" begline="16" endcolumn="51" endline="16" loc="16.46 - 16.51"/></term><nont label="expr_p"><term lexeme="(" token="SIM_LPAR"><location begcolumn="52" begline="16" endcolumn="52" endline="16" loc="16.52 - 16.52"/></term><nont label="declaration_binder"><nont label="disjunctive"><nont label="conjunctive"><nont label="relational"><nont label="additive"><nont label="multiplicative"><nont label="prefix"><nont label="postfix"><nont label="expr"><term lexeme="10" token="CONST_INTEGER"><location begcolumn="53" begline="16" endcolumn="54" endline="16" loc="16.53 - 16.54"/></term></nont><nont label="postfix_p"/></nont></nont><nont label="multiplicative_p"/></nont><nont label="additive_p"/></nont><nont label="relational_p"/></nont><nont label="conjunctive_p"/></nont><nont label="disjunctive_p"/></nont><nont label="declaration_binder_p"/></nont><nont label="expr_args"><term lexeme="," token="SIM_COM"><location begcolumn="55" begline="16" endcolumn="55" endline="16" loc="16.55 - 16.55"/></term><nont label="declaration_binder"><nont label="disjunctive"><nont label="conjunctive"><nont label="relational"><nont label="additive"><nont label="multiplicative"><nont label="prefix"><term lexeme="^" token="SIM_TOP"><location begcolumn="57" begline="16" endcolumn="57" endline="16" loc="16.57 - 16.57"/></term><nont label="prefix"><nont label="postfix"><nont label="expr"><term lexeme="topkek" token="IDENTIFIER"><location begcolumn="58" begline="16" endcolumn="63" endline="16" loc="16.58 - 16.63"/></term><nont label="expr_p"/></nont><nont label="postfix_p"><term lexeme="[" token="SIM_LSQRBR"><location begcolumn="64" begline="16" endcolumn="64" endline="16" loc="16.64 - 16.64"/></term><nont label="declaration_binder"><nont label="disjunctive"><nont label="conjunctive"><nont label="relational"><nont label="additive"><nont label="multiplicative"><nont label="prefix"><nont label="postfix"><nont label="expr"><term lexeme="5" token="CONST_INTEGER"><location begcolumn="65" begline="16" endcolumn="65" endline="16" loc="16.65 - 16.65"/></term></nont><nont label="postfix_p"/></nont></nont><nont label="multiplicative_p"/></nont><nont label="additive_p"/></nont><nont label="relational_p"/></nont><nont label="conjunctive_p"/></nont><nont label="disjunctive_p"/></nont><nont label="declaration_binder_p"/></nont><term lexeme="]" token="SIM_RSQRBR"><location begcolumn="66" begline="16" endcolumn="66" endline="16" loc="16.66 - 16.66"/></term><nont label="postfix_p"/></nont></nont></nont></nont><nont label="multiplicative_p"/></nont><nont label="additive_p"/></nont><nont label="relational_p"/></nont><nont label="conjunctive_p"/></nont><nont label="disjunctive_p"/></nont><nont label="declaration_binder_p"/></nont><nont label="expr_args"/></nont><term lexeme=")" token="SIM_RPAR"><location begcolumn="67" begline="16" endcolumn="67" endline="16" loc="16.67 - 16.67"/></term></nont></nont><nont label="postfix_p"/></nont></nont><nont label="multiplicative_p"/></nont><nont label="additive_p"/></nont></nont><nont label="relational_p"/></nont><nont label="conjunctive_p"/></nont><nont label="disjunctive_p"/></nont><nont label="declaration_binder_p"/></nont></nont></nont><term lexeme=";" token="SIM_SCOL"><location begcolumn="68" begline="16" endcolumn="68" endline="16" loc="16.68 - 16.68"/></term><nont label="stmnt_args"><nont label="stmnt"><nont label="declaration_binder"><nont label="disjunctive"><nont label="conjunctive"><nont label="relational"><nont label="additive"><nont label="multiplicative"><nont label="prefix"><nont label="postfix"><nont label="expr"><term lexeme="hh" token="IDENTIFIER"><location begcolumn="3" begline="17" endcolumn="4" endline="17" loc="17.3 - 17.4"/></term><nont label="expr_p"/></nont><nont label="postfix_p"><term lexeme="." token="SIM_DOT"><location begcolumn="5" begline="17" endcolumn="5" endline="17" loc="17.5 - 17.5"/></term><term lexeme="mojPtr" token="IDENTIFIER"><location begcolumn="6" begline="17" endcolumn="11" endline="17" loc="17.6 - 17.11"/></term><nont label="postfix_p"><term lexeme="." token="SIM_DOT"><location begcolumn="12" begline="17" endcolumn="12" endline="17" loc="17.12 - 17.12"/></term><term lexeme="field2" token="IDENTIFIER"><location begcolumn="13" begline="17" endcolumn="18" endline="17" loc="17.13 - 17.18"/></term><nont label="postfix_p"/></nont></nont></nont></nont><nont label="multiplicative_p"/></nont><nont label="additive_p"/></nont><nont label="relational_p"/></nont><nont label="conjunctive_p"/></nont><nont label="disjunctive_p"/></nont><nont label="declaration_binder_p"/></nont><nont label="stmnt_p"><term lexeme="=" token="SIM_IS"><location begcolumn="20" begline="17" endcolumn="20" endline="17" loc="17.20 - 17.20"/></term><nont label="declaration_binder"><nont label="disjunctive"><nont label="conjunctive"><nont label="relational"><nont label="additive"><nont label="multiplicative"><nont label="prefix"><nont label="postfix"><nont label="expr"><term lexeme="hh" token="IDENTIFIER"><location begcolumn="22" begline="17" endcolumn="23" endline="17" loc="17.22 - 17.23"/></term><nont label="expr_p"/></nont><nont label="postfix_p"><term lexeme="." token="SIM_DOT"><location begcolumn="24" begline="17" endcolumn="24" endline="17" loc="17.24 - 17.24"/></term><term lexeme="mojPtr" token="IDENTIFIER"><location begcolumn="25" begline="17" endcolumn="30" endline="17" loc="17.25 - 17.30"/></term><nont label="postfix_p"><term lexeme="." token="SIM_DOT"><location begcolumn="31" begline="17" endcolumn="31" endline="17" loc="17.31 - 17.31"/></term><term lexeme="field2" token="IDENTIFIER"><location begcolumn="32" begline="17" endcolumn="37" endline="17" loc="17.32 - 17.37"/></term><nont label="postfix_p"/></nont></nont></nont></nont><nont label="multiplicative_p"><term lexeme="*" token="SIM_STAR"><location begcolumn="39" begline="17" endcolumn="39" endline="17" loc="17.39 - 17.39"/></term><nont label="prefix"><nont label="postfix"><nont label="expr"><term lexeme="20" token="CONST_INTEGER"><location begcolumn="41" begline="17" endcolumn="42" endline="17" loc="17.41 - 17.42"/></term></nont><nont label="postfix_p"/></nont></nont><nont label="multiplicative_p"/></nont></nont><nont label="additive_p"><term lexeme="+" token="SIM_PLUS"><location begcolumn="44" begline="17" endcolumn="44" endline="17" loc="17.44 - 17.44"/></term><nont label="multiplicative"><nont label="prefix"><nont label="postfix"><nont label="expr"><term lexeme="3" token="CONST_INTEGER"><location begcolumn="46" begline="17" endcolumn="46" endline="17" loc="17.46 - 17.46"/></term></nont><nont label="postfix_p"/></nont></nont><nont label="multiplicative_p"/></nont><nont label="additive_p"/></nont></nont><nont label="relational_p"/></nont><nont label="conjunctive_p"/></nont><nont label="disjunctive_p"/></nont><nont label="declaration_binder_p"/></nont></nont></nont><term lexeme=";" token="SIM_SCOL"><location begcolumn="47" begline="17" endcolumn="47" endline="17" loc="17.47 - 17.47"/></term><nont label="stmnt_args"><nont label="stmnt"><nont label="declaration_binder"><nont label="disjunctive"><nont label="conjunctive"><nont label="relational"><nont label="additive"><nont label="multiplicative"><nont label="prefix"><nont label="postfix"><nont label="expr"><term lexeme="(" token="SIM_LPAR"><location begcolumn="3" begline="18" endcolumn="3" endline="18" loc="18.3 - 18.3"/></term><nont label="declaration_binder"><nont label="disjunctive"><nont label="conjunctive"><nont label="relational"><nont label="additive"><nont label="multiplicative"><nont label="prefix"><nont label="postfix"><nont label="expr"><term lexeme="hh" token="IDENTIFIER"><location begcolumn="4" begline="18" endcolumn="5" endline="18" loc="18.4 - 18.5"/></term><nont label="expr_p"/></nont><nont label="postfix_p"><term lexeme="." token="SIM_DOT"><location begcolumn="6" begline="18" endcolumn="6" endline="18" loc="18.6 - 18.6"/></term><term lexeme="mojPtr" token="IDENTIFIER"><location begcolumn="7" begline="18" endcolumn="12" endline="18" loc="18.7 - 18.12"/></term><nont label="postfix_p"><term lexeme="." token="SIM_DOT"><location begcolumn="13" begline="18" endcolumn="13" endline="18" loc="18.13 - 18.13"/></term><term lexeme="field2" token="IDENTIFIER"><location begcolumn="14" begline="18" endcolumn="19" endline="18" loc="18.14 - 18.19"/></term><nont label="postfix_p"/></nont></nont></nont></nont><nont label="multiplicative_p"/></nont><nont label="additive_p"/></nont><nont label="relational_p"/></nont><nont label="conjunctive_p"/></nont><nont label="disjunctive_p"/></nont><nont label="declaration_binder_p"/></nont><nont label="expr_pp"><term lexeme=":" token="SIM_COL"><location begcolumn="20" begline="18" endcolumn="20" endline="18" loc="18.20 - 18.20"/></term><nont label="type"><term lexeme="char" token="KW_CHAR"><location begcolumn="21" begline="18" endcolumn="24" endline="18" loc="18.21 - 18.24"/></term><nont label="type_p"/></nont></nont><term lexeme=")" token="SIM_RPAR"><location begcolumn="25" begline="18" endcolumn="25" endline="18" loc="18.25 - 18.25"/></term></nont><nont label="postfix_p"/></nont></nont><nont label="multiplicative_p"/></nont><nont label="additive_p"/></nont><nont label="relational_p"/></nont><nont label="conjunctive_p"/></nont><nont label="disjunctive_p"/></nont><nont label="declaration_binder_p"/></nont><nont label="stmnt_p"/></nont><term lexeme=";" token="SIM_SCOL"><location begcolumn="26" begline="18" endcolumn="26" endline="18" loc="18.26 - 18.26"/></term><nont label="stmnt_args"><nont label="stmnt"><nont label="declaration_binder"><nont label="disjunctive"><nont label="conjunctive"><nont label="relational"><nont label="additive"><nont label="multiplicative"><nont label="prefix"><nont label="postfix"><nont label="expr"><term lexeme="ch" token="IDENTIFIER"><location begcolumn="9" begline="19" endcolumn="10" endline="19" loc="19.9 - 19.10"/></term><nont label="expr_p"/></nont><nont label="postfix_p"/></nont></nont><nont label="multiplicative_p"/></nont><nont label="additive_p"/></nont><nont label="relational_p"/></nont><nont label="conjunctive_p"/></nont><nont label="disjunctive_p"/></nont><nont label="declaration_binder_p"/></nont><nont label="stmnt_p"><term lexeme="=" token="SIM_IS"><location begcolumn="12" begline="19" endcolumn="12" endline="19" loc="19.12 - 19.12"/></term><nont label="declaration_binder"><nont label="disjunctive"><nont label="conjunctive"><nont label="relational"><nont label="additive"><nont label="multiplicative"><nont label="prefix"><nont label="postfix"><nont label="expr"><term lexeme="'a'" token="CONST_CHAR"><location begcolumn="14" begline="19" endcolumn="16" endline="19" loc="19.14 - 19.16"/></term></nont><nont label="postfix_p"/></nont></nont><nont label="multiplicative_p"/></nont><nont label="additive_p"/></nont><nont label="relational_p"/></nont><nont label="conjunctive_p"/></nont><nont label="disjunctive_p"/></nont><nont label="declaration_binder_p"/></nont></nont></nont><term lexeme=";" token="SIM_SCOL"><location begcolumn="17" begline="19" endcolumn="17" endline="19" loc="19.17 - 19.17"/></term><nont label="stmnt_args"/></nont></nont></nont></nont></nont><term lexeme="}" token="SIM_RSQLBR"><location begcolumn="1" begline="20" endcolumn="1" endline="20" loc="20.1 - 20.1"/></term></nont><nont label="postfix_p"/></nont></nont><nont label="multiplicative_p"/></nont><nont label="additive_p"/></nont><nont label="relational_p"/></nont><nont label="conjunctive_p"/></nont><nont label="disjunctive_p"/></nont><nont label="declaration_binder_p"><term lexeme="where" token="KW_WHERE"><location begcolumn="3" begline="20" endcolumn="7" endline="20" loc="20.3 - 20.7"/></term><term lexeme="{" token="SIM_LSQLBR"><location begcolumn="9" begline="20" endcolumn="9" endline="20" loc="20.9 - 20.9"/></term><nont label="decl"><term lexeme="var" token="KW_VAR"><location begcolumn="3" begline="21" endcolumn="5" endline="21" loc="21.3 - 21.5"/></term><term lexeme="yy" token="IDENTIFIER"><location begcolumn="7" begline="21" endcolumn="8" endline="21" loc="21.7 - 21.8"/></term><term lexeme=":" token="SIM_COL"><location begcolumn="10" begline="21" endcolumn="10" endline="21" loc="21.10 - 21.10"/></term><nont label="type"><term lexeme="integer" token="KW_INTEGER"><location begcolumn="12" begline="21" endcolumn="18" endline="21" loc="21.12 - 21.18"/></term><nont label="type_p"/></nont></nont><nont label="source_p"><nont label="decl"><term lexeme="var" token="KW_VAR"><location begcolumn="3" begline="22" endcolumn="5" endline="22" loc="22.3 - 22.5"/></term><term lexeme="xx" token="IDENTIFIER"><location begcolumn="7" begline="22" endcolumn="8" endline="22" loc="22.7 - 22.8"/></term><term lexeme=":" token="SIM_COL"><location begcolumn="10" begline="22" endcolumn="10" endline="22" loc="22.10 - 22.10"/></term><nont label="type"><term lexeme="^" token="SIM_TOP"><location begcolumn="12" begline="22" endcolumn="12" endline="22" loc="22.12 - 22.12"/></term><nont label="type"><term lexeme="integer" token="KW_INTEGER"><location begcolumn="13" begline="22" endcolumn="19" endline="22" loc="22.13 - 22.19"/></term><nont label="type_p"/></nont><nont label="type_p"/></nont></nont><nont label="source_p"><nont label="decl"><term lexeme="var" token="KW_VAR"><location begcolumn="9" begline="23" endcolumn="11" endline="23" loc="23.9 - 23.11"/></term><term lexeme="ch" token="IDENTIFIER"><location begcolumn="13" begline="23" endcolumn="14" endline="23" loc="23.13 - 23.14"/></term><term lexeme=":" token="SIM_COL"><location begcolumn="16" begline="23" endcolumn="16" endline="23" loc="23.16 - 23.16"/></term><nont label="type"><term lexeme="char" token="KW_CHAR"><location begcolumn="18" begline="23" endcolumn="21" endline="23" loc="23.18 - 23.21"/></term><nont label="type_p"/></nont></nont><nont label="source_p"><nont label="decl"><term lexeme="var" token="KW_VAR"><location begcolumn="3" begline="24" endcolumn="5" endline="24" loc="24.3 - 24.5"/></term><term lexeme="hh" token="IDENTIFIER"><location begcolumn="7" begline="24" endcolumn="8" endline="24" loc="24.7 - 24.8"/></term><term lexeme=":" token="SIM_COL"><location begcolumn="10" begline="24" endcolumn="10" endline="24" loc="24.10 - 24.10"/></term><nont label="type"><term lexeme="mojStruct2" token="IDENTIFIER"><location begcolumn="12" begline="24" endcolumn="21" endline="24" loc="24.12 - 24.21"/></term><nont label="type_p"/></nont></nont><nont label="source_p"/></nont></nont></nont><term lexeme="}" token="SIM_RSQLBR"><location begcolumn="1" begline="25" endcolumn="1" endline="25" loc="25.1 - 25.1"/></term><nont label="declaration_binder_p"/></nont></nont></nont><nont label="source_p"><nont label="decl"><term lexeme="fun" token="KW_FUN"><location begcolumn="1" begline="36" endcolumn="3" endline="36" loc="36.1 - 36.3"/></term><term lexeme="kkkkkk" token="IDENTIFIER"><location begcolumn="5" begline="36" endcolumn="10" endline="36" loc="36.5 - 36.10"/></term><term lexeme="(" token="SIM_LPAR"><location begcolumn="11" begline="36" endcolumn="11" endline="36" loc="36.11 - 36.11"/></term><nont label="decl_p"><term lexeme="cc" token="IDENTIFIER"><location begcolumn="12" begline="36" endcolumn="13" endline="36" loc="36.12 - 36.13"/></term><term lexeme=":" token="SIM_COL"><location begcolumn="14" begline="36" endcolumn="14" endline="36" loc="36.14 - 36.14"/></term><nont label="type"><term lexeme="integer" token="KW_INTEGER"><location begcolumn="16" begline="36" endcolumn="22" endline="36" loc="36.16 - 36.22"/></term><nont label="type_p"/></nont><nont label="decl_args"><term lexeme="," token="SIM_COM"><location begcolumn="23" begline="36" endcolumn="23" endline="36" loc="36.23 - 36.23"/></term><term lexeme="ll" token="IDENTIFIER"><location begcolumn="25" begline="36" endcolumn="26" endline="36" loc="36.25 - 36.26"/></term><term lexeme=":" token="SIM_COL"><location begcolumn="27" begline="36" endcolumn="27" endline="36" loc="36.27 - 36.27"/></term><nont label="type"><term lexeme="^" token="SIM_TOP"><location begcolumn="29" begline="36" endcolumn="29" endline="36" loc="36.29 - 36.29"/></term><nont label="type"><term lexeme="integer" token="KW_INTEGER"><location begcolumn="30" begline="36" endcolumn="36" endline="36" loc="36.30 - 36.36"/></term><nont label="type_p"/></nont><nont label="type_p"/></nont><nont label="decl_args"/></nont></nont><term lexeme=")" token="SIM_RPAR"><location begcolumn="37" begline="36" endcolumn="37" endline="36" loc="36.37 - 36.37"/></term><term lexeme=":" token="SIM_COL"><location begcolumn="38" begline="36" endcolumn="38" endline="36" loc="36.38 - 36.38"/></term><nont label="type"><term lexeme="integer" token="KW_INTEGER"><location begcolumn="40" begline="36" endcolumn="46" endline="36" loc="36.40 - 36.46"/></term><nont label="type_p"/></nont><term lexeme="=" token="SIM_IS"><location begcolumn="48" begline="36" endcolumn="48" endline="36" loc="36.48 - 36.48"/></term><nont label="declaration_binder"><nont label="disjunctive"><nont label="conjunctive"><nont label="relational"><nont label="additive"><nont label="multiplicative"><nont label="prefix"><nont label="postfix"><nont label="expr"><term lexeme="{" token="SIM_LSQLBR"><location begcolumn="50" begline="36" endcolumn="50" endline="36" loc="36.50 - 36.50"/></term><nont label="stmnt"><nont label="declaration_binder"><nont label="disjunctive"><nont label="conjunctive"><nont label="relational"><nont label="additive"><nont label="multiplicative"><nont label="prefix"><nont label="postfix"><nont label="expr"><term lexeme="bb" token="IDENTIFIER"><location begcolumn="3" begline="37" endcolumn="4" endline="37" loc="37.3 - 37.4"/></term><nont label="expr_p"/></nont><nont label="postfix_p"><term lexeme="." token="SIM_DOT"><location begcolumn="5" begline="37" endcolumn="5" endline="37" loc="37.5 - 37.5"/></term><term lexeme="ff1" token="IDENTIFIER"><location begcolumn="6" begline="37" endcolumn="8" endline="37" loc="37.6 - 37.8"/></term><nont label="postfix_p"/></nont></nont></nont><nont label="multiplicative_p"/></nont><nont label="additive_p"/></nont><nont label="relational_p"/></nont><nont label="conjunctive_p"/></nont><nont label="disjunctive_p"/></nont><nont label="declaration_binder_p"/></nont><nont label="stmnt_p"><term lexeme="=" token="SIM_IS"><location begcolumn="10" begline="37" endcolumn="10" endline="37" loc="37.10 - 37.10"/></term><nont label="declaration_binder"><nont label="disjunctive"><nont label="conjunctive"><nont label="relational"><nont label="additive"><nont label="multiplicative"><nont label="prefix"><nont label="postfix"><nont label="expr"><term lexeme="12" token="CONST_INTEGER"><location begcolumn="12" begline="37" endcolumn="13" endline="37" loc="37.12 - 37.13"/></term></nont><nont label="postfix_p"/></nont></nont><nont label="multiplicative_p"><term lexeme="%" token="SIM_PRCNT"><location begcolumn="15" begline="37" endcolumn="15" endline="37" loc="37.15 - 37.15"/></term><nont label="prefix"><nont label="postfix"><nont label="expr"><term lexeme="cc" token="IDENTIFIER"><location begcolumn="17" begline="37" endcolumn="18" endline="37" loc="37.17 - 37.18"/></term><nont label="expr_p"/></nont><nont label="postfix_p"/></nont></nont><nont label="multiplicative_p"/></nont></nont><nont label="additive_p"/></nont><nont label="relational_p"/></nont><nont label="conjunctive_p"/></nont><nont label="disjunctive_p"/></nont><nont label="declaration_binder_p"/></nont></nont></nont><term lexeme=";" token="SIM_SCOL"><location begcolumn="19" begline="37" endcolumn="19" endline="37" loc="37.19 - 37.19"/></term><nont label="stmnt_args"><nont label="stmnt"><nont label="declaration_binder"><nont label="disjunctive"><nont label="conjunctive"><nont label="relational"><nont label="additive"><nont label="multiplicative"><nont label="prefix"><nont label="postfix"><nont label="expr"><term lexeme="bb" token="IDENTIFIER"><location begcolumn="3" begline="38" endcolumn="4" endline="38" loc="38.3 - 38.4"/></term><nont label="expr_p"/></nont><nont label="postfix_p"><term lexeme="." token="SIM_DOT"><location begcolumn="5" begline="38" endcolumn="5" endline="38" loc="38.5 - 38.5"/></term><term lexeme="ff1" token="IDENTIFIER"><location begcolumn="6" begline="38" endcolumn="8" endline="38" loc="38.6 - 38.8"/></term><nont label="postfix_p"/></nont></nont></nont><nont label="multiplicative_p"/></nont><nont label="additive_p"/></nont><nont label="relational_p"/></nont><nont label="conjunctive_p"/></nont><nont label="disjunctive_p"/></nont><nont label="declaration_binder_p"/></nont><nont label="stmnt_p"><term lexeme="=" token="SIM_IS"><location begcolumn="10" begline="38" endcolumn="10" endline="38" loc="38.10 - 38.10"/></term><nont label="declaration_binder"><nont label="disjunctive"><nont label="conjunctive"><nont label="relational"><nont label="additive"><nont label="multiplicative"><nont label="prefix"><nont label="postfix"><nont label="expr"><term lexeme="bb" token="IDENTIFIER"><location begcolumn="12" begline="38" endcolumn="13" endline="38" loc="38.12 - 38.13"/></term><nont label="expr_p"/></nont><nont label="postfix_p"><term lexeme="." token="SIM_DOT"><location begcolumn="14" begline="38" endcolumn="14" endline="38" loc="38.14 - 38.14"/></term><term lexeme="ff1" token="IDENTIFIER"><location begcolumn="15" begline="38" endcolumn="17" endline="38" loc="38.15 - 38.17"/></term><nont label="postfix_p"/></nont></nont></nont><nont label="multiplicative_p"/></nont><nont label="additive_p"><term lexeme="+" token="SIM_PLUS"><location begcolumn="19" begline="38" endcolumn="19" endline="38" loc="38.19 - 38.19"/></term><nont label="multiplicative"><nont label="prefix"><nont label="postfix"><nont label="expr"><term lexeme="ll" token="IDENTIFIER"><location begcolumn="21" begline="38" endcolumn="22" endline="38" loc="38.21 - 38.22"/></term><nont label="expr_p"/></nont><nont label="postfix_p"><term lexeme="^" token="SIM_TOP"><location begcolumn="23" begline="38" endcolumn="23" endline="38" loc="38.23 - 38.23"/></term><nont label="postfix_p"/></nont></nont></nont><nont label="multiplicative_p"/></nont><nont label="additive_p"/></nont></nont><nont label="relational_p"/></nont><nont label="conjunctive_p"/></nont><nont label="disjunctive_p"/></nont><nont label="declaration_binder_p"/></nont></nont></nont><term lexeme=";" token="SIM_SCOL"><location begcolumn="24" begline="38" endcolumn="24" endline="38" loc="38.24 - 38.24"/></term><nont label="stmnt_args"><nont label="stmnt"><nont label="declaration_binder"><nont label="disjunctive"><nont label="conjunctive"><nont label="relational"><nont label="additive"><nont label="multiplicative"><nont label="prefix"><nont label="postfix"><nont label="expr"><term lexeme="bb" token="IDENTIFIER"><location begcolumn="3" begline="39" endcolumn="4" endline="39" loc="39.3 - 39.4"/></term><nont label="expr_p"/></nont><nont label="postfix_p"><term lexeme="." token="SIM_DOT"><location begcolumn="5" begline="39" endcolumn="5" endline="39" loc="39.5 - 39.5"/></term><term lexeme="ff1" token="IDENTIFIER"><location begcolumn="6" begline="39" endcolumn="8" endline="39" loc="39.6 - 39.8"/></term><nont label="postfix_p"/></nont></nont></nont><nont label="multiplicative_p"/></nont><nont label="additive_p"><term lexeme="-" token="SIM_MINUS"><location begcolumn="10" begline="39" endcolumn="10" endline="39" loc="39.10 - 39.10"/></term><nont label="multiplicative"><nont label="prefix"><nont label="postfix"><nont label="expr"><term lexeme="2" token="CONST_INTEGER"><location begcolumn="12" begline="39" endcolumn="12" endline="39" loc="39.12 - 39.12"/></term></nont><nont label="postfix_p"/></nont></nont><nont label="multiplicative_p"/></nont><nont label="additive_p"/></nont></nont><nont label="relational_p"/></nont><nont label="conjunctive_p"/></nont><nont label="disjunctive_p"/></nont><nont label="declaration_binder_p"/></nont><nont label="stmnt_p"/></nont><term lexeme=";" token="SIM_SCOL"><location begcolumn="13" begline="39" endcolumn="13" endline="39" loc="39.13 - 39.13"/></term><nont label="stmnt_args"/></nont></nont><term lexeme="}" token="SIM_RSQLBR"><location begcolumn="1" begline="40" endcolumn="1" endline="40" loc="40.1 - 40.1"/></term></nont><nont label="postfix_p"/></nont></nont><nont label="multiplicative_p"/></nont><nont label="additive_p"/></nont><nont label="relational_p"/></nont><nont label="conjunctive_p"/></nont><nont label="disjunctive_p"/></nont><nont label="declaration_binder_p"><term lexeme="where" token="KW_WHERE"><location begcolumn="3" begline="40" endcolumn="7" endline="40" loc="40.3 - 40.7"/></term><term lexeme="{" token="SIM_LSQLBR"><location begcolumn="9" begline="40" endcolumn="9" endline="40" loc="40.9 - 40.9"/></term><nont label="decl"><term lexeme="typ" token="KW_TYP"><location begcolumn="3" begline="41" endcolumn="5" endline="41" loc="41.3 - 41.5"/></term><term lexeme="mojStruct2" token="IDENTIFIER"><location begcolumn="7" begline="41" endcolumn="16" endline="41" loc="41.7 - 41.16"/></term><term lexeme="=" token="SIM_IS"><location begcolumn="18" begline="41" endcolumn="18" endline="41" loc="41.18 - 41.18"/></term><nont label="type"><term lexeme="{" token="SIM_LSQLBR"><location begcolumn="20" begline="41" endcolumn="20" endline="41" loc="41.20 - 41.20"/></term><term lexeme="ff1" token="IDENTIFIER"><location begcolumn="22" begline="41" endcolumn="24" endline="41" loc="41.22 - 41.24"/></term><term lexeme=":" token="SIM_COL"><location begcolumn="26" begline="41" endcolumn="26" endline="41" loc="41.26 - 41.26"/></term><nont label="type"><term lexeme="integer" token="KW_INTEGER"><location begcolumn="28" begline="41" endcolumn="34" endline="41" loc="41.28 - 41.34"/></term><nont label="type_p"/></nont><nont label="type_args"><term lexeme="," token="SIM_COM"><location begcolumn="35" begline="41" endcolumn="35" endline="41" loc="41.35 - 41.35"/></term><term lexeme="ff2" token="IDENTIFIER"><location begcolumn="37" begline="41" endcolumn="39" endline="41" loc="41.37 - 41.39"/></term><term lexeme=":" token="SIM_COL"><location begcolumn="41" begline="41" endcolumn="41" endline="41" loc="41.41 - 41.41"/></term><nont label="type"><term lexeme="boolean" token="KW_BOOLEAN"><location begcolumn="43" begline="41" endcolumn="49" endline="41" loc="41.43 - 41.49"/></term><nont label="type_p"/></nont><nont label="type_args"><term lexeme="," token="SIM_COM"><location begcolumn="50" begline="41" endcolumn="50" endline="41" loc="41.50 - 41.50"/></term><term lexeme="ff3" token="IDENTIFIER"><location begcolumn="52" begline="41" endcolumn="54" endline="41" loc="41.52 - 41.54"/></term><term lexeme=":" token="SIM_COL"><location begcolumn="56" begline="41" endcolumn="56" endline="41" loc="41.56 - 41.56"/></term><nont label="type"><term lexeme="boolean" token="KW_BOOLEAN"><location begcolumn="58" begline="41" endcolumn="64" endline="41" loc="41.58 - 41.64"/></term><nont label="type_p"/></nont><nont label="type_args"><term lexeme="," token="SIM_COM"><location begcolumn="65" begline="41" endcolumn="65" endline="41" loc="41.65 - 41.65"/></term><term lexeme="mojPtr" token="IDENTIFIER"><location begcolumn="67" begline="41" endcolumn="72" endline="41" loc="41.67 - 41.72"/></term><term lexeme=":" token="SIM_COL"><location begcolumn="73" begline="41" endcolumn="73" endline="41" loc="41.73 - 41.73"/></term><nont label="type"><term lexeme="^" token="SIM_TOP"><location begcolumn="75" begline="41" endcolumn="75" endline="41" loc="41.75 - 41.75"/></term><nont label="type"><term lexeme="void" token="KW_VOID"><location begcolumn="76" begline="41" endcolumn="79" endline="41" loc="41.76 - 41.79"/></term><nont label="type_p"/></nont><nont label="type_p"/></nont><nont label="type_args"/></nont></nont></nont><term lexeme="}" token="SIM_RSQLBR"><location begcolumn="81" begline="41" endcolumn="81" endline="41" loc="41.81 - 41.81"/></term><nont label="type_p"/></nont></nont><nont label="source_p"><nont label="decl"><term lexeme="var" token="KW_VAR"><location begcolumn="3" begline="42" endcolumn="5" endline="42" loc="42.3 - 42.5"/></term><term lexeme="bb" token="IDENTIFIER"><location begcolumn="7" begline="42" endcolumn="8" endline="42" loc="42.7 - 42.8"/></term><term lexeme=":" token="SIM_COL"><location begcolumn="10" begline="42" endcolumn="10" endline="42" loc="42.10 - 42.10"/></term><nont label="type"><term lexeme="mojStruct2" token="IDENTIFIER"><location begcolumn="12" begline="42" endcolumn="21" endline="42" loc="42.12 - 42.21"/></term><nont label="type_p"/></nont></nont><nont label="source_p"/></nont><term lexeme="}" token="SIM_RSQLBR"><location begcolumn="1" begline="43" endcolumn="1" endline="43" loc="43.1 - 43.1"/></term><nont label="declaration_binder_p"/></nont></nont></nont><nont label="source_p"/></nont></nont></nont></nont></nont><term lexeme="" token="EOF"/></nont></synan>