<?xml version="1.0" encoding="UTF-8" standalone="no"?><?xml-stylesheet type="text/xsl" href="../lib/xsl/imclin.xsl"?><imclin><datachunk init="" label="_test" size="8"/><datachunk init="" label="_topkek" size="152"/><codechunk entrylabel="L0" exitlabel="L1"><frame FP="T0" RV="T1" argssize="16" depth="0" label="_main" locssize="80" size="112"/><stmt><imc instruction="LABEL(L0)"/></stmt><stmt><imc instruction="MOVE"><imc instruction="TEMP(4)"/><imc instruction="TEMP(0)"/></imc></stmt><stmt><imc instruction="MOVE"><imc instruction="TEMP(5)"/><imc instruction="CONST(-16)"/></imc></stmt><stmt><imc instruction="MOVE"><imc instruction="TEMP(6)"/><imc instruction="BINOP(ADD)"><imc instruction="TEMP(4)"/><imc instruction="TEMP(5)"/></imc></imc></stmt><stmt><imc instruction="MOVE"><imc instruction="TEMP(7)"/><imc instruction="NAME(_topkek)"/></imc></stmt><stmt><imc instruction="MOVE"><imc instruction="TEMP(8)"/><imc instruction="CONST(5)"/></imc></stmt><stmt><imc instruction="MOVE"><imc instruction="TEMP(9)"/><imc instruction="CONST(8)"/></imc></stmt><stmt><imc instruction="MOVE"><imc instruction="TEMP(10)"/><imc instruction="BINOP(MUL)"><imc instruction="TEMP(8)"/><imc instruction="TEMP(9)"/></imc></imc></stmt><stmt><imc instruction="MOVE"><imc instruction="TEMP(11)"/><imc instruction="BINOP(ADD)"><imc instruction="TEMP(7)"/><imc instruction="TEMP(10)"/></imc></imc></stmt><stmt><imc instruction="MOVE"><imc instruction="MEM"><imc instruction="TEMP(6)"/></imc><imc instruction="TEMP(11)"/></imc></stmt><stmt><imc instruction="MOVE"><imc instruction="TEMP(12)"/><imc instruction="TEMP(0)"/></imc></stmt><stmt><imc instruction="MOVE"><imc instruction="TEMP(13)"/><imc instruction="CONST(-16)"/></imc></stmt><stmt><imc instruction="MOVE"><imc instruction="TEMP(14)"/><imc instruction="MEM"><imc instruction="BINOP(ADD)"><imc instruction="TEMP(12)"/><imc instruction="TEMP(13)"/></imc></imc></imc></stmt><stmt><imc instruction="MOVE"><imc instruction="TEMP(15)"/><imc instruction="CONST(23)"/></imc></stmt><stmt><imc instruction="MOVE"><imc instruction="MEM"><imc instruction="TEMP(14)"/></imc><imc instruction="TEMP(15)"/></imc></stmt><stmt><imc instruction="MOVE"><imc instruction="TEMP(16)"/><imc instruction="TEMP(0)"/></imc></stmt><stmt><imc instruction="MOVE"><imc instruction="TEMP(17)"/><imc instruction="CONST(-80)"/></imc></stmt><stmt><imc instruction="MOVE"><imc instruction="TEMP(18)"/><imc instruction="BINOP(ADD)"><imc instruction="TEMP(16)"/><imc instruction="TEMP(17)"/></imc></imc></stmt><stmt><imc instruction="MOVE"><imc instruction="TEMP(19)"/><imc instruction="CONST(24)"/></imc></stmt><stmt><imc instruction="MOVE"><imc instruction="TEMP(20)"/><imc instruction="BINOP(ADD)"><imc instruction="TEMP(18)"/><imc instruction="TEMP(19)"/></imc></imc></stmt><stmt><imc instruction="MOVE"><imc instruction="TEMP(21)"/><imc instruction="CONST(8)"/></imc></stmt><stmt><imc instruction="MOVE"><imc instruction="TEMP(22)"/><imc instruction="BINOP(ADD)"><imc instruction="TEMP(20)"/><imc instruction="TEMP(21)"/></imc></imc></stmt><stmt><imc instruction="MOVE"><imc instruction="TEMP(23)"/><imc instruction="MEM"><imc instruction="TEMP(0)"/></imc></imc></stmt><stmt><imc instruction="MOVE"><imc instruction="TEMP(24)"/><imc instruction="CONST(7)"/></imc></stmt><stmt><imc instruction="MOVE"><imc instruction="TEMP(25)"/><imc instruction="NAME(_topkek)"/></imc></stmt><stmt><imc instruction="MOVE"><imc instruction="TEMP(26)"/><imc instruction="CONST(5)"/></imc></stmt><stmt><imc instruction="MOVE"><imc instruction="TEMP(27)"/><imc instruction="CONST(8)"/></imc></stmt><stmt><imc instruction="MOVE"><imc instruction="TEMP(28)"/><imc instruction="BINOP(MUL)"><imc instruction="TEMP(26)"/><imc instruction="TEMP(27)"/></imc></imc></stmt><stmt><imc instruction="MOVE"><imc instruction="TEMP(29)"/><imc instruction="BINOP(ADD)"><imc instruction="TEMP(25)"/><imc instruction="TEMP(28)"/></imc></imc></stmt><stmt><imc instruction="MOVE"><imc instruction="TEMP(30)"/><imc instruction="CALL(_kkkkkk)"><imc instruction="TEMP(23)"/><imc instruction="TEMP(24)"/><imc instruction="TEMP(29)"/></imc></imc></stmt><stmt><imc instruction="MOVE"><imc instruction="TEMP(31)"/><imc instruction="TEMP(30)"/></imc></stmt><stmt><imc instruction="MOVE"><imc instruction="TEMP(32)"/><imc instruction="MEM"><imc instruction="TEMP(0)"/></imc></imc></stmt><stmt><imc instruction="MOVE"><imc instruction="TEMP(33)"/><imc instruction="CONST(10)"/></imc></stmt><stmt><imc instruction="MOVE"><imc instruction="TEMP(34)"/><imc instruction="NAME(_topkek)"/></imc></stmt><stmt><imc instruction="MOVE"><imc instruction="TEMP(35)"/><imc instruction="CONST(5)"/></imc></stmt><stmt><imc instruction="MOVE"><imc instruction="TEMP(36)"/><imc instruction="CONST(8)"/></imc></stmt><stmt><imc instruction="MOVE"><imc instruction="TEMP(37)"/><imc instruction="BINOP(MUL)"><imc instruction="TEMP(35)"/><imc instruction="TEMP(36)"/></imc></imc></stmt><stmt><imc instruction="MOVE"><imc instruction="TEMP(38)"/><imc instruction="BINOP(ADD)"><imc instruction="TEMP(34)"/><imc instruction="TEMP(37)"/></imc></imc></stmt><stmt><imc instruction="MOVE"><imc instruction="TEMP(39)"/><imc instruction="CALL(_kkkkkk)"><imc instruction="TEMP(32)"/><imc instruction="TEMP(33)"/><imc instruction="TEMP(38)"/></imc></imc></stmt><stmt><imc instruction="MOVE"><imc instruction="TEMP(40)"/><imc instruction="TEMP(39)"/></imc></stmt><stmt><imc instruction="MOVE"><imc instruction="TEMP(41)"/><imc instruction="BINOP(ADD)"><imc instruction="TEMP(31)"/><imc instruction="TEMP(40)"/></imc></imc></stmt><stmt><imc instruction="MOVE"><imc instruction="MEM"><imc instruction="TEMP(22)"/></imc><imc instruction="TEMP(41)"/></imc></stmt><stmt><imc instruction="MOVE"><imc instruction="TEMP(42)"/><imc instruction="TEMP(0)"/></imc></stmt><stmt><imc instruction="MOVE"><imc instruction="TEMP(43)"/><imc instruction="CONST(-80)"/></imc></stmt><stmt><imc instruction="MOVE"><imc instruction="TEMP(44)"/><imc instruction="BINOP(ADD)"><imc instruction="TEMP(42)"/><imc instruction="TEMP(43)"/></imc></imc></stmt><stmt><imc instruction="MOVE"><imc instruction="TEMP(45)"/><imc instruction="CONST(24)"/></imc></stmt><stmt><imc instruction="MOVE"><imc instruction="TEMP(46)"/><imc instruction="BINOP(ADD)"><imc instruction="TEMP(44)"/><imc instruction="TEMP(45)"/></imc></imc></stmt><stmt><imc instruction="MOVE"><imc instruction="TEMP(47)"/><imc instruction="CONST(8)"/></imc></stmt><stmt><imc instruction="MOVE"><imc instruction="TEMP(48)"/><imc instruction="BINOP(ADD)"><imc instruction="TEMP(46)"/><imc instruction="TEMP(47)"/></imc></imc></stmt><stmt><imc instruction="MOVE"><imc instruction="TEMP(49)"/><imc instruction="TEMP(0)"/></imc></stmt><stmt><imc instruction="MOVE"><imc instruction="TEMP(50)"/><imc instruction="CONST(-80)"/></imc></stmt><stmt><imc instruction="MOVE"><imc instruction="TEMP(51)"/><imc instruction="BINOP(ADD)"><imc instruction="TEMP(49)"/><imc instruction="TEMP(50)"/></imc></imc></stmt><stmt><imc instruction="MOVE"><imc instruction="TEMP(52)"/><imc instruction="CONST(24)"/></imc></stmt><stmt><imc instruction="MOVE"><imc instruction="TEMP(53)"/><imc instruction="BINOP(ADD)"><imc instruction="TEMP(51)"/><imc instruction="TEMP(52)"/></imc></imc></stmt><stmt><imc instruction="MOVE"><imc instruction="TEMP(54)"/><imc instruction="CONST(8)"/></imc></stmt><stmt><imc instruction="MOVE"><imc instruction="TEMP(55)"/><imc instruction="MEM"><imc instruction="BINOP(ADD)"><imc instruction="TEMP(53)"/><imc instruction="TEMP(54)"/></imc></imc></imc></stmt><stmt><imc instruction="MOVE"><imc instruction="TEMP(56)"/><imc instruction="CONST(20)"/></imc></stmt><stmt><imc instruction="MOVE"><imc instruction="TEMP(57)"/><imc instruction="BINOP(MUL)"><imc instruction="TEMP(55)"/><imc instruction="TEMP(56)"/></imc></imc></stmt><stmt><imc instruction="MOVE"><imc instruction="TEMP(58)"/><imc instruction="CONST(3)"/></imc></stmt><stmt><imc instruction="MOVE"><imc instruction="TEMP(59)"/><imc instruction="BINOP(ADD)"><imc instruction="TEMP(57)"/><imc instruction="TEMP(58)"/></imc></imc></stmt><stmt><imc instruction="MOVE"><imc instruction="MEM"><imc instruction="TEMP(48)"/></imc><imc instruction="TEMP(59)"/></imc></stmt><stmt><imc instruction="MOVE"><imc instruction="TEMP(60)"/><imc instruction="TEMP(0)"/></imc></stmt><stmt><imc instruction="MOVE"><imc instruction="TEMP(61)"/><imc instruction="CONST(-80)"/></imc></stmt><stmt><imc instruction="MOVE"><imc instruction="TEMP(62)"/><imc instruction="BINOP(ADD)"><imc instruction="TEMP(60)"/><imc instruction="TEMP(61)"/></imc></imc></stmt><stmt><imc instruction="MOVE"><imc instruction="TEMP(63)"/><imc instruction="CONST(24)"/></imc></stmt><stmt><imc instruction="MOVE"><imc instruction="TEMP(64)"/><imc instruction="BINOP(ADD)"><imc instruction="TEMP(62)"/><imc instruction="TEMP(63)"/></imc></imc></stmt><stmt><imc instruction="MOVE"><imc instruction="TEMP(65)"/><imc instruction="CONST(8)"/></imc></stmt><stmt><imc instruction="MOVE"><imc instruction="TEMP(66)"/><imc instruction="MEM"><imc instruction="BINOP(ADD)"><imc instruction="TEMP(64)"/><imc instruction="TEMP(65)"/></imc></imc></imc></stmt><stmt><imc instruction="MOVE"><imc instruction="TEMP(67)"/><imc instruction="CONST(256)"/></imc></stmt><stmt><imc instruction="ESTMT"><imc instruction="BINOP(MOD)"><imc instruction="TEMP(66)"/><imc instruction="TEMP(67)"/></imc></imc></stmt><stmt><imc instruction="MOVE"><imc instruction="TEMP(68)"/><imc instruction="TEMP(0)"/></imc></stmt><stmt><imc instruction="MOVE"><imc instruction="TEMP(69)"/><imc instruction="CONST(-24)"/></imc></stmt><stmt><imc instruction="MOVE"><imc instruction="TEMP(70)"/><imc instruction="BINOP(ADD)"><imc instruction="TEMP(68)"/><imc instruction="TEMP(69)"/></imc></imc></stmt><stmt><imc instruction="MOVE"><imc instruction="TEMP(71)"/><imc instruction="CONST(97)"/></imc></stmt><stmt><imc instruction="MOVE"><imc instruction="MEM"><imc instruction="TEMP(70)"/></imc><imc instruction="TEMP(71)"/></imc></stmt><stmt><imc instruction="MOVE"><imc instruction="TEMP(72)"/><imc instruction="CONST(0)"/></imc></stmt><stmt><imc instruction="MOVE"><imc instruction="TEMP(1)"/><imc instruction="TEMP(72)"/></imc></stmt><stmt><imc instruction="JUMP(L1)"/></stmt></codechunk><codechunk entrylabel="L2" exitlabel="L3"><frame FP="T2" RV="T3" argssize="0" depth="0" label="_kkkkkk" locssize="32" size="48"/><stmt><imc instruction="LABEL(L2)"/></stmt><stmt><imc instruction="MOVE"><imc instruction="TEMP(73)"/><imc instruction="TEMP(2)"/></imc></stmt><stmt><imc instruction="MOVE"><imc instruction="TEMP(74)"/><imc instruction="CONST(-32)"/></imc></stmt><stmt><imc instruction="MOVE"><imc instruction="TEMP(75)"/><imc instruction="BINOP(ADD)"><imc instruction="TEMP(73)"/><imc instruction="TEMP(74)"/></imc></imc></stmt><stmt><imc instruction="MOVE"><imc instruction="TEMP(76)"/><imc instruction="CONST(0)"/></imc></stmt><stmt><imc instruction="MOVE"><imc instruction="TEMP(77)"/><imc instruction="BINOP(ADD)"><imc instruction="TEMP(75)"/><imc instruction="TEMP(76)"/></imc></imc></stmt><stmt><imc instruction="MOVE"><imc instruction="TEMP(78)"/><imc instruction="CONST(12)"/></imc></stmt><stmt><imc instruction="MOVE"><imc instruction="TEMP(79)"/><imc instruction="TEMP(2)"/></imc></stmt><stmt><imc instruction="MOVE"><imc instruction="TEMP(80)"/><imc instruction="CONST(8)"/></imc></stmt><stmt><imc instruction="MOVE"><imc instruction="TEMP(81)"/><imc instruction="MEM"><imc instruction="BINOP(ADD)"><imc instruction="TEMP(79)"/><imc instruction="TEMP(80)"/></imc></imc></imc></stmt><stmt><imc instruction="MOVE"><imc instruction="TEMP(82)"/><imc instruction="BINOP(MOD)"><imc instruction="TEMP(78)"/><imc instruction="TEMP(81)"/></imc></imc></stmt><stmt><imc instruction="MOVE"><imc instruction="MEM"><imc instruction="TEMP(77)"/></imc><imc instruction="TEMP(82)"/></imc></stmt><stmt><imc instruction="MOVE"><imc instruction="TEMP(83)"/><imc instruction="TEMP(2)"/></imc></stmt><stmt><imc instruction="MOVE"><imc instruction="TEMP(84)"/><imc instruction="CONST(-32)"/></imc></stmt><stmt><imc instruction="MOVE"><imc instruction="TEMP(85)"/><imc instruction="BINOP(ADD)"><imc instruction="TEMP(83)"/><imc instruction="TEMP(84)"/></imc></imc></stmt><stmt><imc instruction="MOVE"><imc instruction="TEMP(86)"/><imc instruction="CONST(0)"/></imc></stmt><stmt><imc instruction="MOVE"><imc instruction="TEMP(87)"/><imc instruction="BINOP(ADD)"><imc instruction="TEMP(85)"/><imc instruction="TEMP(86)"/></imc></imc></stmt><stmt><imc instruction="MOVE"><imc instruction="TEMP(88)"/><imc instruction="TEMP(2)"/></imc></stmt><stmt><imc instruction="MOVE"><imc instruction="TEMP(89)"/><imc instruction="CONST(-32)"/></imc></stmt><stmt><imc instruction="MOVE"><imc instruction="TEMP(90)"/><imc instruction="BINOP(ADD)"><imc instruction="TEMP(88)"/><imc instruction="TEMP(89)"/></imc></imc></stmt><stmt><imc instruction="MOVE"><imc instruction="TEMP(91)"/><imc instruction="CONST(0)"/></imc></stmt><stmt><imc instruction="MOVE"><imc instruction="TEMP(92)"/><imc instruction="MEM"><imc instruction="BINOP(ADD)"><imc instruction="TEMP(90)"/><imc instruction="TEMP(91)"/></imc></imc></imc></stmt><stmt><imc instruction="MOVE"><imc instruction="TEMP(93)"/><imc instruction="TEMP(2)"/></imc></stmt><stmt><imc instruction="MOVE"><imc instruction="TEMP(94)"/><imc instruction="CONST(16)"/></imc></stmt><stmt><imc instruction="MOVE"><imc instruction="TEMP(95)"/><imc instruction="MEM"><imc instruction="MEM"><imc instruction="BINOP(ADD)"><imc instruction="TEMP(93)"/><imc instruction="TEMP(94)"/></imc></imc></imc></imc></stmt><stmt><imc instruction="MOVE"><imc instruction="TEMP(96)"/><imc instruction="BINOP(ADD)"><imc instruction="TEMP(92)"/><imc instruction="TEMP(95)"/></imc></imc></stmt><stmt><imc instruction="MOVE"><imc instruction="MEM"><imc instruction="TEMP(87)"/></imc><imc instruction="TEMP(96)"/></imc></stmt><stmt><imc instruction="MOVE"><imc instruction="TEMP(97)"/><imc instruction="TEMP(2)"/></imc></stmt><stmt><imc instruction="MOVE"><imc instruction="TEMP(98)"/><imc instruction="CONST(-32)"/></imc></stmt><stmt><imc instruction="MOVE"><imc instruction="TEMP(99)"/><imc instruction="BINOP(ADD)"><imc instruction="TEMP(97)"/><imc instruction="TEMP(98)"/></imc></imc></stmt><stmt><imc instruction="MOVE"><imc instruction="TEMP(100)"/><imc instruction="CONST(0)"/></imc></stmt><stmt><imc instruction="MOVE"><imc instruction="TEMP(101)"/><imc instruction="MEM"><imc instruction="BINOP(ADD)"><imc instruction="TEMP(99)"/><imc instruction="TEMP(100)"/></imc></imc></imc></stmt><stmt><imc instruction="MOVE"><imc instruction="TEMP(102)"/><imc instruction="CONST(2)"/></imc></stmt><stmt><imc instruction="MOVE"><imc instruction="TEMP(103)"/><imc instruction="BINOP(SUB)"><imc instruction="TEMP(101)"/><imc instruction="TEMP(102)"/></imc></imc></stmt><stmt><imc instruction="MOVE"><imc instruction="TEMP(3)"/><imc instruction="TEMP(103)"/></imc></stmt><stmt><imc instruction="JUMP(L3)"/></stmt></codechunk></imclin>