<?xml version="1.0" encoding="UTF-8" standalone="no"?><?xml-stylesheet type="text/xsl" href="../lib/xsl/imclin.xsl"?><imclin><datachunk init="&quot;Hello, world.&quot;" label="L1" size="119"/><codechunk entrylabel="L5" exitlabel="L6"><frame FP="T0" RV="T1" argssize="0" depth="0" label="_putChar" locssize="0" size="16"/><stmt><imc instruction="LABEL(L5)"/></stmt><stmt><imc instruction="MOVE"><imc instruction="TEMP(6)"/><imc instruction="CONST(0)"/></imc></stmt><stmt><imc instruction="MOVE"><imc instruction="TEMP(1)"/><imc instruction="TEMP(6)"/></imc></stmt><stmt><imc instruction="JUMP(L6)"/></stmt></codechunk><codechunk entrylabel="L7" exitlabel="L8"><frame FP="T2" RV="T3" argssize="8" depth="0" label="_putString" locssize="8" size="32"/><stmt><imc instruction="LABEL(L7)"/></stmt><stmt><imc instruction="MOVE"><imc instruction="TEMP(7)"/><imc instruction="TEMP(2)"/></imc></stmt><stmt><imc instruction="MOVE"><imc instruction="TEMP(8)"/><imc instruction="CONST(-8)"/></imc></stmt><stmt><imc instruction="MOVE"><imc instruction="TEMP(9)"/><imc instruction="BINOP(ADD)"><imc instruction="TEMP(7)"/><imc instruction="TEMP(8)"/></imc></imc></stmt><stmt><imc instruction="MOVE"><imc instruction="TEMP(10)"/><imc instruction="CONST(0)"/></imc></stmt><stmt><imc instruction="MOVE"><imc instruction="MEM"><imc instruction="TEMP(9)"/></imc><imc instruction="TEMP(10)"/></imc></stmt><stmt><imc instruction="LABEL(L2)"/></stmt><stmt><imc instruction="MOVE"><imc instruction="TEMP(11)"/><imc instruction="TEMP(2)"/></imc></stmt><stmt><imc instruction="MOVE"><imc instruction="TEMP(12)"/><imc instruction="CONST(8)"/></imc></stmt><stmt><imc instruction="MOVE"><imc instruction="TEMP(13)"/><imc instruction="MEM"><imc instruction="BINOP(ADD)"><imc instruction="TEMP(11)"/><imc instruction="TEMP(12)"/></imc></imc></imc></stmt><stmt><imc instruction="MOVE"><imc instruction="TEMP(14)"/><imc instruction="TEMP(2)"/></imc></stmt><stmt><imc instruction="MOVE"><imc instruction="TEMP(15)"/><imc instruction="CONST(-8)"/></imc></stmt><stmt><imc instruction="MOVE"><imc instruction="TEMP(16)"/><imc instruction="MEM"><imc instruction="BINOP(ADD)"><imc instruction="TEMP(14)"/><imc instruction="TEMP(15)"/></imc></imc></imc></stmt><stmt><imc instruction="MOVE"><imc instruction="TEMP(17)"/><imc instruction="CONST(8)"/></imc></stmt><stmt><imc instruction="MOVE"><imc instruction="TEMP(18)"/><imc instruction="BINOP(MUL)"><imc instruction="TEMP(16)"/><imc instruction="TEMP(17)"/></imc></imc></stmt><stmt><imc instruction="MOVE"><imc instruction="TEMP(19)"/><imc instruction="MEM"><imc instruction="BINOP(ADD)"><imc instruction="TEMP(13)"/><imc instruction="TEMP(18)"/></imc></imc></imc></stmt><stmt><imc instruction="MOVE"><imc instruction="TEMP(20)"/><imc instruction="CONST(0)"/></imc></stmt><stmt><imc instruction="MOVE"><imc instruction="TEMP(21)"/><imc instruction="CONST(256)"/></imc></stmt><stmt><imc instruction="MOVE"><imc instruction="TEMP(22)"/><imc instruction="BINOP(MOD)"><imc instruction="TEMP(20)"/><imc instruction="TEMP(21)"/></imc></imc></stmt><stmt><imc instruction="CJUMP(L3,L4)"><imc instruction="BINOP(NEQ)"><imc instruction="TEMP(19)"/><imc instruction="TEMP(22)"/></imc></imc></stmt><stmt><imc instruction="LABEL(L3)"/></stmt><stmt><imc instruction="MOVE"><imc instruction="TEMP(23)"/><imc instruction="TEMP(2)"/></imc></stmt><stmt><imc instruction="MOVE"><imc instruction="TEMP(24)"/><imc instruction="CONST(8)"/></imc></stmt><stmt><imc instruction="MOVE"><imc instruction="TEMP(25)"/><imc instruction="MEM"><imc instruction="BINOP(ADD)"><imc instruction="TEMP(23)"/><imc instruction="TEMP(24)"/></imc></imc></imc></stmt><stmt><imc instruction="MOVE"><imc instruction="TEMP(26)"/><imc instruction="TEMP(2)"/></imc></stmt><stmt><imc instruction="MOVE"><imc instruction="TEMP(27)"/><imc instruction="CONST(-8)"/></imc></stmt><stmt><imc instruction="MOVE"><imc instruction="TEMP(28)"/><imc instruction="MEM"><imc instruction="BINOP(ADD)"><imc instruction="TEMP(26)"/><imc instruction="TEMP(27)"/></imc></imc></imc></stmt><stmt><imc instruction="MOVE"><imc instruction="TEMP(29)"/><imc instruction="CONST(8)"/></imc></stmt><stmt><imc instruction="MOVE"><imc instruction="TEMP(30)"/><imc instruction="BINOP(MUL)"><imc instruction="TEMP(28)"/><imc instruction="TEMP(29)"/></imc></imc></stmt><stmt><imc instruction="ESTMT"><imc instruction="CALL(_putChar)"><imc instruction="MEM"><imc instruction="TEMP(2)"/></imc><imc instruction="MEM"><imc instruction="BINOP(ADD)"><imc instruction="TEMP(25)"/><imc instruction="TEMP(30)"/></imc></imc></imc></imc></stmt><stmt><imc instruction="MOVE"><imc instruction="TEMP(31)"/><imc instruction="TEMP(2)"/></imc></stmt><stmt><imc instruction="MOVE"><imc instruction="TEMP(32)"/><imc instruction="CONST(-8)"/></imc></stmt><stmt><imc instruction="MOVE"><imc instruction="TEMP(33)"/><imc instruction="BINOP(ADD)"><imc instruction="TEMP(31)"/><imc instruction="TEMP(32)"/></imc></imc></stmt><stmt><imc instruction="MOVE"><imc instruction="TEMP(34)"/><imc instruction="TEMP(2)"/></imc></stmt><stmt><imc instruction="MOVE"><imc instruction="TEMP(35)"/><imc instruction="CONST(-8)"/></imc></stmt><stmt><imc instruction="MOVE"><imc instruction="TEMP(36)"/><imc instruction="MEM"><imc instruction="BINOP(ADD)"><imc instruction="TEMP(34)"/><imc instruction="TEMP(35)"/></imc></imc></imc></stmt><stmt><imc instruction="MOVE"><imc instruction="TEMP(37)"/><imc instruction="CONST(1)"/></imc></stmt><stmt><imc instruction="MOVE"><imc instruction="TEMP(38)"/><imc instruction="BINOP(ADD)"><imc instruction="TEMP(36)"/><imc instruction="TEMP(37)"/></imc></imc></stmt><stmt><imc instruction="MOVE"><imc instruction="MEM"><imc instruction="TEMP(33)"/></imc><imc instruction="TEMP(38)"/></imc></stmt><stmt><imc instruction="ESTMT"><imc instruction="CONST(0)"/></imc></stmt><stmt><imc instruction="JUMP(L2)"/></stmt><stmt><imc instruction="LABEL(L4)"/></stmt><stmt><imc instruction="MOVE"><imc instruction="TEMP(39)"/><imc instruction="CONST(0)"/></imc></stmt><stmt><imc instruction="MOVE"><imc instruction="TEMP(3)"/><imc instruction="TEMP(39)"/></imc></stmt><stmt><imc instruction="JUMP(L8)"/></stmt></codechunk><codechunk entrylabel="L9" exitlabel="L10"><frame FP="T4" RV="T5" argssize="8" depth="0" label="_main" locssize="0" size="24"/><stmt><imc instruction="LABEL(L9)"/></stmt><stmt><imc instruction="ESTMT"><imc instruction="CALL(_putString)"><imc instruction="MEM"><imc instruction="TEMP(4)"/></imc><imc instruction="NAME(L1)"/></imc></imc></stmt><stmt><imc instruction="MOVE"><imc instruction="TEMP(40)"/><imc instruction="CONST(10)"/></imc></stmt><stmt><imc instruction="MOVE"><imc instruction="TEMP(41)"/><imc instruction="CONST(256)"/></imc></stmt><stmt><imc instruction="ESTMT"><imc instruction="CALL(_putChar)"><imc instruction="MEM"><imc instruction="TEMP(4)"/></imc><imc instruction="BINOP(MOD)"><imc instruction="TEMP(40)"/><imc instruction="TEMP(41)"/></imc></imc></imc></stmt><stmt><imc instruction="MOVE"><imc instruction="TEMP(42)"/><imc instruction="CONST(0)"/></imc></stmt><stmt><imc instruction="MOVE"><imc instruction="TEMP(5)"/><imc instruction="TEMP(42)"/></imc></stmt><stmt><imc instruction="JUMP(L10)"/></stmt></codechunk></imclin>