<?xml version="1.0" encoding="UTF-8" standalone="no"?><?xml-stylesheet type="text/xsl" href="../lib/xsl/memory.xsl"?><memory><node id="501" label="{Decls}"><node id="3" label="FunDecl" lexeme="exit"><node id="1" label="AtomType" spec="VOID"><location begcolumn="12" begline="1" endcolumn="15" endline="1" loc="1.12 - 1.15"/><isType><semtype type="VOID"/></isType></node><node id="2" label="AtomExpr" lexeme="none" spec="VOID"><location begcolumn="19" begline="1" endcolumn="22" endline="1" loc="1.19 - 1.22"/><ofType><semtype type="VOID"/></ofType></node><location begcolumn="1" begline="1" endcolumn="22" endline="1" loc="1.1 - 1.22"/><frame FP="T0" RV="T1" argssize="0" depth="0" label="_exit" locssize="0" size="16"/></node><node id="9" label="FunDecl" lexeme="putChar"><node id="6" label="{Pars}"><node id="5" label="ParDecl" lexeme="c"><node id="4" label="AtomType" spec="CHAR"><location begcolumn="15" begline="2" endcolumn="18" endline="2" loc="2.15 - 2.18"/><isType><semtype type="CHAR"/></isType></node><location begcolumn="13" begline="2" endcolumn="18" endline="2" loc="2.13 - 2.18"/><access offset="8" size="8"/></node><location begcolumn="13" begline="2" endcolumn="18" endline="2" loc="2.13 - 2.18"/></node><node id="7" label="AtomType" spec="VOID"><location begcolumn="21" begline="2" endcolumn="24" endline="2" loc="2.21 - 2.24"/><isType><semtype type="VOID"/></isType></node><node id="8" label="AtomExpr" lexeme="none" spec="VOID"><location begcolumn="28" begline="2" endcolumn="31" endline="2" loc="2.28 - 2.31"/><ofType><semtype type="VOID"/></ofType></node><location begcolumn="1" begline="2" endcolumn="31" endline="2" loc="2.1 - 2.31"/><frame FP="T2" RV="T3" argssize="0" depth="0" label="_putChar" locssize="0" size="16"/></node><node id="15" label="FunDecl" lexeme="getChar"><node id="11" label="AtomType" spec="CHAR"><location begcolumn="15" begline="3" endcolumn="18" endline="3" loc="3.15 - 3.18"/><isType><semtype type="CHAR"/></isType></node><node id="14" label="CastExpr"><node id="12" label="AtomExpr" lexeme="0" spec="INTEGER"><location begcolumn="23" begline="3" endcolumn="23" endline="3" loc="3.23 - 3.23"/><ofType><semtype type="INTEGER"/></ofType></node><node id="13" label="AtomType" spec="CHAR"><location begcolumn="25" begline="3" endcolumn="28" endline="3" loc="3.25 - 3.28"/><isType><semtype type="CHAR"/></isType></node><location begcolumn="23" begline="3" endcolumn="28" endline="3" loc="3.23 - 3.28"/><ofType><semtype type="CHAR"/></ofType></node><location begcolumn="1" begline="3" endcolumn="28" endline="3" loc="3.1 - 3.28"/><frame FP="T4" RV="T5" argssize="0" depth="0" label="_getChar" locssize="0" size="16"/></node><node id="87" label="FunDecl" lexeme="putInteger"><node id="18" label="{Pars}"><node id="17" label="ParDecl" lexeme="i"><node id="16" label="AtomType" spec="INTEGER"><location begcolumn="18" begline="5" endcolumn="24" endline="5" loc="5.18 - 5.24"/><isType><semtype type="INTEGER"/></isType></node><location begcolumn="16" begline="5" endcolumn="24" endline="5" loc="5.16 - 5.24"/><access offset="8" size="8"/></node><location begcolumn="16" begline="5" endcolumn="24" endline="5" loc="5.16 - 5.24"/></node><node id="19" label="AtomType" spec="VOID"><location begcolumn="27" begline="5" endcolumn="30" endline="5" loc="5.27 - 5.30"/><isType><semtype type="VOID"/></isType></node><node id="86" label="WhereExpr"><node id="50" label="StmtExpr"><node id="49" label="{Stmts}"><node id="36" label="IfStmt"><node id="22" label="BinExpr" spec="LTH"><node id="20" label="NameExpr" lexeme="i"><location begcolumn="11" begline="7" endcolumn="11" endline="7" loc="7.11 - 7.11"/><declaredAt idx="17" location="5.16 - 5.24"/><ofType><semtype type="INTEGER"/></ofType><lvalue/></node><node id="21" label="AtomExpr" lexeme="0" spec="INTEGER"><location begcolumn="13" begline="7" endcolumn="13" endline="7" loc="7.13 - 7.13"/><ofType><semtype type="INTEGER"/></ofType></node><location begcolumn="11" begline="7" endcolumn="13" endline="7" loc="7.11 - 7.13"/><ofType><semtype type="BOOLEAN"/></ofType></node><node id="33" label="ExprStmt"><node id="32" label="StmtExpr"><node id="31" label="{Stmts}"><node id="26" label="ExprStmt"><node id="25" label="CallExpr" lexeme="putChar"><node id="24" label="{CallArgs}"><node id="23" label="AtomExpr" lexeme="'-'" spec="CHAR"><location begcolumn="31" begline="7" endcolumn="33" endline="7" loc="7.31 - 7.33"/><ofType><semtype type="CHAR"/></ofType></node><location begcolumn="31" begline="7" endcolumn="33" endline="7" loc="7.31 - 7.33"/></node><location begcolumn="23" begline="7" endcolumn="34" endline="7" loc="7.23 - 7.34"/><declaredAt idx="9" location="2.1 - 2.31"/><ofType><semtype type="VOID"/></ofType></node><location begcolumn="23" begline="7" endcolumn="34" endline="7" loc="7.23 - 7.34"/><ofType><semtype type="VOID"/></ofType></node><node id="30" label="AssignStmt"><node id="27" label="NameExpr" lexeme="i"><location begcolumn="37" begline="7" endcolumn="37" endline="7" loc="7.37 - 7.37"/><declaredAt idx="17" location="5.16 - 5.24"/><ofType><semtype type="INTEGER"/></ofType><lvalue/></node><node id="29" label="PfxExpr" spec="SUB"><node id="28" label="NameExpr" lexeme="i"><location begcolumn="40" begline="7" endcolumn="40" endline="7" loc="7.40 - 7.40"/><declaredAt idx="17" location="5.16 - 5.24"/><ofType><semtype type="INTEGER"/></ofType></node><location begcolumn="39" begline="7" endcolumn="40" endline="7" loc="7.39 - 7.40"/><ofType><semtype type="INTEGER"/></ofType></node><location begcolumn="37" begline="7" endcolumn="40" endline="7" loc="7.37 - 7.40"/><ofType><semtype type="VOID"/></ofType></node><location begcolumn="23" begline="7" endcolumn="40" endline="7" loc="7.23 - 7.40"/></node><location begcolumn="21" begline="7" endcolumn="43" endline="7" loc="7.21 - 7.43"/><ofType><semtype type="VOID"/></ofType></node><location begcolumn="21" begline="7" endcolumn="43" endline="7" loc="7.21 - 7.43"/><ofType><semtype type="VOID"/></ofType></node><node id="35" label="ExprStmt"><node id="34" label="AtomExpr" lexeme="none" spec="VOID"><location begcolumn="50" begline="7" endcolumn="53" endline="7" loc="7.50 - 7.53"/><ofType><semtype type="VOID"/></ofType></node><location begcolumn="50" begline="7" endcolumn="53" endline="7" loc="7.50 - 7.53"/><ofType><semtype type="VOID"/></ofType></node><location begcolumn="7" begline="7" endcolumn="53" endline="7" loc="7.7 - 7.53"/><ofType><semtype type="VOID"/></ofType></node><node id="48" label="IfStmt"><node id="39" label="BinExpr" spec="EQU"><node id="37" label="NameExpr" lexeme="i"><location begcolumn="11" begline="8" endcolumn="11" endline="8" loc="8.11 - 8.11"/><declaredAt idx="17" location="5.16 - 5.24"/><ofType><semtype type="INTEGER"/></ofType><lvalue/></node><node id="38" label="AtomExpr" lexeme="0" spec="INTEGER"><location begcolumn="14" begline="8" endcolumn="14" endline="8" loc="8.14 - 8.14"/><ofType><semtype type="INTEGER"/></ofType></node><location begcolumn="11" begline="8" endcolumn="14" endline="8" loc="8.11 - 8.14"/><ofType><semtype type="BOOLEAN"/></ofType></node><node id="43" label="ExprStmt"><node id="42" label="CallExpr" lexeme="putChar"><node id="41" label="{CallArgs}"><node id="40" label="AtomExpr" lexeme="'0'" spec="CHAR"><location begcolumn="30" begline="8" endcolumn="32" endline="8" loc="8.30 - 8.32"/><ofType><semtype type="CHAR"/></ofType></node><location begcolumn="30" begline="8" endcolumn="32" endline="8" loc="8.30 - 8.32"/></node><location begcolumn="22" begline="8" endcolumn="33" endline="8" loc="8.22 - 8.33"/><declaredAt idx="9" location="2.1 - 2.31"/><ofType><semtype type="VOID"/></ofType></node><location begcolumn="22" begline="8" endcolumn="33" endline="8" loc="8.22 - 8.33"/><ofType><semtype type="VOID"/></ofType></node><node id="47" label="ExprStmt"><node id="46" label="CallExpr" lexeme="put"><node id="45" label="{CallArgs}"><node id="44" label="NameExpr" lexeme="i"><location begcolumn="44" begline="8" endcolumn="44" endline="8" loc="8.44 - 8.44"/><declaredAt idx="17" location="5.16 - 5.24"/><ofType><semtype type="INTEGER"/></ofType><lvalue/></node><location begcolumn="44" begline="8" endcolumn="44" endline="8" loc="8.44 - 8.44"/></node><location begcolumn="40" begline="8" endcolumn="45" endline="8" loc="8.40 - 8.45"/><declaredAt idx="84" location="12.7 - 18.11"/><ofType><semtype type="VOID"/></ofType></node><location begcolumn="40" begline="8" endcolumn="45" endline="8" loc="8.40 - 8.45"/><ofType><semtype type="VOID"/></ofType></node><location begcolumn="7" begline="8" endcolumn="45" endline="8" loc="8.7 - 8.45"/><ofType><semtype type="VOID"/></ofType></node><location begcolumn="7" begline="7" endcolumn="45" endline="8" loc="7.7 - 8.45"/></node><location begcolumn="5" begline="6" endcolumn="5" endline="9" loc="6.5 - 9.5"/><ofType><semtype type="VOID"/></ofType></node><node id="85" label="{Decls}"><node id="84" label="FunDecl" lexeme="put"><node id="53" label="{Pars}"><node id="52" label="ParDecl" lexeme="i"><node id="51" label="AtomType" spec="INTEGER"><location begcolumn="17" begline="12" endcolumn="23" endline="12" loc="12.17 - 12.23"/><isType><semtype type="INTEGER"/></isType></node><location begcolumn="15" begline="12" endcolumn="23" endline="12" loc="12.15 - 12.23"/><access depth="1" offset="8" size="8"/></node><location begcolumn="15" begline="12" endcolumn="23" endline="12" loc="12.15 - 12.23"/></node><node id="54" label="AtomType" spec="VOID"><location begcolumn="26" begline="12" endcolumn="29" endline="12" loc="12.26 - 12.29"/><isType><semtype type="VOID"/></isType></node><node id="83" label="StmtExpr"><node id="82" label="{Stmts}"><node id="81" label="IfStmt"><node id="57" label="BinExpr" spec="EQU"><node id="55" label="NameExpr" lexeme="i"><location begcolumn="17" begline="14" endcolumn="17" endline="14" loc="14.17 - 14.17"/><declaredAt idx="52" location="12.15 - 12.23"/><ofType><semtype type="INTEGER"/></ofType><lvalue/></node><node id="56" label="AtomExpr" lexeme="0" spec="INTEGER"><location begcolumn="20" begline="14" endcolumn="20" endline="14" loc="14.20 - 14.20"/><ofType><semtype type="INTEGER"/></ofType></node><location begcolumn="17" begline="14" endcolumn="20" endline="14" loc="14.17 - 14.20"/><ofType><semtype type="BOOLEAN"/></ofType></node><node id="59" label="ExprStmt"><node id="58" label="AtomExpr" lexeme="none" spec="VOID"><location begcolumn="28" begline="14" endcolumn="31" endline="14" loc="14.28 - 14.31"/><ofType><semtype type="VOID"/></ofType></node><location begcolumn="28" begline="14" endcolumn="31" endline="14" loc="14.28 - 14.31"/><ofType><semtype type="VOID"/></ofType></node><node id="80" label="ExprStmt"><node id="79" label="StmtExpr"><node id="78" label="{Stmts}"><node id="65" label="ExprStmt"><node id="64" label="CallExpr" lexeme="put"><node id="63" label="{CallArgs}"><node id="62" label="BinExpr" spec="DIV"><node id="60" label="NameExpr" lexeme="i"><location begcolumn="19" begline="15" endcolumn="19" endline="15" loc="15.19 - 15.19"/><declaredAt idx="52" location="12.15 - 12.23"/><ofType><semtype type="INTEGER"/></ofType><lvalue/></node><node id="61" label="AtomExpr" lexeme="10" spec="INTEGER"><location begcolumn="21" begline="15" endcolumn="22" endline="15" loc="15.21 - 15.22"/><ofType><semtype type="INTEGER"/></ofType></node><location begcolumn="19" begline="15" endcolumn="22" endline="15" loc="15.19 - 15.22"/><ofType><semtype type="INTEGER"/></ofType></node><location begcolumn="19" begline="15" endcolumn="22" endline="15" loc="15.19 - 15.22"/></node><location begcolumn="15" begline="15" endcolumn="23" endline="15" loc="15.15 - 15.23"/><declaredAt idx="84" location="12.7 - 18.11"/><ofType><semtype type="VOID"/></ofType></node><location begcolumn="15" begline="15" endcolumn="23" endline="15" loc="15.15 - 15.23"/><ofType><semtype type="VOID"/></ofType></node><node id="77" label="ExprStmt"><node id="76" label="CallExpr" lexeme="putChar"><node id="75" label="{CallArgs}"><node id="74" label="CastExpr"><node id="72" label="BinExpr" spec="ADD"><node id="68" label="BinExpr" spec="MOD"><node id="66" label="NameExpr" lexeme="i"><location begcolumn="25" begline="16" endcolumn="25" endline="16" loc="16.25 - 16.25"/><declaredAt idx="52" location="12.15 - 12.23"/><ofType><semtype type="INTEGER"/></ofType><lvalue/></node><node id="67" label="AtomExpr" lexeme="10" spec="INTEGER"><location begcolumn="27" begline="16" endcolumn="28" endline="16" loc="16.27 - 16.28"/><ofType><semtype type="INTEGER"/></ofType></node><location begcolumn="25" begline="16" endcolumn="28" endline="16" loc="16.25 - 16.28"/><ofType><semtype type="INTEGER"/></ofType></node><node id="71" label="CastExpr"><node id="69" label="AtomExpr" lexeme="'0'" spec="CHAR"><location begcolumn="31" begline="16" endcolumn="33" endline="16" loc="16.31 - 16.33"/><ofType><semtype type="CHAR"/></ofType></node><node id="70" label="AtomType" spec="INTEGER"><location begcolumn="35" begline="16" endcolumn="41" endline="16" loc="16.35 - 16.41"/><isType><semtype type="INTEGER"/></isType></node><location begcolumn="31" begline="16" endcolumn="41" endline="16" loc="16.31 - 16.41"/><ofType><semtype type="INTEGER"/></ofType></node><location begcolumn="25" begline="16" endcolumn="41" endline="16" loc="16.25 - 16.41"/><ofType><semtype type="INTEGER"/></ofType></node><node id="73" label="AtomType" spec="CHAR"><location begcolumn="45" begline="16" endcolumn="48" endline="16" loc="16.45 - 16.48"/><isType><semtype type="CHAR"/></isType></node><location begcolumn="25" begline="16" endcolumn="48" endline="16" loc="16.25 - 16.48"/><ofType><semtype type="CHAR"/></ofType></node><location begcolumn="25" begline="16" endcolumn="48" endline="16" loc="16.25 - 16.48"/></node><location begcolumn="15" begline="16" endcolumn="50" endline="16" loc="16.15 - 16.50"/><declaredAt idx="9" location="2.1 - 2.31"/><ofType><semtype type="VOID"/></ofType></node><location begcolumn="15" begline="16" endcolumn="50" endline="16" loc="16.15 - 16.50"/><ofType><semtype type="VOID"/></ofType></node><location begcolumn="15" begline="15" endcolumn="50" endline="16" loc="15.15 - 16.50"/></node><location begcolumn="38" begline="14" endcolumn="13" endline="17" loc="14.38 - 17.13"/><ofType><semtype type="VOID"/></ofType></node><location begcolumn="38" begline="14" endcolumn="13" endline="17" loc="14.38 - 17.13"/><ofType><semtype type="VOID"/></ofType></node><location begcolumn="13" begline="14" endcolumn="13" endline="17" loc="14.13 - 17.13"/><ofType><semtype type="VOID"/></ofType></node><location begcolumn="13" begline="14" endcolumn="13" endline="17" loc="14.13 - 17.13"/></node><location begcolumn="11" begline="13" endcolumn="11" endline="18" loc="13.11 - 18.11"/><ofType><semtype type="VOID"/></ofType></node><location begcolumn="7" begline="12" endcolumn="11" endline="18" loc="12.7 - 18.11"/><frame FP="T6" RV="T7" argssize="8" depth="1" label="_put" locssize="0" size="24"/></node><location begcolumn="7" begline="12" endcolumn="11" endline="18" loc="12.7 - 18.11"/></node><location begcolumn="5" begline="6" endcolumn="5" endline="19" loc="6.5 - 19.5"/><ofType><semtype type="VOID"/></ofType></node><location begcolumn="1" begline="5" endcolumn="5" endline="19" loc="5.1 - 19.5"/><frame FP="T8" RV="T9" argssize="8" depth="0" label="_putInteger" locssize="0" size="24"/></node><node id="194" label="FunDecl" lexeme="getInteger"><node id="89" label="AtomType" spec="INTEGER"><location begcolumn="18" begline="21" endcolumn="24" endline="21" loc="21.18 - 21.24"/><isType><semtype type="INTEGER"/></isType></node><node id="193" label="WhereExpr"><node id="185" label="StmtExpr"><node id="184" label="{Stmts}"><node id="92" label="AssignStmt"><node id="90" label="NameExpr" lexeme="sign"><location begcolumn="7" begline="23" endcolumn="10" endline="23" loc="23.7 - 23.10"/><declaredAt idx="187" location="38.7 - 38.22"/><ofType><semtype type="INTEGER"/></ofType><lvalue/></node><node id="91" label="AtomExpr" lexeme="1" spec="INTEGER"><location begcolumn="12" begline="23" endcolumn="12" endline="23" loc="23.12 - 23.12"/><ofType><semtype type="INTEGER"/></ofType></node><location begcolumn="7" begline="23" endcolumn="12" endline="23" loc="23.7 - 23.12"/><ofType><semtype type="VOID"/></ofType></node><node id="95" label="AssignStmt"><node id="93" label="NameExpr" lexeme="val"><location begcolumn="7" begline="24" endcolumn="9" endline="24" loc="24.7 - 24.9"/><declaredAt idx="189" location="39.7 - 39.21"/><ofType><semtype type="INTEGER"/></ofType><lvalue/></node><node id="94" label="AtomExpr" lexeme="0" spec="INTEGER"><location begcolumn="11" begline="24" endcolumn="11" endline="24" loc="24.11 - 24.11"/><ofType><semtype type="INTEGER"/></ofType></node><location begcolumn="7" begline="24" endcolumn="11" endline="24" loc="24.7 - 24.11"/><ofType><semtype type="VOID"/></ofType></node><node id="99" label="AssignStmt"><node id="96" label="NameExpr" lexeme="c"><location begcolumn="7" begline="25" endcolumn="7" endline="25" loc="25.7 - 25.7"/><declaredAt idx="191" location="40.7 - 40.16"/><ofType><semtype type="CHAR"/></ofType><lvalue/></node><node id="98" label="CallExpr" lexeme="getChar"><location begcolumn="11" begline="25" endcolumn="19" endline="25" loc="25.11 - 25.19"/><declaredAt idx="15" location="3.1 - 3.28"/><ofType><semtype type="CHAR"/></ofType></node><location begcolumn="7" begline="25" endcolumn="19" endline="25" loc="25.7 - 25.19"/><ofType><semtype type="VOID"/></ofType></node><node id="140" label="IfStmt"><node id="102" label="BinExpr" spec="EQU"><node id="100" label="NameExpr" lexeme="c"><location begcolumn="11" begline="26" endcolumn="11" endline="26" loc="26.11 - 26.11"/><declaredAt idx="191" location="40.7 - 40.16"/><ofType><semtype type="CHAR"/></ofType><lvalue/></node><node id="101" label="AtomExpr" lexeme="'+'" spec="CHAR"><location begcolumn="14" begline="26" endcolumn="16" endline="26" loc="26.14 - 26.16"/><ofType><semtype type="CHAR"/></ofType></node><location begcolumn="11" begline="26" endcolumn="16" endline="26" loc="26.11 - 26.16"/><ofType><semtype type="BOOLEAN"/></ofType></node><node id="112" label="ExprStmt"><node id="111" label="StmtExpr"><node id="110" label="{Stmts}"><node id="106" label="AssignStmt"><node id="103" label="NameExpr" lexeme="sign"><location begcolumn="26" begline="26" endcolumn="29" endline="26" loc="26.26 - 26.29"/><declaredAt idx="187" location="38.7 - 38.22"/><ofType><semtype type="INTEGER"/></ofType><lvalue/></node><node id="105" label="PfxExpr" spec="ADD"><node id="104" label="AtomExpr" lexeme="1" spec="INTEGER"><location begcolumn="32" begline="26" endcolumn="32" endline="26" loc="26.32 - 26.32"/><ofType><semtype type="INTEGER"/></ofType></node><location begcolumn="31" begline="26" endcolumn="32" endline="26" loc="26.31 - 26.32"/><ofType><semtype type="INTEGER"/></ofType></node><location begcolumn="26" begline="26" endcolumn="32" endline="26" loc="26.26 - 26.32"/><ofType><semtype type="VOID"/></ofType></node><node id="109" label="AssignStmt"><node id="107" label="NameExpr" lexeme="c"><location begcolumn="35" begline="26" endcolumn="35" endline="26" loc="26.35 - 26.35"/><declaredAt idx="191" location="40.7 - 40.16"/><ofType><semtype type="CHAR"/></ofType><lvalue/></node><node id="108" label="AtomExpr" lexeme="'0'" spec="CHAR"><location begcolumn="37" begline="26" endcolumn="39" endline="26" loc="26.37 - 26.39"/><ofType><semtype type="CHAR"/></ofType></node><location begcolumn="35" begline="26" endcolumn="39" endline="26" loc="26.35 - 26.39"/><ofType><semtype type="VOID"/></ofType></node><location begcolumn="26" begline="26" endcolumn="39" endline="26" loc="26.26 - 26.39"/></node><location begcolumn="24" begline="26" endcolumn="42" endline="26" loc="26.24 - 26.42"/><ofType><semtype type="VOID"/></ofType></node><location begcolumn="24" begline="26" endcolumn="42" endline="26" loc="26.24 - 26.42"/><ofType><semtype type="VOID"/></ofType></node><node id="139" label="IfStmt"><node id="115" label="BinExpr" spec="EQU"><node id="113" label="NameExpr" lexeme="c"><location begcolumn="11" begline="27" endcolumn="11" endline="27" loc="27.11 - 27.11"/><declaredAt idx="191" location="40.7 - 40.16"/><ofType><semtype type="CHAR"/></ofType><lvalue/></node><node id="114" label="AtomExpr" lexeme="'-'" spec="CHAR"><location begcolumn="14" begline="27" endcolumn="16" endline="27" loc="27.14 - 27.16"/><ofType><semtype type="CHAR"/></ofType></node><location begcolumn="11" begline="27" endcolumn="16" endline="27" loc="27.11 - 27.16"/><ofType><semtype type="BOOLEAN"/></ofType></node><node id="125" label="ExprStmt"><node id="124" label="StmtExpr"><node id="123" label="{Stmts}"><node id="119" label="AssignStmt"><node id="116" label="NameExpr" lexeme="sign"><location begcolumn="26" begline="27" endcolumn="29" endline="27" loc="27.26 - 27.29"/><declaredAt idx="187" location="38.7 - 38.22"/><ofType><semtype type="INTEGER"/></ofType><lvalue/></node><node id="118" label="PfxExpr" spec="SUB"><node id="117" label="AtomExpr" lexeme="1" spec="INTEGER"><location begcolumn="32" begline="27" endcolumn="32" endline="27" loc="27.32 - 27.32"/><ofType><semtype type="INTEGER"/></ofType></node><location begcolumn="31" begline="27" endcolumn="32" endline="27" loc="27.31 - 27.32"/><ofType><semtype type="INTEGER"/></ofType></node><location begcolumn="26" begline="27" endcolumn="32" endline="27" loc="27.26 - 27.32"/><ofType><semtype type="VOID"/></ofType></node><node id="122" label="AssignStmt"><node id="120" label="NameExpr" lexeme="c"><location begcolumn="35" begline="27" endcolumn="35" endline="27" loc="27.35 - 27.35"/><declaredAt idx="191" location="40.7 - 40.16"/><ofType><semtype type="CHAR"/></ofType><lvalue/></node><node id="121" label="AtomExpr" lexeme="'0'" spec="CHAR"><location begcolumn="37" begline="27" endcolumn="39" endline="27" loc="27.37 - 27.39"/><ofType><semtype type="CHAR"/></ofType></node><location begcolumn="35" begline="27" endcolumn="39" endline="27" loc="27.35 - 27.39"/><ofType><semtype type="VOID"/></ofType></node><location begcolumn="26" begline="27" endcolumn="39" endline="27" loc="27.26 - 27.39"/></node><location begcolumn="24" begline="27" endcolumn="42" endline="27" loc="27.24 - 27.42"/><ofType><semtype type="VOID"/></ofType></node><location begcolumn="24" begline="27" endcolumn="42" endline="27" loc="27.24 - 27.42"/><ofType><semtype type="VOID"/></ofType></node><node id="138" label="IfStmt"><node id="132" label="BinExpr" spec="OR"><node id="128" label="BinExpr" spec="LTH"><node id="126" label="NameExpr" lexeme="c"><location begcolumn="11" begline="28" endcolumn="11" endline="28" loc="28.11 - 28.11"/><declaredAt idx="191" location="40.7 - 40.16"/><ofType><semtype type="CHAR"/></ofType><lvalue/></node><node id="127" label="AtomExpr" lexeme="'0'" spec="CHAR"><location begcolumn="13" begline="28" endcolumn="15" endline="28" loc="28.13 - 28.15"/><ofType><semtype type="CHAR"/></ofType></node><location begcolumn="11" begline="28" endcolumn="15" endline="28" loc="28.11 - 28.15"/><ofType><semtype type="BOOLEAN"/></ofType></node><node id="131" label="BinExpr" spec="GTH"><node id="129" label="NameExpr" lexeme="c"><location begcolumn="19" begline="28" endcolumn="19" endline="28" loc="28.19 - 28.19"/><declaredAt idx="191" location="40.7 - 40.16"/><ofType><semtype type="CHAR"/></ofType><lvalue/></node><node id="130" label="AtomExpr" lexeme="'9'" spec="CHAR"><location begcolumn="21" begline="28" endcolumn="23" endline="28" loc="28.21 - 28.23"/><ofType><semtype type="CHAR"/></ofType></node><location begcolumn="19" begline="28" endcolumn="23" endline="28" loc="28.19 - 28.23"/><ofType><semtype type="BOOLEAN"/></ofType></node><location begcolumn="11" begline="28" endcolumn="23" endline="28" loc="28.11 - 28.23"/><ofType><semtype type="BOOLEAN"/></ofType></node><node id="135" label="ExprStmt"><node id="134" label="CallExpr" lexeme="exit"><location begcolumn="31" begline="28" endcolumn="36" endline="28" loc="28.31 - 28.36"/><declaredAt idx="3" location="1.1 - 1.22"/><ofType><semtype type="VOID"/></ofType></node><location begcolumn="31" begline="28" endcolumn="36" endline="28" loc="28.31 - 28.36"/><ofType><semtype type="VOID"/></ofType></node><node id="137" label="ExprStmt"><node id="136" label="AtomExpr" lexeme="none" spec="VOID"><location begcolumn="43" begline="28" endcolumn="46" endline="28" loc="28.43 - 28.46"/><ofType><semtype type="VOID"/></ofType></node><location begcolumn="43" begline="28" endcolumn="46" endline="28" loc="28.43 - 28.46"/><ofType><semtype type="VOID"/></ofType></node><location begcolumn="7" begline="28" endcolumn="46" endline="28" loc="28.7 - 28.46"/><ofType><semtype type="VOID"/></ofType></node><location begcolumn="7" begline="27" endcolumn="46" endline="28" loc="27.7 - 28.46"/><ofType><semtype type="VOID"/></ofType></node><location begcolumn="7" begline="26" endcolumn="46" endline="28" loc="26.7 - 28.46"/><ofType><semtype type="VOID"/></ofType></node><node id="168" label="WhileStmt"><node id="147" label="BinExpr" spec="AND"><node id="143" label="BinExpr" spec="LEQ"><node id="141" label="AtomExpr" lexeme="'0'" spec="CHAR"><location begcolumn="14" begline="29" endcolumn="16" endline="29" loc="29.14 - 29.16"/><ofType><semtype type="CHAR"/></ofType></node><node id="142" label="NameExpr" lexeme="c"><location begcolumn="19" begline="29" endcolumn="19" endline="29" loc="29.19 - 29.19"/><declaredAt idx="191" location="40.7 - 40.16"/><ofType><semtype type="CHAR"/></ofType><lvalue/></node><location begcolumn="14" begline="29" endcolumn="19" endline="29" loc="29.14 - 29.19"/><ofType><semtype type="BOOLEAN"/></ofType></node><node id="146" label="BinExpr" spec="LEQ"><node id="144" label="NameExpr" lexeme="c"><location begcolumn="23" begline="29" endcolumn="23" endline="29" loc="29.23 - 29.23"/><declaredAt idx="191" location="40.7 - 40.16"/><ofType><semtype type="CHAR"/></ofType><lvalue/></node><node id="145" label="AtomExpr" lexeme="'9'" spec="CHAR"><location begcolumn="26" begline="29" endcolumn="28" endline="29" loc="29.26 - 29.28"/><ofType><semtype type="CHAR"/></ofType></node><location begcolumn="23" begline="29" endcolumn="28" endline="29" loc="29.23 - 29.28"/><ofType><semtype type="BOOLEAN"/></ofType></node><location begcolumn="14" begline="29" endcolumn="28" endline="29" loc="29.14 - 29.28"/><ofType><semtype type="BOOLEAN"/></ofType></node><node id="167" label="ExprStmt"><node id="166" label="StmtExpr"><node id="165" label="{Stmts}"><node id="160" label="AssignStmt"><node id="148" label="NameExpr" lexeme="val"><location begcolumn="9" begline="30" endcolumn="11" endline="30" loc="30.9 - 30.11"/><declaredAt idx="189" location="39.7 - 39.21"/><ofType><semtype type="INTEGER"/></ofType><lvalue/></node><node id="159" label="BinExpr" spec="ADD"><node id="151" label="BinExpr" spec="MUL"><node id="149" label="NameExpr" lexeme="val"><location begcolumn="13" begline="30" endcolumn="15" endline="30" loc="30.13 - 30.15"/><declaredAt idx="189" location="39.7 - 39.21"/><ofType><semtype type="INTEGER"/></ofType></node><node id="150" label="AtomExpr" lexeme="10" spec="INTEGER"><location begcolumn="17" begline="30" endcolumn="18" endline="30" loc="30.17 - 30.18"/><ofType><semtype type="INTEGER"/></ofType></node><location begcolumn="13" begline="30" endcolumn="18" endline="30" loc="30.13 - 30.18"/><ofType><semtype type="INTEGER"/></ofType></node><node id="158" label="BinExpr" spec="SUB"><node id="154" label="CastExpr"><node id="152" label="NameExpr" lexeme="c"><location begcolumn="22" begline="30" endcolumn="22" endline="30" loc="30.22 - 30.22"/><declaredAt idx="191" location="40.7 - 40.16"/><ofType><semtype type="CHAR"/></ofType></node><node id="153" label="AtomType" spec="INTEGER"><location begcolumn="24" begline="30" endcolumn="30" endline="30" loc="30.24 - 30.30"/><isType><semtype type="INTEGER"/></isType></node><location begcolumn="22" begline="30" endcolumn="30" endline="30" loc="30.22 - 30.30"/><ofType><semtype type="INTEGER"/></ofType></node><node id="157" label="CastExpr"><node id="155" label="AtomExpr" lexeme="'0'" spec="CHAR"><location begcolumn="34" begline="30" endcolumn="36" endline="30" loc="30.34 - 30.36"/><ofType><semtype type="CHAR"/></ofType></node><node id="156" label="AtomType" spec="INTEGER"><location begcolumn="38" begline="30" endcolumn="44" endline="30" loc="30.38 - 30.44"/><isType><semtype type="INTEGER"/></isType></node><location begcolumn="34" begline="30" endcolumn="44" endline="30" loc="30.34 - 30.44"/><ofType><semtype type="INTEGER"/></ofType></node><location begcolumn="22" begline="30" endcolumn="44" endline="30" loc="30.22 - 30.44"/><ofType><semtype type="INTEGER"/></ofType></node><location begcolumn="13" begline="30" endcolumn="44" endline="30" loc="30.13 - 30.44"/><ofType><semtype type="INTEGER"/></ofType></node><location begcolumn="9" begline="30" endcolumn="44" endline="30" loc="30.9 - 30.44"/><ofType><semtype type="VOID"/></ofType></node><node id="164" label="AssignStmt"><node id="161" label="NameExpr" lexeme="c"><location begcolumn="9" begline="31" endcolumn="9" endline="31" loc="31.9 - 31.9"/><declaredAt idx="191" location="40.7 - 40.16"/><ofType><semtype type="CHAR"/></ofType><lvalue/></node><node id="163" label="CallExpr" lexeme="getChar"><location begcolumn="11" begline="31" endcolumn="19" endline="31" loc="31.11 - 31.19"/><declaredAt idx="15" location="3.1 - 3.28"/><ofType><semtype type="CHAR"/></ofType></node><location begcolumn="9" begline="31" endcolumn="19" endline="31" loc="31.9 - 31.19"/><ofType><semtype type="VOID"/></ofType></node><location begcolumn="9" begline="30" endcolumn="19" endline="31" loc="30.9 - 31.19"/></node><location begcolumn="34" begline="29" endcolumn="7" endline="32" loc="29.34 - 32.7"/><ofType><semtype type="VOID"/></ofType></node><location begcolumn="34" begline="29" endcolumn="7" endline="32" loc="29.34 - 32.7"/><ofType><semtype type="VOID"/></ofType></node><location begcolumn="7" begline="29" endcolumn="7" endline="32" loc="29.7 - 32.7"/><ofType><semtype type="VOID"/></ofType></node><node id="179" label="IfStmt"><node id="173" label="BinExpr" spec="NEQ"><node id="169" label="NameExpr" lexeme="c"><location begcolumn="11" begline="33" endcolumn="11" endline="33" loc="33.11 - 33.11"/><declaredAt idx="191" location="40.7 - 40.16"/><ofType><semtype type="CHAR"/></ofType><lvalue/></node><node id="172" label="CastExpr"><node id="170" label="AtomExpr" lexeme="10" spec="INTEGER"><location begcolumn="15" begline="33" endcolumn="16" endline="33" loc="33.15 - 33.16"/><ofType><semtype type="INTEGER"/></ofType></node><node id="171" label="AtomType" spec="CHAR"><location begcolumn="18" begline="33" endcolumn="21" endline="33" loc="33.18 - 33.21"/><isType><semtype type="CHAR"/></isType></node><location begcolumn="15" begline="33" endcolumn="21" endline="33" loc="33.15 - 33.21"/><ofType><semtype type="CHAR"/></ofType></node><location begcolumn="11" begline="33" endcolumn="21" endline="33" loc="33.11 - 33.21"/><ofType><semtype type="BOOLEAN"/></ofType></node><node id="176" label="ExprStmt"><node id="175" label="CallExpr" lexeme="exit"><location begcolumn="30" begline="33" endcolumn="35" endline="33" loc="33.30 - 33.35"/><declaredAt idx="3" location="1.1 - 1.22"/><ofType><semtype type="VOID"/></ofType></node><location begcolumn="30" begline="33" endcolumn="35" endline="33" loc="33.30 - 33.35"/><ofType><semtype type="VOID"/></ofType></node><node id="178" label="ExprStmt"><node id="177" label="AtomExpr" lexeme="none" spec="VOID"><location begcolumn="42" begline="33" endcolumn="45" endline="33" loc="33.42 - 33.45"/><ofType><semtype type="VOID"/></ofType></node><location begcolumn="42" begline="33" endcolumn="45" endline="33" loc="33.42 - 33.45"/><ofType><semtype type="VOID"/></ofType></node><location begcolumn="7" begline="33" endcolumn="45" endline="33" loc="33.7 - 33.45"/><ofType><semtype type="VOID"/></ofType></node><node id="183" label="ExprStmt"><node id="182" label="BinExpr" spec="MUL"><node id="180" label="NameExpr" lexeme="sign"><location begcolumn="7" begline="34" endcolumn="10" endline="34" loc="34.7 - 34.10"/><declaredAt idx="187" location="38.7 - 38.22"/><ofType><semtype type="INTEGER"/></ofType><lvalue/></node><node id="181" label="NameExpr" lexeme="val"><location begcolumn="14" begline="34" endcolumn="16" endline="34" loc="34.14 - 34.16"/><declaredAt idx="189" location="39.7 - 39.21"/><ofType><semtype type="INTEGER"/></ofType><lvalue/></node><location begcolumn="7" begline="34" endcolumn="16" endline="34" loc="34.7 - 34.16"/><ofType><semtype type="INTEGER"/></ofType></node><location begcolumn="7" begline="34" endcolumn="16" endline="34" loc="34.7 - 34.16"/><ofType><semtype type="INTEGER"/></ofType></node><location begcolumn="7" begline="23" endcolumn="16" endline="34" loc="23.7 - 34.16"/></node><location begcolumn="5" begline="22" endcolumn="5" endline="35" loc="22.5 - 35.5"/><ofType><semtype type="INTEGER"/></ofType></node><node id="192" label="{Decls}"><node id="187" label="VarDecl" lexeme="sign"><node id="186" label="AtomType" spec="INTEGER"><location begcolumn="16" begline="38" endcolumn="22" endline="38" loc="38.16 - 38.22"/><isType><semtype type="INTEGER"/></isType></node><location begcolumn="7" begline="38" endcolumn="22" endline="38" loc="38.7 - 38.22"/><access offset="-8" size="8"/></node><node id="189" label="VarDecl" lexeme="val"><node id="188" label="AtomType" spec="INTEGER"><location begcolumn="15" begline="39" endcolumn="21" endline="39" loc="39.15 - 39.21"/><isType><semtype type="INTEGER"/></isType></node><location begcolumn="7" begline="39" endcolumn="21" endline="39" loc="39.7 - 39.21"/><access offset="-16" size="8"/></node><node id="191" label="VarDecl" lexeme="c"><node id="190" label="AtomType" spec="CHAR"><location begcolumn="13" begline="40" endcolumn="16" endline="40" loc="40.13 - 40.16"/><isType><semtype type="CHAR"/></isType></node><location begcolumn="7" begline="40" endcolumn="16" endline="40" loc="40.7 - 40.16"/><access offset="-24" size="8"/></node><location begcolumn="7" begline="38" endcolumn="16" endline="40" loc="38.7 - 40.16"/></node><location begcolumn="5" begline="22" endcolumn="5" endline="41" loc="22.5 - 41.5"/><ofType><semtype type="INTEGER"/></ofType></node><location begcolumn="1" begline="21" endcolumn="5" endline="41" loc="21.1 - 41.5"/><frame FP="T10" RV="T11" argssize="0" depth="0" label="_getInteger" locssize="24" size="40"/></node><node id="249" label="FunDecl" lexeme="putString"><node id="198" label="{Pars}"><node id="197" label="ParDecl" lexeme="s"><node id="196" label="PtrType"><node id="195" label="AtomType" spec="CHAR"><location begcolumn="18" begline="43" endcolumn="21" endline="43" loc="43.18 - 43.21"/><isType><semtype type="CHAR"/></isType></node><location begcolumn="17" begline="43" endcolumn="21" endline="43" loc="43.17 - 43.21"/><isType><semtype type="PTR"><semtype type="CHAR"/></semtype></isType></node><location begcolumn="15" begline="43" endcolumn="21" endline="43" loc="43.15 - 43.21"/><access offset="8" size="8"/></node><location begcolumn="15" begline="43" endcolumn="21" endline="43" loc="43.15 - 43.21"/></node><node id="199" label="AtomType" spec="VOID"><location begcolumn="24" begline="43" endcolumn="27" endline="43" loc="43.24 - 43.27"/><isType><semtype type="VOID"/></isType></node><node id="248" label="WhereExpr"><node id="244" label="StmtExpr"><node id="243" label="{Stmts}"><node id="202" label="AssignStmt"><node id="200" label="NameExpr" lexeme="i"><location begcolumn="7" begline="45" endcolumn="7" endline="45" loc="45.7 - 45.7"/><declaredAt idx="246" location="54.7 - 54.19"/><ofType><semtype type="INTEGER"/></ofType><lvalue/></node><node id="201" label="AtomExpr" lexeme="0" spec="INTEGER"><location begcolumn="9" begline="45" endcolumn="9" endline="45" loc="45.9 - 45.9"/><ofType><semtype type="INTEGER"/></ofType></node><location begcolumn="7" begline="45" endcolumn="9" endline="45" loc="45.7 - 45.9"/><ofType><semtype type="VOID"/></ofType></node><node id="240" label="WhileStmt"><node id="217" label="BinExpr" spec="NEQ"><node id="213" label="SfxExpr" spec="PTR"><node id="212" label="CastExpr"><node id="209" label="BinExpr" spec="ADD"><node id="205" label="CastExpr"><node id="203" label="NameExpr" lexeme="s"><location begcolumn="16" begline="46" endcolumn="16" endline="46" loc="46.16 - 46.16"/><declaredAt idx="197" location="43.15 - 43.21"/><ofType><semtype type="PTR"><semtype type="CHAR"/></semtype></ofType></node><node id="204" label="AtomType" spec="INTEGER"><location begcolumn="18" begline="46" endcolumn="24" endline="46" loc="46.18 - 46.24"/><isType><semtype type="INTEGER"/></isType></node><location begcolumn="16" begline="46" endcolumn="24" endline="46" loc="46.16 - 46.24"/><ofType><semtype type="INTEGER"/></ofType></node><node id="208" label="BinExpr" spec="MUL"><node id="206" label="NameExpr" lexeme="i"><location begcolumn="28" begline="46" endcolumn="28" endline="46" loc="46.28 - 46.28"/><declaredAt idx="246" location="54.7 - 54.19"/><ofType><semtype type="INTEGER"/></ofType></node><node id="207" label="AtomExpr" lexeme="8" spec="INTEGER"><location begcolumn="30" begline="46" endcolumn="30" endline="46" loc="46.30 - 46.30"/><ofType><semtype type="INTEGER"/></ofType></node><location begcolumn="28" begline="46" endcolumn="30" endline="46" loc="46.28 - 46.30"/><ofType><semtype type="INTEGER"/></ofType></node><location begcolumn="16" begline="46" endcolumn="30" endline="46" loc="46.16 - 46.30"/><ofType><semtype type="INTEGER"/></ofType></node><node id="211" label="PtrType"><node id="210" label="AtomType" spec="CHAR"><location begcolumn="34" begline="46" endcolumn="37" endline="46" loc="46.34 - 46.37"/><isType><semtype type="CHAR"/></isType></node><location begcolumn="33" begline="46" endcolumn="37" endline="46" loc="46.33 - 46.37"/><isType><semtype type="PTR"><semtype type="CHAR"/></semtype></isType></node><location begcolumn="16" begline="46" endcolumn="37" endline="46" loc="46.16 - 46.37"/><ofType><semtype type="PTR"><semtype type="CHAR"/></semtype></ofType></node><location begcolumn="16" begline="46" endcolumn="39" endline="46" loc="46.16 - 46.39"/><ofType><semtype type="CHAR"/></ofType><lvalue/></node><node id="216" label="CastExpr"><node id="214" label="AtomExpr" lexeme="0" spec="INTEGER"><location begcolumn="43" begline="46" endcolumn="43" endline="46" loc="46.43 - 46.43"/><ofType><semtype type="INTEGER"/></ofType></node><node id="215" label="AtomType" spec="CHAR"><location begcolumn="45" begline="46" endcolumn="48" endline="46" loc="46.45 - 46.48"/><isType><semtype type="CHAR"/></isType></node><location begcolumn="43" begline="46" endcolumn="48" endline="46" loc="46.43 - 46.48"/><ofType><semtype type="CHAR"/></ofType></node><location begcolumn="16" begline="46" endcolumn="48" endline="46" loc="46.16 - 46.48"/><ofType><semtype type="BOOLEAN"/></ofType></node><node id="239" label="ExprStmt"><node id="238" label="StmtExpr"><node id="237" label="{Stmts}"><node id="231" label="ExprStmt"><node id="230" label="CallExpr" lexeme="putChar"><node id="229" label="{CallArgs}"><node id="228" label="SfxExpr" spec="PTR"><node id="227" label="CastExpr"><node id="224" label="BinExpr" spec="ADD"><node id="220" label="CastExpr"><node id="218" label="NameExpr" lexeme="s"><location begcolumn="19" begline="47" endcolumn="19" endline="47" loc="47.19 - 47.19"/><declaredAt idx="197" location="43.15 - 43.21"/><ofType><semtype type="PTR"><semtype type="CHAR"/></semtype></ofType></node><node id="219" label="AtomType" spec="INTEGER"><location begcolumn="21" begline="47" endcolumn="27" endline="47" loc="47.21 - 47.27"/><isType><semtype type="INTEGER"/></isType></node><location begcolumn="19" begline="47" endcolumn="27" endline="47" loc="47.19 - 47.27"/><ofType><semtype type="INTEGER"/></ofType></node><node id="223" label="BinExpr" spec="MUL"><node id="221" label="NameExpr" lexeme="i"><location begcolumn="31" begline="47" endcolumn="31" endline="47" loc="47.31 - 47.31"/><declaredAt idx="246" location="54.7 - 54.19"/><ofType><semtype type="INTEGER"/></ofType></node><node id="222" label="AtomExpr" lexeme="8" spec="INTEGER"><location begcolumn="33" begline="47" endcolumn="33" endline="47" loc="47.33 - 47.33"/><ofType><semtype type="INTEGER"/></ofType></node><location begcolumn="31" begline="47" endcolumn="33" endline="47" loc="47.31 - 47.33"/><ofType><semtype type="INTEGER"/></ofType></node><location begcolumn="19" begline="47" endcolumn="33" endline="47" loc="47.19 - 47.33"/><ofType><semtype type="INTEGER"/></ofType></node><node id="226" label="PtrType"><node id="225" label="AtomType" spec="CHAR"><location begcolumn="37" begline="47" endcolumn="40" endline="47" loc="47.37 - 47.40"/><isType><semtype type="CHAR"/></isType></node><location begcolumn="36" begline="47" endcolumn="40" endline="47" loc="47.36 - 47.40"/><isType><semtype type="PTR"><semtype type="CHAR"/></semtype></isType></node><location begcolumn="19" begline="47" endcolumn="40" endline="47" loc="47.19 - 47.40"/><ofType><semtype type="PTR"><semtype type="CHAR"/></semtype></ofType></node><location begcolumn="19" begline="47" endcolumn="42" endline="47" loc="47.19 - 47.42"/><ofType><semtype type="CHAR"/></ofType><lvalue/></node><location begcolumn="19" begline="47" endcolumn="42" endline="47" loc="47.19 - 47.42"/></node><location begcolumn="9" begline="47" endcolumn="43" endline="47" loc="47.9 - 47.43"/><declaredAt idx="9" location="2.1 - 2.31"/><ofType><semtype type="VOID"/></ofType></node><location begcolumn="9" begline="47" endcolumn="43" endline="47" loc="47.9 - 47.43"/><ofType><semtype type="VOID"/></ofType></node><node id="236" label="AssignStmt"><node id="232" label="NameExpr" lexeme="i"><location begcolumn="9" begline="48" endcolumn="9" endline="48" loc="48.9 - 48.9"/><declaredAt idx="246" location="54.7 - 54.19"/><ofType><semtype type="INTEGER"/></ofType><lvalue/></node><node id="235" label="BinExpr" spec="ADD"><node id="233" label="NameExpr" lexeme="i"><location begcolumn="11" begline="48" endcolumn="11" endline="48" loc="48.11 - 48.11"/><declaredAt idx="246" location="54.7 - 54.19"/><ofType><semtype type="INTEGER"/></ofType></node><node id="234" label="AtomExpr" lexeme="1" spec="INTEGER"><location begcolumn="13" begline="48" endcolumn="13" endline="48" loc="48.13 - 48.13"/><ofType><semtype type="INTEGER"/></ofType></node><location begcolumn="11" begline="48" endcolumn="13" endline="48" loc="48.11 - 48.13"/><ofType><semtype type="INTEGER"/></ofType></node><location begcolumn="9" begline="48" endcolumn="13" endline="48" loc="48.9 - 48.13"/><ofType><semtype type="VOID"/></ofType></node><location begcolumn="9" begline="47" endcolumn="13" endline="48" loc="47.9 - 48.13"/></node><location begcolumn="55" begline="46" endcolumn="7" endline="49" loc="46.55 - 49.7"/><ofType><semtype type="VOID"/></ofType></node><location begcolumn="55" begline="46" endcolumn="7" endline="49" loc="46.55 - 49.7"/><ofType><semtype type="VOID"/></ofType></node><location begcolumn="7" begline="46" endcolumn="7" endline="49" loc="46.7 - 49.7"/><ofType><semtype type="VOID"/></ofType></node><node id="242" label="ExprStmt"><node id="241" label="AtomExpr" lexeme="none" spec="VOID"><location begcolumn="7" begline="50" endcolumn="10" endline="50" loc="50.7 - 50.10"/><ofType><semtype type="VOID"/></ofType></node><location begcolumn="7" begline="50" endcolumn="10" endline="50" loc="50.7 - 50.10"/><ofType><semtype type="VOID"/></ofType></node><location begcolumn="7" begline="45" endcolumn="10" endline="50" loc="45.7 - 50.10"/></node><location begcolumn="5" begline="44" endcolumn="5" endline="51" loc="44.5 - 51.5"/><ofType><semtype type="VOID"/></ofType></node><node id="247" label="{Decls}"><node id="246" label="VarDecl" lexeme="i"><node id="245" label="AtomType" spec="INTEGER"><location begcolumn="13" begline="54" endcolumn="19" endline="54" loc="54.13 - 54.19"/><isType><semtype type="INTEGER"/></isType></node><location begcolumn="7" begline="54" endcolumn="19" endline="54" loc="54.7 - 54.19"/><access offset="-8" size="8"/></node><location begcolumn="7" begline="54" endcolumn="19" endline="54" loc="54.7 - 54.19"/></node><location begcolumn="5" begline="44" endcolumn="5" endline="55" loc="44.5 - 55.5"/><ofType><semtype type="VOID"/></ofType></node><location begcolumn="1" begline="43" endcolumn="5" endline="55" loc="43.1 - 55.5"/><frame FP="T12" RV="T13" argssize="8" depth="0" label="_putString" locssize="8" size="32"/></node><node id="500" label="FunDecl" lexeme="main"><node id="251" label="AtomType" spec="INTEGER"><location begcolumn="12" begline="59" endcolumn="18" endline="59" loc="59.12 - 59.18"/><isType><semtype type="INTEGER"/></isType></node><node id="499" label="WhereExpr"><node id="284" label="StmtExpr"><node id="283" label="{Stmts}"><node id="255" label="AssignStmt"><node id="252" label="NameExpr" lexeme="n"><location begcolumn="7" begline="61" endcolumn="7" endline="61" loc="61.7 - 61.7"/><declaredAt idx="286" location="71.7 - 71.19"/><ofType><semtype type="INTEGER"/></ofType><lvalue/></node><node id="254" label="CallExpr" lexeme="getInteger"><location begcolumn="9" begline="61" endcolumn="20" endline="61" loc="61.9 - 61.20"/><declaredAt idx="194" location="21.1 - 41.5"/><ofType><semtype type="INTEGER"/></ofType></node><location begcolumn="7" begline="61" endcolumn="20" endline="61" loc="61.7 - 61.20"/><ofType><semtype type="VOID"/></ofType></node><node id="260" label="AssignStmt"><node id="256" label="NameExpr" lexeme="n"><location begcolumn="7" begline="62" endcolumn="7" endline="62" loc="62.7 - 62.7"/><declaredAt idx="286" location="71.7 - 71.19"/><ofType><semtype type="INTEGER"/></ofType><lvalue/></node><node id="259" label="CallExpr" lexeme="queens"><node id="258" label="{CallArgs}"><node id="257" label="AtomExpr" lexeme="0" spec="INTEGER"><location begcolumn="16" begline="62" endcolumn="16" endline="62" loc="62.16 - 62.16"/><ofType><semtype type="INTEGER"/></ofType></node><location begcolumn="16" begline="62" endcolumn="16" endline="62" loc="62.16 - 62.16"/></node><location begcolumn="9" begline="62" endcolumn="17" endline="62" loc="62.9 - 62.17"/><declaredAt idx="497" location="73.7 - 120.11"/><ofType><semtype type="INTEGER"/></ofType></node><location begcolumn="7" begline="62" endcolumn="17" endline="62" loc="62.7 - 62.17"/><ofType><semtype type="VOID"/></ofType></node><node id="264" label="ExprStmt"><node id="263" label="CallExpr" lexeme="putString"><node id="262" label="{CallArgs}"><node id="261" label="AtomExpr" lexeme="&quot;# ALL SOLUTIONS = &quot;" spec="STRING"><location begcolumn="17" begline="63" endcolumn="36" endline="63" loc="63.17 - 63.36"/><ofType><semtype type="PTR"><semtype type="CHAR"/></semtype></ofType><access init="&quot;# ALL SOLUTIONS = &quot;" label="L1" size="159"/></node><location begcolumn="17" begline="63" endcolumn="36" endline="63" loc="63.17 - 63.36"/></node><location begcolumn="7" begline="63" endcolumn="37" endline="63" loc="63.7 - 63.37"/><declaredAt idx="249" location="43.1 - 55.5"/><ofType><semtype type="VOID"/></ofType></node><location begcolumn="7" begline="63" endcolumn="37" endline="63" loc="63.7 - 63.37"/><ofType><semtype type="VOID"/></ofType></node><node id="268" label="ExprStmt"><node id="267" label="CallExpr" lexeme="putInteger"><node id="266" label="{CallArgs}"><node id="265" label="NameExpr" lexeme="n"><location begcolumn="18" begline="64" endcolumn="18" endline="64" loc="64.18 - 64.18"/><declaredAt idx="286" location="71.7 - 71.19"/><ofType><semtype type="INTEGER"/></ofType><lvalue/></node><location begcolumn="18" begline="64" endcolumn="18" endline="64" loc="64.18 - 64.18"/></node><location begcolumn="7" begline="64" endcolumn="19" endline="64" loc="64.7 - 64.19"/><declaredAt idx="87" location="5.1 - 19.5"/><ofType><semtype type="VOID"/></ofType></node><location begcolumn="7" begline="64" endcolumn="19" endline="64" loc="64.7 - 64.19"/><ofType><semtype type="VOID"/></ofType></node><node id="274" label="ExprStmt"><node id="273" label="CallExpr" lexeme="putChar"><node id="272" label="{CallArgs}"><node id="271" label="CastExpr"><node id="269" label="AtomExpr" lexeme="10" spec="INTEGER"><location begcolumn="16" begline="65" endcolumn="17" endline="65" loc="65.16 - 65.17"/><ofType><semtype type="INTEGER"/></ofType></node><node id="270" label="AtomType" spec="CHAR"><location begcolumn="19" begline="65" endcolumn="22" endline="65" loc="65.19 - 65.22"/><isType><semtype type="CHAR"/></isType></node><location begcolumn="16" begline="65" endcolumn="22" endline="65" loc="65.16 - 65.22"/><ofType><semtype type="CHAR"/></ofType></node><location begcolumn="16" begline="65" endcolumn="22" endline="65" loc="65.16 - 65.22"/></node><location begcolumn="7" begline="65" endcolumn="24" endline="65" loc="65.7 - 65.24"/><declaredAt idx="9" location="2.1 - 2.31"/><ofType><semtype type="VOID"/></ofType></node><location begcolumn="7" begline="65" endcolumn="24" endline="65" loc="65.7 - 65.24"/><ofType><semtype type="VOID"/></ofType></node><node id="280" label="ExprStmt"><node id="279" label="CallExpr" lexeme="putChar"><node id="278" label="{CallArgs}"><node id="277" label="CastExpr"><node id="275" label="AtomExpr" lexeme="10" spec="INTEGER"><location begcolumn="16" begline="66" endcolumn="17" endline="66" loc="66.16 - 66.17"/><ofType><semtype type="INTEGER"/></ofType></node><node id="276" label="AtomType" spec="CHAR"><location begcolumn="19" begline="66" endcolumn="22" endline="66" loc="66.19 - 66.22"/><isType><semtype type="CHAR"/></isType></node><location begcolumn="16" begline="66" endcolumn="22" endline="66" loc="66.16 - 66.22"/><ofType><semtype type="CHAR"/></ofType></node><location begcolumn="16" begline="66" endcolumn="22" endline="66" loc="66.16 - 66.22"/></node><location begcolumn="7" begline="66" endcolumn="24" endline="66" loc="66.7 - 66.24"/><declaredAt idx="9" location="2.1 - 2.31"/><ofType><semtype type="VOID"/></ofType></node><location begcolumn="7" begline="66" endcolumn="24" endline="66" loc="66.7 - 66.24"/><ofType><semtype type="VOID"/></ofType></node><node id="282" label="ExprStmt"><node id="281" label="AtomExpr" lexeme="0" spec="INTEGER"><location begcolumn="7" begline="67" endcolumn="7" endline="67" loc="67.7 - 67.7"/><ofType><semtype type="INTEGER"/></ofType></node><location begcolumn="7" begline="67" endcolumn="7" endline="67" loc="67.7 - 67.7"/><ofType><semtype type="INTEGER"/></ofType></node><location begcolumn="7" begline="61" endcolumn="7" endline="67" loc="61.7 - 67.7"/></node><location begcolumn="5" begline="60" endcolumn="5" endline="68" loc="60.5 - 68.5"/><ofType><semtype type="INTEGER"/></ofType></node><node id="498" label="{Decls}"><node id="286" label="VarDecl" lexeme="n"><node id="285" label="AtomType" spec="INTEGER"><location begcolumn="13" begline="71" endcolumn="19" endline="71" loc="71.13 - 71.19"/><isType><semtype type="INTEGER"/></isType></node><location begcolumn="7" begline="71" endcolumn="19" endline="71" loc="71.7 - 71.19"/><access offset="-8" size="8"/></node><node id="290" label="VarDecl" lexeme="qs"><node id="289" label="ArrType"><node id="287" label="AtomType" spec="INTEGER"><location begcolumn="14" begline="72" endcolumn="20" endline="72" loc="72.14 - 72.20"/><isType><semtype type="INTEGER"/></isType></node><node id="288" label="AtomExpr" lexeme="32" spec="INTEGER"><location begcolumn="22" begline="72" endcolumn="23" endline="72" loc="72.22 - 72.23"/><ofType><semtype type="INTEGER"/></ofType></node><location begcolumn="14" begline="72" endcolumn="24" endline="72" loc="72.14 - 72.24"/><isType><semtype type="ARRAY[32]"><semtype type="INTEGER"/></semtype></isType></node><location begcolumn="7" begline="72" endcolumn="24" endline="72" loc="72.7 - 72.24"/><access offset="-264" size="256"/></node><node id="497" label="FunDecl" lexeme="queens"><node id="293" label="{Pars}"><node id="292" label="ParDecl" lexeme="i"><node id="291" label="AtomType" spec="INTEGER"><location begcolumn="20" begline="73" endcolumn="26" endline="73" loc="73.20 - 73.26"/><isType><semtype type="INTEGER"/></isType></node><location begcolumn="18" begline="73" endcolumn="26" endline="73" loc="73.18 - 73.26"/><access depth="1" offset="8" size="8"/></node><location begcolumn="18" begline="73" endcolumn="26" endline="73" loc="73.18 - 73.26"/></node><node id="294" label="AtomType" spec="INTEGER"><location begcolumn="29" begline="73" endcolumn="35" endline="73" loc="73.29 - 73.35"/><isType><semtype type="INTEGER"/></isType></node><node id="496" label="WhereExpr"><node id="488" label="StmtExpr"><node id="487" label="{Stmts}"><node id="484" label="IfStmt"><node id="297" label="BinExpr" spec="EQU"><node id="295" label="NameExpr" lexeme="i"><location begcolumn="16" begline="75" endcolumn="16" endline="75" loc="75.16 - 75.16"/><declaredAt idx="292" location="73.18 - 73.26"/><ofType><semtype type="INTEGER"/></ofType><lvalue/></node><node id="296" label="NameExpr" lexeme="n"><location begcolumn="19" begline="75" endcolumn="19" endline="75" loc="75.19 - 75.19"/><declaredAt idx="286" location="71.7 - 71.19"/><ofType><semtype type="INTEGER"/></ofType><lvalue/></node><location begcolumn="16" begline="75" endcolumn="19" endline="75" loc="75.16 - 75.19"/><ofType><semtype type="BOOLEAN"/></ofType></node><node id="378" label="ExprStmt"><node id="377" label="StmtExpr"><node id="376" label="{Stmts}"><node id="301" label="ExprStmt"><node id="300" label="CallExpr" lexeme="putString"><node id="299" label="{CallArgs}"><node id="298" label="AtomExpr" lexeme="&quot;SOLUTION&quot;" spec="STRING"><location begcolumn="27" begline="77" endcolumn="36" endline="77" loc="77.27 - 77.36"/><ofType><semtype type="PTR"><semtype type="CHAR"/></semtype></ofType><access init="&quot;SOLUTION&quot;" label="L3" size="79"/></node><location begcolumn="27" begline="77" endcolumn="36" endline="77" loc="77.27 - 77.36"/></node><location begcolumn="17" begline="77" endcolumn="37" endline="77" loc="77.17 - 77.37"/><declaredAt idx="249" location="43.1 - 55.5"/><ofType><semtype type="VOID"/></ofType></node><location begcolumn="17" begline="77" endcolumn="37" endline="77" loc="77.17 - 77.37"/><ofType><semtype type="VOID"/></ofType></node><node id="307" label="ExprStmt"><node id="306" label="CallExpr" lexeme="putChar"><node id="305" label="{CallArgs}"><node id="304" label="CastExpr"><node id="302" label="AtomExpr" lexeme="10" spec="INTEGER"><location begcolumn="26" begline="78" endcolumn="27" endline="78" loc="78.26 - 78.27"/><ofType><semtype type="INTEGER"/></ofType></node><node id="303" label="AtomType" spec="CHAR"><location begcolumn="29" begline="78" endcolumn="32" endline="78" loc="78.29 - 78.32"/><isType><semtype type="CHAR"/></isType></node><location begcolumn="26" begline="78" endcolumn="32" endline="78" loc="78.26 - 78.32"/><ofType><semtype type="CHAR"/></ofType></node><location begcolumn="26" begline="78" endcolumn="32" endline="78" loc="78.26 - 78.32"/></node><location begcolumn="17" begline="78" endcolumn="34" endline="78" loc="78.17 - 78.34"/><declaredAt idx="9" location="2.1 - 2.31"/><ofType><semtype type="VOID"/></ofType></node><location begcolumn="17" begline="78" endcolumn="34" endline="78" loc="78.17 - 78.34"/><ofType><semtype type="VOID"/></ofType></node><node id="310" label="AssignStmt"><node id="308" label="NameExpr" lexeme="j"><location begcolumn="17" begline="79" endcolumn="17" endline="79" loc="79.17 - 79.17"/><declaredAt idx="490" location="117.13 - 117.25"/><ofType><semtype type="INTEGER"/></ofType><lvalue/></node><node id="309" label="AtomExpr" lexeme="0" spec="INTEGER"><location begcolumn="19" begline="79" endcolumn="19" endline="79" loc="79.19 - 79.19"/><ofType><semtype type="INTEGER"/></ofType></node><location begcolumn="17" begline="79" endcolumn="19" endline="79" loc="79.17 - 79.19"/><ofType><semtype type="VOID"/></ofType></node><node id="366" label="WhileStmt"><node id="313" label="BinExpr" spec="LTH"><node id="311" label="NameExpr" lexeme="j"><location begcolumn="23" begline="80" endcolumn="23" endline="80" loc="80.23 - 80.23"/><declaredAt idx="490" location="117.13 - 117.25"/><ofType><semtype type="INTEGER"/></ofType><lvalue/></node><node id="312" label="NameExpr" lexeme="n"><location begcolumn="25" begline="80" endcolumn="25" endline="80" loc="80.25 - 80.25"/><declaredAt idx="286" location="71.7 - 71.19"/><ofType><semtype type="INTEGER"/></ofType><lvalue/></node><location begcolumn="23" begline="80" endcolumn="25" endline="80" loc="80.23 - 80.25"/><ofType><semtype type="BOOLEAN"/></ofType></node><node id="365" label="ExprStmt"><node id="364" label="StmtExpr"><node id="363" label="{Stmts}"><node id="316" label="AssignStmt"><node id="314" label="NameExpr" lexeme="i"><location begcolumn="19" begline="81" endcolumn="19" endline="81" loc="81.19 - 81.19"/><declaredAt idx="292" location="73.18 - 73.26"/><ofType><semtype type="INTEGER"/></ofType><lvalue/></node><node id="315" label="AtomExpr" lexeme="0" spec="INTEGER"><location begcolumn="21" begline="81" endcolumn="21" endline="81" loc="81.21 - 81.21"/><ofType><semtype type="INTEGER"/></ofType></node><location begcolumn="19" begline="81" endcolumn="21" endline="81" loc="81.19 - 81.21"/><ofType><semtype type="VOID"/></ofType></node><node id="351" label="WhileStmt"><node id="319" label="BinExpr" spec="LTH"><node id="317" label="NameExpr" lexeme="i"><location begcolumn="25" begline="82" endcolumn="25" endline="82" loc="82.25 - 82.25"/><declaredAt idx="292" location="73.18 - 73.26"/><ofType><semtype type="INTEGER"/></ofType><lvalue/></node><node id="318" label="NameExpr" lexeme="n"><location begcolumn="27" begline="82" endcolumn="27" endline="82" loc="82.27 - 82.27"/><declaredAt idx="286" location="71.7 - 71.19"/><ofType><semtype type="INTEGER"/></ofType><lvalue/></node><location begcolumn="25" begline="82" endcolumn="27" endline="82" loc="82.25 - 82.27"/><ofType><semtype type="BOOLEAN"/></ofType></node><node id="350" label="ExprStmt"><node id="349" label="StmtExpr"><node id="348" label="{Stmts}"><node id="342" label="ExprStmt"><node id="341" label="CallExpr" lexeme="putChar"><node id="340" label="{CallArgs}"><node id="339" label="WhereExpr"><node id="335" label="StmtExpr"><node id="334" label="{Stmts}"><node id="331" label="IfStmt"><node id="324" label="BinExpr" spec="EQU"><node id="322" label="ArrExpr"><node id="320" label="NameExpr" lexeme="qs"><location begcolumn="33" begline="83" endcolumn="34" endline="83" loc="83.33 - 83.34"/><declaredAt idx="290" location="72.7 - 72.24"/><ofType><semtype type="ARRAY[32]"><semtype type="INTEGER"/></semtype></ofType><lvalue/></node><node id="321" label="NameExpr" lexeme="i"><location begcolumn="36" begline="83" endcolumn="36" endline="83" loc="83.36 - 83.36"/><declaredAt idx="292" location="73.18 - 73.26"/><ofType><semtype type="INTEGER"/></ofType></node><location begcolumn="33" begline="83" endcolumn="37" endline="83" loc="83.33 - 83.37"/><ofType><semtype type="INTEGER"/></ofType><lvalue/></node><node id="323" label="NameExpr" lexeme="j"><location begcolumn="40" begline="83" endcolumn="40" endline="83" loc="83.40 - 83.40"/><declaredAt idx="490" location="117.13 - 117.25"/><ofType><semtype type="INTEGER"/></ofType><lvalue/></node><location begcolumn="33" begline="83" endcolumn="40" endline="83" loc="83.33 - 83.40"/><ofType><semtype type="BOOLEAN"/></ofType></node><node id="327" label="AssignStmt"><node id="325" label="NameExpr" lexeme="c"><location begcolumn="47" begline="83" endcolumn="47" endline="83" loc="83.47 - 83.47"/><declaredAt idx="337" location="84.37 - 84.46"/><ofType><semtype type="CHAR"/></ofType><lvalue/></node><node id="326" label="AtomExpr" lexeme="'O'" spec="CHAR"><location begcolumn="49" begline="83" endcolumn="51" endline="83" loc="83.49 - 83.51"/><ofType><semtype type="CHAR"/></ofType></node><location begcolumn="47" begline="83" endcolumn="51" endline="83" loc="83.47 - 83.51"/><ofType><semtype type="VOID"/></ofType></node><node id="330" label="AssignStmt"><node id="328" label="NameExpr" lexeme="c"><location begcolumn="58" begline="83" endcolumn="58" endline="83" loc="83.58 - 83.58"/><declaredAt idx="337" location="84.37 - 84.46"/><ofType><semtype type="CHAR"/></ofType><lvalue/></node><node id="329" label="AtomExpr" lexeme="'.'" spec="CHAR"><location begcolumn="60" begline="83" endcolumn="62" endline="83" loc="83.60 - 83.62"/><ofType><semtype type="CHAR"/></ofType></node><location begcolumn="58" begline="83" endcolumn="62" endline="83" loc="83.58 - 83.62"/><ofType><semtype type="VOID"/></ofType></node><location begcolumn="30" begline="83" endcolumn="62" endline="83" loc="83.30 - 83.62"/><ofType><semtype type="VOID"/></ofType></node><node id="333" label="ExprStmt"><node id="332" label="NameExpr" lexeme="c"><location begcolumn="65" begline="83" endcolumn="65" endline="83" loc="83.65 - 83.65"/><declaredAt idx="337" location="84.37 - 84.46"/><ofType><semtype type="CHAR"/></ofType><lvalue/></node><location begcolumn="65" begline="83" endcolumn="65" endline="83" loc="83.65 - 83.65"/><ofType><semtype type="CHAR"/></ofType></node><location begcolumn="30" begline="83" endcolumn="65" endline="83" loc="83.30 - 83.65"/></node><location begcolumn="29" begline="83" endcolumn="68" endline="83" loc="83.29 - 83.68"/><ofType><semtype type="CHAR"/></ofType></node><node id="338" label="{Decls}"><node id="337" label="VarDecl" lexeme="c"><node id="336" label="AtomType" spec="CHAR"><location begcolumn="43" begline="84" endcolumn="46" endline="84" loc="84.43 - 84.46"/><isType><semtype type="CHAR"/></isType></node><location begcolumn="37" begline="84" endcolumn="46" endline="84" loc="84.37 - 84.46"/><access depth="1" offset="-16" size="8"/></node><location begcolumn="37" begline="84" endcolumn="46" endline="84" loc="84.37 - 84.46"/></node><location begcolumn="29" begline="83" endcolumn="48" endline="84" loc="83.29 - 84.48"/><ofType><semtype type="CHAR"/></ofType></node><location begcolumn="29" begline="83" endcolumn="48" endline="84" loc="83.29 - 84.48"/></node><location begcolumn="21" begline="83" endcolumn="49" endline="84" loc="83.21 - 84.49"/><declaredAt idx="9" location="2.1 - 2.31"/><ofType><semtype type="VOID"/></ofType></node><location begcolumn="21" begline="83" endcolumn="49" endline="84" loc="83.21 - 84.49"/><ofType><semtype type="VOID"/></ofType></node><node id="347" label="AssignStmt"><node id="343" label="NameExpr" lexeme="i"><location begcolumn="21" begline="85" endcolumn="21" endline="85" loc="85.21 - 85.21"/><declaredAt idx="292" location="73.18 - 73.26"/><ofType><semtype type="INTEGER"/></ofType><lvalue/></node><node id="346" label="BinExpr" spec="ADD"><node id="344" label="NameExpr" lexeme="i"><location begcolumn="23" begline="85" endcolumn="23" endline="85" loc="85.23 - 85.23"/><declaredAt idx="292" location="73.18 - 73.26"/><ofType><semtype type="INTEGER"/></ofType></node><node id="345" label="AtomExpr" lexeme="1" spec="INTEGER"><location begcolumn="25" begline="85" endcolumn="25" endline="85" loc="85.25 - 85.25"/><ofType><semtype type="INTEGER"/></ofType></node><location begcolumn="23" begline="85" endcolumn="25" endline="85" loc="85.23 - 85.25"/><ofType><semtype type="INTEGER"/></ofType></node><location begcolumn="21" begline="85" endcolumn="25" endline="85" loc="85.21 - 85.25"/><ofType><semtype type="VOID"/></ofType></node><location begcolumn="21" begline="83" endcolumn="25" endline="85" loc="83.21 - 85.25"/></node><location begcolumn="32" begline="82" endcolumn="19" endline="86" loc="82.32 - 86.19"/><ofType><semtype type="VOID"/></ofType></node><location begcolumn="32" begline="82" endcolumn="19" endline="86" loc="82.32 - 86.19"/><ofType><semtype type="VOID"/></ofType></node><location begcolumn="19" begline="82" endcolumn="19" endline="86" loc="82.19 - 86.19"/><ofType><semtype type="VOID"/></ofType></node><node id="357" label="ExprStmt"><node id="356" label="CallExpr" lexeme="putChar"><node id="355" label="{CallArgs}"><node id="354" label="CastExpr"><node id="352" label="AtomExpr" lexeme="10" spec="INTEGER"><location begcolumn="28" begline="87" endcolumn="29" endline="87" loc="87.28 - 87.29"/><ofType><semtype type="INTEGER"/></ofType></node><node id="353" label="AtomType" spec="CHAR"><location begcolumn="31" begline="87" endcolumn="34" endline="87" loc="87.31 - 87.34"/><isType><semtype type="CHAR"/></isType></node><location begcolumn="28" begline="87" endcolumn="34" endline="87" loc="87.28 - 87.34"/><ofType><semtype type="CHAR"/></ofType></node><location begcolumn="28" begline="87" endcolumn="34" endline="87" loc="87.28 - 87.34"/></node><location begcolumn="19" begline="87" endcolumn="36" endline="87" loc="87.19 - 87.36"/><declaredAt idx="9" location="2.1 - 2.31"/><ofType><semtype type="VOID"/></ofType></node><location begcolumn="19" begline="87" endcolumn="36" endline="87" loc="87.19 - 87.36"/><ofType><semtype type="VOID"/></ofType></node><node id="362" label="AssignStmt"><node id="358" label="NameExpr" lexeme="j"><location begcolumn="19" begline="88" endcolumn="19" endline="88" loc="88.19 - 88.19"/><declaredAt idx="490" location="117.13 - 117.25"/><ofType><semtype type="INTEGER"/></ofType><lvalue/></node><node id="361" label="BinExpr" spec="ADD"><node id="359" label="NameExpr" lexeme="j"><location begcolumn="21" begline="88" endcolumn="21" endline="88" loc="88.21 - 88.21"/><declaredAt idx="490" location="117.13 - 117.25"/><ofType><semtype type="INTEGER"/></ofType></node><node id="360" label="AtomExpr" lexeme="1" spec="INTEGER"><location begcolumn="23" begline="88" endcolumn="23" endline="88" loc="88.23 - 88.23"/><ofType><semtype type="INTEGER"/></ofType></node><location begcolumn="21" begline="88" endcolumn="23" endline="88" loc="88.21 - 88.23"/><ofType><semtype type="INTEGER"/></ofType></node><location begcolumn="19" begline="88" endcolumn="23" endline="88" loc="88.19 - 88.23"/><ofType><semtype type="VOID"/></ofType></node><location begcolumn="19" begline="81" endcolumn="23" endline="88" loc="81.19 - 88.23"/></node><location begcolumn="30" begline="80" endcolumn="17" endline="89" loc="80.30 - 89.17"/><ofType><semtype type="VOID"/></ofType></node><location begcolumn="30" begline="80" endcolumn="17" endline="89" loc="80.30 - 89.17"/><ofType><semtype type="VOID"/></ofType></node><location begcolumn="17" begline="80" endcolumn="17" endline="89" loc="80.17 - 89.17"/><ofType><semtype type="VOID"/></ofType></node><node id="372" label="ExprStmt"><node id="371" label="CallExpr" lexeme="putChar"><node id="370" label="{CallArgs}"><node id="369" label="CastExpr"><node id="367" label="AtomExpr" lexeme="10" spec="INTEGER"><location begcolumn="26" begline="90" endcolumn="27" endline="90" loc="90.26 - 90.27"/><ofType><semtype type="INTEGER"/></ofType></node><node id="368" label="AtomType" spec="CHAR"><location begcolumn="29" begline="90" endcolumn="32" endline="90" loc="90.29 - 90.32"/><isType><semtype type="CHAR"/></isType></node><location begcolumn="26" begline="90" endcolumn="32" endline="90" loc="90.26 - 90.32"/><ofType><semtype type="CHAR"/></ofType></node><location begcolumn="26" begline="90" endcolumn="32" endline="90" loc="90.26 - 90.32"/></node><location begcolumn="17" begline="90" endcolumn="34" endline="90" loc="90.17 - 90.34"/><declaredAt idx="9" location="2.1 - 2.31"/><ofType><semtype type="VOID"/></ofType></node><location begcolumn="17" begline="90" endcolumn="34" endline="90" loc="90.17 - 90.34"/><ofType><semtype type="VOID"/></ofType></node><node id="375" label="AssignStmt"><node id="373" label="NameExpr" lexeme="all"><location begcolumn="17" begline="91" endcolumn="19" endline="91" loc="91.17 - 91.19"/><declaredAt idx="494" location="119.13 - 119.27"/><ofType><semtype type="INTEGER"/></ofType><lvalue/></node><node id="374" label="AtomExpr" lexeme="1" spec="INTEGER"><location begcolumn="21" begline="91" endcolumn="21" endline="91" loc="91.21 - 91.21"/><ofType><semtype type="INTEGER"/></ofType></node><location begcolumn="17" begline="91" endcolumn="21" endline="91" loc="91.17 - 91.21"/><ofType><semtype type="VOID"/></ofType></node><location begcolumn="17" begline="77" endcolumn="21" endline="91" loc="77.17 - 91.21"/></node><location begcolumn="15" begline="76" endcolumn="15" endline="92" loc="76.15 - 92.15"/><ofType><semtype type="VOID"/></ofType></node><location begcolumn="15" begline="76" endcolumn="15" endline="92" loc="76.15 - 92.15"/><ofType><semtype type="VOID"/></ofType></node><node id="483" label="ExprStmt"><node id="482" label="StmtExpr"><node id="481" label="{Stmts}"><node id="381" label="AssignStmt"><node id="379" label="NameExpr" lexeme="all"><location begcolumn="17" begline="95" endcolumn="19" endline="95" loc="95.17 - 95.19"/><declaredAt idx="494" location="119.13 - 119.27"/><ofType><semtype type="INTEGER"/></ofType><lvalue/></node><node id="380" label="AtomExpr" lexeme="0" spec="INTEGER"><location begcolumn="21" begline="95" endcolumn="21" endline="95" loc="95.21 - 95.21"/><ofType><semtype type="INTEGER"/></ofType></node><location begcolumn="17" begline="95" endcolumn="21" endline="95" loc="95.17 - 95.21"/><ofType><semtype type="VOID"/></ofType></node><node id="384" label="AssignStmt"><node id="382" label="NameExpr" lexeme="j"><location begcolumn="17" begline="96" endcolumn="17" endline="96" loc="96.17 - 96.17"/><declaredAt idx="490" location="117.13 - 117.25"/><ofType><semtype type="INTEGER"/></ofType><lvalue/></node><node id="383" label="AtomExpr" lexeme="0" spec="INTEGER"><location begcolumn="19" begline="96" endcolumn="19" endline="96" loc="96.19 - 96.19"/><ofType><semtype type="INTEGER"/></ofType></node><location begcolumn="17" begline="96" endcolumn="19" endline="96" loc="96.17 - 96.19"/><ofType><semtype type="VOID"/></ofType></node><node id="480" label="WhileStmt"><node id="387" label="BinExpr" spec="LTH"><node id="385" label="NameExpr" lexeme="j"><location begcolumn="23" begline="97" endcolumn="23" endline="97" loc="97.23 - 97.23"/><declaredAt idx="490" location="117.13 - 117.25"/><ofType><semtype type="INTEGER"/></ofType><lvalue/></node><node id="386" label="NameExpr" lexeme="n"><location begcolumn="25" begline="97" endcolumn="25" endline="97" loc="97.25 - 97.25"/><declaredAt idx="286" location="71.7 - 71.19"/><ofType><semtype type="INTEGER"/></ofType><lvalue/></node><location begcolumn="23" begline="97" endcolumn="25" endline="97" loc="97.23 - 97.25"/><ofType><semtype type="BOOLEAN"/></ofType></node><node id="479" label="ExprStmt"><node id="478" label="StmtExpr"><node id="477" label="{Stmts}"><node id="392" label="AssignStmt"><node id="390" label="ArrExpr"><node id="388" label="NameExpr" lexeme="qs"><location begcolumn="19" begline="98" endcolumn="20" endline="98" loc="98.19 - 98.20"/><declaredAt idx="290" location="72.7 - 72.24"/><ofType><semtype type="ARRAY[32]"><semtype type="INTEGER"/></semtype></ofType><lvalue/></node><node id="389" label="NameExpr" lexeme="i"><location begcolumn="22" begline="98" endcolumn="22" endline="98" loc="98.22 - 98.22"/><declaredAt idx="292" location="73.18 - 73.26"/><ofType><semtype type="INTEGER"/></ofType></node><location begcolumn="19" begline="98" endcolumn="23" endline="98" loc="98.19 - 98.23"/><ofType><semtype type="INTEGER"/></ofType><lvalue/></node><node id="391" label="NameExpr" lexeme="j"><location begcolumn="25" begline="98" endcolumn="25" endline="98" loc="98.25 - 98.25"/><declaredAt idx="490" location="117.13 - 117.25"/><ofType><semtype type="INTEGER"/></ofType></node><location begcolumn="19" begline="98" endcolumn="25" endline="98" loc="98.19 - 98.25"/><ofType><semtype type="VOID"/></ofType></node><node id="395" label="AssignStmt"><node id="393" label="NameExpr" lexeme="ok"><location begcolumn="19" begline="99" endcolumn="20" endline="99" loc="99.19 - 99.20"/><declaredAt idx="492" location="118.13 - 118.26"/><ofType><semtype type="BOOLEAN"/></ofType><lvalue/></node><node id="394" label="AtomExpr" lexeme="true" spec="BOOLEAN"><location begcolumn="22" begline="99" endcolumn="25" endline="99" loc="99.22 - 99.25"/><ofType><semtype type="BOOLEAN"/></ofType></node><location begcolumn="19" begline="99" endcolumn="25" endline="99" loc="99.19 - 99.25"/><ofType><semtype type="VOID"/></ofType></node><node id="458" label="ExprStmt"><node id="457" label="WhereExpr"><node id="453" label="StmtExpr"><node id="452" label="{Stmts}"><node id="398" label="AssignStmt"><node id="396" label="NameExpr" lexeme="k"><location begcolumn="21" begline="101" endcolumn="21" endline="101" loc="101.21 - 101.21"/><declaredAt idx="455" location="108.29 - 108.41"/><ofType><semtype type="INTEGER"/></ofType><lvalue/></node><node id="397" label="AtomExpr" lexeme="0" spec="INTEGER"><location begcolumn="23" begline="101" endcolumn="23" endline="101" loc="101.23 - 101.23"/><ofType><semtype type="INTEGER"/></ofType></node><location begcolumn="21" begline="101" endcolumn="23" endline="101" loc="101.21 - 101.23"/><ofType><semtype type="VOID"/></ofType></node><node id="451" label="WhileStmt"><node id="401" label="BinExpr" spec="LTH"><node id="399" label="NameExpr" lexeme="k"><location begcolumn="27" begline="102" endcolumn="27" endline="102" loc="102.27 - 102.27"/><declaredAt idx="455" location="108.29 - 108.41"/><ofType><semtype type="INTEGER"/></ofType><lvalue/></node><node id="400" label="NameExpr" lexeme="i"><location begcolumn="29" begline="102" endcolumn="29" endline="102" loc="102.29 - 102.29"/><declaredAt idx="292" location="73.18 - 73.26"/><ofType><semtype type="INTEGER"/></ofType><lvalue/></node><location begcolumn="27" begline="102" endcolumn="29" endline="102" loc="102.27 - 102.29"/><ofType><semtype type="BOOLEAN"/></ofType></node><node id="450" label="ExprStmt"><node id="449" label="StmtExpr"><node id="448" label="{Stmts}"><node id="412" label="AssignStmt"><node id="402" label="NameExpr" lexeme="ok"><location begcolumn="23" begline="103" endcolumn="24" endline="103" loc="103.23 - 103.24"/><declaredAt idx="492" location="118.13 - 118.26"/><ofType><semtype type="BOOLEAN"/></ofType><lvalue/></node><node id="411" label="BinExpr" spec="AND"><node id="403" label="NameExpr" lexeme="ok"><location begcolumn="26" begline="103" endcolumn="27" endline="103" loc="103.26 - 103.27"/><declaredAt idx="492" location="118.13 - 118.26"/><ofType><semtype type="BOOLEAN"/></ofType></node><node id="410" label="BinExpr" spec="NEQ"><node id="406" label="ArrExpr"><node id="404" label="NameExpr" lexeme="qs"><location begcolumn="30" begline="103" endcolumn="31" endline="103" loc="103.30 - 103.31"/><declaredAt idx="290" location="72.7 - 72.24"/><ofType><semtype type="ARRAY[32]"><semtype type="INTEGER"/></semtype></ofType></node><node id="405" label="NameExpr" lexeme="k"><location begcolumn="33" begline="103" endcolumn="33" endline="103" loc="103.33 - 103.33"/><declaredAt idx="455" location="108.29 - 108.41"/><ofType><semtype type="INTEGER"/></ofType></node><location begcolumn="30" begline="103" endcolumn="34" endline="103" loc="103.30 - 103.34"/><ofType><semtype type="INTEGER"/></ofType></node><node id="409" label="ArrExpr"><node id="407" label="NameExpr" lexeme="qs"><location begcolumn="37" begline="103" endcolumn="38" endline="103" loc="103.37 - 103.38"/><declaredAt idx="290" location="72.7 - 72.24"/><ofType><semtype type="ARRAY[32]"><semtype type="INTEGER"/></semtype></ofType></node><node id="408" label="NameExpr" lexeme="i"><location begcolumn="40" begline="103" endcolumn="40" endline="103" loc="103.40 - 103.40"/><declaredAt idx="292" location="73.18 - 73.26"/><ofType><semtype type="INTEGER"/></ofType></node><location begcolumn="37" begline="103" endcolumn="41" endline="103" loc="103.37 - 103.41"/><ofType><semtype type="INTEGER"/></ofType></node><location begcolumn="30" begline="103" endcolumn="41" endline="103" loc="103.30 - 103.41"/><ofType><semtype type="BOOLEAN"/></ofType></node><location begcolumn="26" begline="103" endcolumn="41" endline="103" loc="103.26 - 103.41"/><ofType><semtype type="BOOLEAN"/></ofType></node><location begcolumn="23" begline="103" endcolumn="41" endline="103" loc="103.23 - 103.41"/><ofType><semtype type="VOID"/></ofType></node><node id="427" label="AssignStmt"><node id="413" label="NameExpr" lexeme="ok"><location begcolumn="23" begline="104" endcolumn="24" endline="104" loc="104.23 - 104.24"/><declaredAt idx="492" location="118.13 - 118.26"/><ofType><semtype type="BOOLEAN"/></ofType><lvalue/></node><node id="426" label="BinExpr" spec="AND"><node id="414" label="NameExpr" lexeme="ok"><location begcolumn="26" begline="104" endcolumn="27" endline="104" loc="104.26 - 104.27"/><declaredAt idx="492" location="118.13 - 118.26"/><ofType><semtype type="BOOLEAN"/></ofType></node><node id="425" label="BinExpr" spec="NEQ"><node id="421" label="BinExpr" spec="SUB"><node id="417" label="ArrExpr"><node id="415" label="NameExpr" lexeme="qs"><location begcolumn="30" begline="104" endcolumn="31" endline="104" loc="104.30 - 104.31"/><declaredAt idx="290" location="72.7 - 72.24"/><ofType><semtype type="ARRAY[32]"><semtype type="INTEGER"/></semtype></ofType></node><node id="416" label="NameExpr" lexeme="k"><location begcolumn="33" begline="104" endcolumn="33" endline="104" loc="104.33 - 104.33"/><declaredAt idx="455" location="108.29 - 108.41"/><ofType><semtype type="INTEGER"/></ofType></node><location begcolumn="30" begline="104" endcolumn="34" endline="104" loc="104.30 - 104.34"/><ofType><semtype type="INTEGER"/></ofType></node><node id="420" label="ArrExpr"><node id="418" label="NameExpr" lexeme="qs"><location begcolumn="36" begline="104" endcolumn="37" endline="104" loc="104.36 - 104.37"/><declaredAt idx="290" location="72.7 - 72.24"/><ofType><semtype type="ARRAY[32]"><semtype type="INTEGER"/></semtype></ofType></node><node id="419" label="NameExpr" lexeme="i"><location begcolumn="39" begline="104" endcolumn="39" endline="104" loc="104.39 - 104.39"/><declaredAt idx="292" location="73.18 - 73.26"/><ofType><semtype type="INTEGER"/></ofType></node><location begcolumn="36" begline="104" endcolumn="40" endline="104" loc="104.36 - 104.40"/><ofType><semtype type="INTEGER"/></ofType></node><location begcolumn="30" begline="104" endcolumn="40" endline="104" loc="104.30 - 104.40"/><ofType><semtype type="INTEGER"/></ofType></node><node id="424" label="BinExpr" spec="SUB"><node id="422" label="NameExpr" lexeme="k"><location begcolumn="43" begline="104" endcolumn="43" endline="104" loc="104.43 - 104.43"/><declaredAt idx="455" location="108.29 - 108.41"/><ofType><semtype type="INTEGER"/></ofType></node><node id="423" label="NameExpr" lexeme="i"><location begcolumn="45" begline="104" endcolumn="45" endline="104" loc="104.45 - 104.45"/><declaredAt idx="292" location="73.18 - 73.26"/><ofType><semtype type="INTEGER"/></ofType></node><location begcolumn="43" begline="104" endcolumn="45" endline="104" loc="104.43 - 104.45"/><ofType><semtype type="INTEGER"/></ofType></node><location begcolumn="30" begline="104" endcolumn="45" endline="104" loc="104.30 - 104.45"/><ofType><semtype type="BOOLEAN"/></ofType></node><location begcolumn="26" begline="104" endcolumn="45" endline="104" loc="104.26 - 104.45"/><ofType><semtype type="BOOLEAN"/></ofType></node><location begcolumn="23" begline="104" endcolumn="45" endline="104" loc="104.23 - 104.45"/><ofType><semtype type="VOID"/></ofType></node><node id="442" label="AssignStmt"><node id="428" label="NameExpr" lexeme="ok"><location begcolumn="23" begline="105" endcolumn="24" endline="105" loc="105.23 - 105.24"/><declaredAt idx="492" location="118.13 - 118.26"/><ofType><semtype type="BOOLEAN"/></ofType><lvalue/></node><node id="441" label="BinExpr" spec="AND"><node id="429" label="NameExpr" lexeme="ok"><location begcolumn="26" begline="105" endcolumn="27" endline="105" loc="105.26 - 105.27"/><declaredAt idx="492" location="118.13 - 118.26"/><ofType><semtype type="BOOLEAN"/></ofType></node><node id="440" label="BinExpr" spec="NEQ"><node id="436" label="BinExpr" spec="SUB"><node id="432" label="ArrExpr"><node id="430" label="NameExpr" lexeme="qs"><location begcolumn="30" begline="105" endcolumn="31" endline="105" loc="105.30 - 105.31"/><declaredAt idx="290" location="72.7 - 72.24"/><ofType><semtype type="ARRAY[32]"><semtype type="INTEGER"/></semtype></ofType></node><node id="431" label="NameExpr" lexeme="k"><location begcolumn="33" begline="105" endcolumn="33" endline="105" loc="105.33 - 105.33"/><declaredAt idx="455" location="108.29 - 108.41"/><ofType><semtype type="INTEGER"/></ofType></node><location begcolumn="30" begline="105" endcolumn="34" endline="105" loc="105.30 - 105.34"/><ofType><semtype type="INTEGER"/></ofType></node><node id="435" label="ArrExpr"><node id="433" label="NameExpr" lexeme="qs"><location begcolumn="36" begline="105" endcolumn="37" endline="105" loc="105.36 - 105.37"/><declaredAt idx="290" location="72.7 - 72.24"/><ofType><semtype type="ARRAY[32]"><semtype type="INTEGER"/></semtype></ofType></node><node id="434" label="NameExpr" lexeme="i"><location begcolumn="39" begline="105" endcolumn="39" endline="105" loc="105.39 - 105.39"/><declaredAt idx="292" location="73.18 - 73.26"/><ofType><semtype type="INTEGER"/></ofType></node><location begcolumn="36" begline="105" endcolumn="40" endline="105" loc="105.36 - 105.40"/><ofType><semtype type="INTEGER"/></ofType></node><location begcolumn="30" begline="105" endcolumn="40" endline="105" loc="105.30 - 105.40"/><ofType><semtype type="INTEGER"/></ofType></node><node id="439" label="BinExpr" spec="SUB"><node id="437" label="NameExpr" lexeme="i"><location begcolumn="43" begline="105" endcolumn="43" endline="105" loc="105.43 - 105.43"/><declaredAt idx="292" location="73.18 - 73.26"/><ofType><semtype type="INTEGER"/></ofType></node><node id="438" label="NameExpr" lexeme="k"><location begcolumn="45" begline="105" endcolumn="45" endline="105" loc="105.45 - 105.45"/><declaredAt idx="455" location="108.29 - 108.41"/><ofType><semtype type="INTEGER"/></ofType></node><location begcolumn="43" begline="105" endcolumn="45" endline="105" loc="105.43 - 105.45"/><ofType><semtype type="INTEGER"/></ofType></node><location begcolumn="30" begline="105" endcolumn="45" endline="105" loc="105.30 - 105.45"/><ofType><semtype type="BOOLEAN"/></ofType></node><location begcolumn="26" begline="105" endcolumn="45" endline="105" loc="105.26 - 105.45"/><ofType><semtype type="BOOLEAN"/></ofType></node><location begcolumn="23" begline="105" endcolumn="45" endline="105" loc="105.23 - 105.45"/><ofType><semtype type="VOID"/></ofType></node><node id="447" label="AssignStmt"><node id="443" label="NameExpr" lexeme="k"><location begcolumn="23" begline="106" endcolumn="23" endline="106" loc="106.23 - 106.23"/><declaredAt idx="455" location="108.29 - 108.41"/><ofType><semtype type="INTEGER"/></ofType><lvalue/></node><node id="446" label="BinExpr" spec="ADD"><node id="444" label="NameExpr" lexeme="k"><location begcolumn="25" begline="106" endcolumn="25" endline="106" loc="106.25 - 106.25"/><declaredAt idx="455" location="108.29 - 108.41"/><ofType><semtype type="INTEGER"/></ofType></node><node id="445" label="AtomExpr" lexeme="1" spec="INTEGER"><location begcolumn="27" begline="106" endcolumn="27" endline="106" loc="106.27 - 106.27"/><ofType><semtype type="INTEGER"/></ofType></node><location begcolumn="25" begline="106" endcolumn="27" endline="106" loc="106.25 - 106.27"/><ofType><semtype type="INTEGER"/></ofType></node><location begcolumn="23" begline="106" endcolumn="27" endline="106" loc="106.23 - 106.27"/><ofType><semtype type="VOID"/></ofType></node><location begcolumn="23" begline="103" endcolumn="27" endline="106" loc="103.23 - 106.27"/></node><location begcolumn="34" begline="102" endcolumn="21" endline="107" loc="102.34 - 107.21"/><ofType><semtype type="VOID"/></ofType></node><location begcolumn="34" begline="102" endcolumn="21" endline="107" loc="102.34 - 107.21"/><ofType><semtype type="VOID"/></ofType></node><location begcolumn="21" begline="102" endcolumn="21" endline="107" loc="102.21 - 107.21"/><ofType><semtype type="VOID"/></ofType></node><location begcolumn="21" begline="101" endcolumn="21" endline="107" loc="101.21 - 107.21"/></node><location begcolumn="19" begline="100" endcolumn="19" endline="108" loc="100.19 - 108.19"/><ofType><semtype type="VOID"/></ofType></node><node id="456" label="{Decls}"><node id="455" label="VarDecl" lexeme="k"><node id="454" label="AtomType" spec="INTEGER"><location begcolumn="35" begline="108" endcolumn="41" endline="108" loc="108.35 - 108.41"/><isType><semtype type="INTEGER"/></isType></node><location begcolumn="29" begline="108" endcolumn="41" endline="108" loc="108.29 - 108.41"/><access depth="1" offset="-24" size="8"/></node><location begcolumn="29" begline="108" endcolumn="41" endline="108" loc="108.29 - 108.41"/></node><location begcolumn="19" begline="100" endcolumn="43" endline="108" loc="100.19 - 108.43"/><ofType><semtype type="VOID"/></ofType></node><location begcolumn="19" begline="100" endcolumn="43" endline="108" loc="100.19 - 108.43"/><ofType><semtype type="VOID"/></ofType></node><node id="471" label="IfStmt"><node id="459" label="NameExpr" lexeme="ok"><location begcolumn="22" begline="109" endcolumn="23" endline="109" loc="109.22 - 109.23"/><declaredAt idx="492" location="118.13 - 118.26"/><ofType><semtype type="BOOLEAN"/></ofType><lvalue/></node><node id="468" label="AssignStmt"><node id="460" label="NameExpr" lexeme="all"><location begcolumn="30" begline="109" endcolumn="32" endline="109" loc="109.30 - 109.32"/><declaredAt idx="494" location="119.13 - 119.27"/><ofType><semtype type="INTEGER"/></ofType><lvalue/></node><node id="467" label="BinExpr" spec="ADD"><node id="461" label="NameExpr" lexeme="all"><location begcolumn="34" begline="109" endcolumn="36" endline="109" loc="109.34 - 109.36"/><declaredAt idx="494" location="119.13 - 119.27"/><ofType><semtype type="INTEGER"/></ofType></node><node id="466" label="CallExpr" lexeme="queens"><node id="465" label="{CallArgs}"><node id="464" label="BinExpr" spec="ADD"><node id="462" label="NameExpr" lexeme="i"><location begcolumn="45" begline="109" endcolumn="45" endline="109" loc="109.45 - 109.45"/><declaredAt idx="292" location="73.18 - 73.26"/><ofType><semtype type="INTEGER"/></ofType></node><node id="463" label="AtomExpr" lexeme="1" spec="INTEGER"><location begcolumn="47" begline="109" endcolumn="47" endline="109" loc="109.47 - 109.47"/><ofType><semtype type="INTEGER"/></ofType></node><location begcolumn="45" begline="109" endcolumn="47" endline="109" loc="109.45 - 109.47"/><ofType><semtype type="INTEGER"/></ofType></node><location begcolumn="45" begline="109" endcolumn="47" endline="109" loc="109.45 - 109.47"/></node><location begcolumn="38" begline="109" endcolumn="48" endline="109" loc="109.38 - 109.48"/><declaredAt idx="497" location="73.7 - 120.11"/><ofType><semtype type="INTEGER"/></ofType></node><location begcolumn="34" begline="109" endcolumn="48" endline="109" loc="109.34 - 109.48"/><ofType><semtype type="INTEGER"/></ofType></node><location begcolumn="30" begline="109" endcolumn="48" endline="109" loc="109.30 - 109.48"/><ofType><semtype type="VOID"/></ofType></node><node id="470" label="ExprStmt"><node id="469" label="AtomExpr" lexeme="none" spec="VOID"><location begcolumn="55" begline="109" endcolumn="58" endline="109" loc="109.55 - 109.58"/><ofType><semtype type="VOID"/></ofType></node><location begcolumn="55" begline="109" endcolumn="58" endline="109" loc="109.55 - 109.58"/><ofType><semtype type="VOID"/></ofType></node><location begcolumn="19" begline="109" endcolumn="58" endline="109" loc="109.19 - 109.58"/><ofType><semtype type="VOID"/></ofType></node><node id="476" label="AssignStmt"><node id="472" label="NameExpr" lexeme="j"><location begcolumn="19" begline="110" endcolumn="19" endline="110" loc="110.19 - 110.19"/><declaredAt idx="490" location="117.13 - 117.25"/><ofType><semtype type="INTEGER"/></ofType><lvalue/></node><node id="475" label="BinExpr" spec="ADD"><node id="473" label="NameExpr" lexeme="j"><location begcolumn="21" begline="110" endcolumn="21" endline="110" loc="110.21 - 110.21"/><declaredAt idx="490" location="117.13 - 117.25"/><ofType><semtype type="INTEGER"/></ofType></node><node id="474" label="AtomExpr" lexeme="1" spec="INTEGER"><location begcolumn="23" begline="110" endcolumn="23" endline="110" loc="110.23 - 110.23"/><ofType><semtype type="INTEGER"/></ofType></node><location begcolumn="21" begline="110" endcolumn="23" endline="110" loc="110.21 - 110.23"/><ofType><semtype type="INTEGER"/></ofType></node><location begcolumn="19" begline="110" endcolumn="23" endline="110" loc="110.19 - 110.23"/><ofType><semtype type="VOID"/></ofType></node><location begcolumn="19" begline="98" endcolumn="23" endline="110" loc="98.19 - 110.23"/></node><location begcolumn="30" begline="97" endcolumn="17" endline="111" loc="97.30 - 111.17"/><ofType><semtype type="VOID"/></ofType></node><location begcolumn="30" begline="97" endcolumn="17" endline="111" loc="97.30 - 111.17"/><ofType><semtype type="VOID"/></ofType></node><location begcolumn="17" begline="97" endcolumn="17" endline="111" loc="97.17 - 111.17"/><ofType><semtype type="VOID"/></ofType></node><location begcolumn="17" begline="95" endcolumn="17" endline="111" loc="95.17 - 111.17"/></node><location begcolumn="15" begline="94" endcolumn="15" endline="112" loc="94.15 - 112.15"/><ofType><semtype type="VOID"/></ofType></node><location begcolumn="15" begline="94" endcolumn="15" endline="112" loc="94.15 - 112.15"/><ofType><semtype type="VOID"/></ofType></node><location begcolumn="13" begline="75" endcolumn="15" endline="112" loc="75.13 - 112.15"/><ofType><semtype type="VOID"/></ofType></node><node id="486" label="ExprStmt"><node id="485" label="NameExpr" lexeme="all"><location begcolumn="13" begline="113" endcolumn="15" endline="113" loc="113.13 - 113.15"/><declaredAt idx="494" location="119.13 - 119.27"/><ofType><semtype type="INTEGER"/></ofType><lvalue/></node><location begcolumn="13" begline="113" endcolumn="15" endline="113" loc="113.13 - 113.15"/><ofType><semtype type="INTEGER"/></ofType></node><location begcolumn="13" begline="75" endcolumn="15" endline="113" loc="75.13 - 113.15"/></node><location begcolumn="11" begline="74" endcolumn="11" endline="114" loc="74.11 - 114.11"/><ofType><semtype type="INTEGER"/></ofType></node><node id="495" label="{Decls}"><node id="490" label="VarDecl" lexeme="j"><node id="489" label="AtomType" spec="INTEGER"><location begcolumn="19" begline="117" endcolumn="25" endline="117" loc="117.19 - 117.25"/><isType><semtype type="INTEGER"/></isType></node><location begcolumn="13" begline="117" endcolumn="25" endline="117" loc="117.13 - 117.25"/><access depth="1" offset="-32" size="8"/></node><node id="492" label="VarDecl" lexeme="ok"><node id="491" label="AtomType" spec="BOOLEAN"><location begcolumn="20" begline="118" endcolumn="26" endline="118" loc="118.20 - 118.26"/><isType><semtype type="BOOLEAN"/></isType></node><location begcolumn="13" begline="118" endcolumn="26" endline="118" loc="118.13 - 118.26"/><access depth="1" offset="-40" size="8"/></node><node id="494" label="VarDecl" lexeme="all"><node id="493" label="AtomType" spec="INTEGER"><location begcolumn="21" begline="119" endcolumn="27" endline="119" loc="119.21 - 119.27"/><isType><semtype type="INTEGER"/></isType></node><location begcolumn="13" begline="119" endcolumn="27" endline="119" loc="119.13 - 119.27"/><access depth="1" offset="-48" size="8"/></node><location begcolumn="13" begline="117" endcolumn="27" endline="119" loc="117.13 - 119.27"/></node><location begcolumn="11" begline="74" endcolumn="11" endline="120" loc="74.11 - 120.11"/><ofType><semtype type="INTEGER"/></ofType></node><location begcolumn="7" begline="73" endcolumn="11" endline="120" loc="73.7 - 120.11"/><frame FP="T14" RV="T15" argssize="8" depth="1" label="_queens" locssize="48" size="72"/></node><location begcolumn="7" begline="71" endcolumn="11" endline="120" loc="71.7 - 120.11"/></node><location begcolumn="5" begline="60" endcolumn="5" endline="121" loc="60.5 - 121.5"/><ofType><semtype type="INTEGER"/></ofType></node><location begcolumn="1" begline="59" endcolumn="5" endline="121" loc="59.1 - 121.5"/><frame FP="T16" RV="T17" argssize="8" depth="0" label="_main" locssize="264" size="288"/></node><location begcolumn="1" begline="1" endcolumn="5" endline="121" loc="1.1 - 121.5"/></node></memory>