<?xml version="1.0" encoding="UTF-8" standalone="no"?><?xml-stylesheet type="text/xsl" href="../lib/xsl/abstr.xsl"?><abstr><node id="524" label="{Decls}"><node id="1" label="TypeDecl" lexeme="int"><node id="0" label="AtomType" spec="INTEGER"><location begcolumn="11" begline="1" endcolumn="17" endline="1" loc="1.11 - 1.17"/></node><location begcolumn="1" begline="1" endcolumn="17" endline="1" loc="1.1 - 1.17"/></node><node id="3" label="VarDecl" lexeme="id"><node id="2" label="TypeName" lexeme="int"><location begcolumn="10" begline="2" endcolumn="12" endline="2" loc="2.10 - 2.12"/></node><location begcolumn="1" begline="2" endcolumn="12" endline="2" loc="2.1 - 2.12"/></node><node id="10" label="TypeDecl" lexeme="record"><node id="9" label="RecType"><node id="8" label="{Comps}"><node id="7" label="CompDecl" lexeme="i1"><node id="4" label="TypeName" lexeme="int"><location begcolumn="19" begline="3" endcolumn="21" endline="3" loc="3.19 - 3.21"/></node><location begcolumn="15" begline="3" endcolumn="21" endline="3" loc="3.15 - 3.21"/></node><node id="6" label="CompDecl" lexeme="i2"><node id="5" label="TypeName" lexeme="int"><location begcolumn="28" begline="3" endcolumn="30" endline="3" loc="3.28 - 3.30"/></node><location begcolumn="24" begline="3" endcolumn="30" endline="3" loc="3.24 - 3.30"/></node><location begcolumn="15" begline="3" endcolumn="30" endline="3" loc="3.15 - 3.30"/></node><location begcolumn="14" begline="3" endcolumn="31" endline="3" loc="3.14 - 3.31"/></node><location begcolumn="1" begline="3" endcolumn="31" endline="3" loc="3.1 - 3.31"/></node><node id="12" label="VarDecl" lexeme="r1"><node id="11" label="TypeName" lexeme="record"><location begcolumn="10" begline="4" endcolumn="15" endline="4" loc="4.10 - 4.15"/></node><location begcolumn="1" begline="4" endcolumn="15" endline="4" loc="4.1 - 4.15"/></node><node id="15" label="VarDecl" lexeme="neki"><node id="14" label="PtrType"><node id="13" label="TypeName" lexeme="int"><location begcolumn="12" begline="5" endcolumn="14" endline="5" loc="5.12 - 5.14"/></node><location begcolumn="11" begline="5" endcolumn="14" endline="5" loc="5.11 - 5.14"/></node><location begcolumn="1" begline="5" endcolumn="14" endline="5" loc="5.1 - 5.14"/></node><node id="19" label="VarDecl" lexeme="arr"><node id="18" label="ArrType"><node id="16" label="TypeName" lexeme="int"><location begcolumn="11" begline="6" endcolumn="13" endline="6" loc="6.11 - 6.13"/></node><node id="17" label="AtomExpr" lexeme="10" spec="INTEGER"><location begcolumn="15" begline="6" endcolumn="16" endline="6" loc="6.15 - 6.16"/></node><location begcolumn="11" begline="6" endcolumn="17" endline="6" loc="6.11 - 6.17"/></node><location begcolumn="1" begline="6" endcolumn="17" endline="6" loc="6.1 - 6.17"/></node><node id="25" label="FunDecl" lexeme="main"><node id="21" label="TypeName" lexeme="int"><location begcolumn="13" begline="9" endcolumn="15" endline="9" loc="9.13 - 9.15"/></node><node id="24" label="RecExpr"><node id="22" label="NameExpr" lexeme="r1"><location begcolumn="19" begline="9" endcolumn="20" endline="9" loc="9.19 - 9.20"/></node><node id="23" label="NameExpr" lexeme="i1"><location begcolumn="19" begline="9" endcolumn="23" endline="9" loc="9.19 - 9.23"/></node><location begcolumn="19" begline="9" endcolumn="23" endline="9" loc="9.19 - 9.23"/></node><location begcolumn="1" begline="9" endcolumn="23" endline="9" loc="9.1 - 9.23"/></node><node id="31" label="FunDecl" lexeme="main22"><node id="27" label="TypeName" lexeme="int"><location begcolumn="15" begline="10" endcolumn="17" endline="10" loc="10.15 - 10.17"/></node><node id="30" label="RecExpr"><node id="28" label="NameExpr" lexeme="r1"><location begcolumn="21" begline="10" endcolumn="22" endline="10" loc="10.21 - 10.22"/></node><node id="29" label="NameExpr" lexeme="i2"><location begcolumn="21" begline="10" endcolumn="25" endline="10" loc="10.21 - 10.25"/></node><location begcolumn="21" begline="10" endcolumn="25" endline="10" loc="10.21 - 10.25"/></node><location begcolumn="1" begline="10" endcolumn="25" endline="10" loc="10.1 - 10.25"/></node><node id="39" label="FunDecl" lexeme="main2"><node id="33" label="AtomType" spec="INTEGER"><location begcolumn="14" begline="11" endcolumn="20" endline="11" loc="11.14 - 11.20"/></node><node id="38" label="WhereExpr"><node id="34" label="NameExpr" lexeme="bla"><location begcolumn="24" begline="11" endcolumn="26" endline="11" loc="11.24 - 11.26"/></node><node id="37" label="{Decls}"><node id="36" label="VarDecl" lexeme="bla"><node id="35" label="TypeName" lexeme="int"><location begcolumn="44" begline="11" endcolumn="46" endline="11" loc="11.44 - 11.46"/></node><location begcolumn="35" begline="11" endcolumn="46" endline="11" loc="11.35 - 11.46"/></node><location begcolumn="35" begline="11" endcolumn="46" endline="11" loc="11.35 - 11.46"/></node><location begcolumn="24" begline="11" endcolumn="47" endline="11" loc="11.24 - 11.47"/></node><location begcolumn="1" begline="11" endcolumn="47" endline="11" loc="11.1 - 11.47"/></node><node id="44" label="FunDecl" lexeme="ptr"><node id="42" label="PtrType"><node id="41" label="AtomType" spec="INTEGER"><location begcolumn="14" begline="12" endcolumn="20" endline="12" loc="12.14 - 12.20"/></node><location begcolumn="13" begline="12" endcolumn="20" endline="12" loc="12.13 - 12.20"/></node><node id="43" label="NameExpr" lexeme="neki"><location begcolumn="24" begline="12" endcolumn="27" endline="12" loc="12.24 - 12.27"/></node><location begcolumn="1" begline="12" endcolumn="27" endline="12" loc="12.1 - 12.27"/></node><node id="50" label="FunDecl" lexeme="array"><node id="46" label="TypeName" lexeme="int"><location begcolumn="14" begline="13" endcolumn="16" endline="13" loc="13.14 - 13.16"/></node><node id="49" label="ArrExpr"><node id="47" label="NameExpr" lexeme="arr"><location begcolumn="23" begline="13" endcolumn="25" endline="13" loc="13.23 - 13.25"/></node><node id="48" label="AtomExpr" lexeme="0" spec="INTEGER"><location begcolumn="27" begline="13" endcolumn="27" endline="13" loc="13.27 - 13.27"/></node><location begcolumn="23" begline="13" endcolumn="28" endline="13" loc="13.23 - 13.28"/></node><location begcolumn="1" begline="13" endcolumn="28" endline="13" loc="13.1 - 13.28"/></node><node id="56" label="FunDecl" lexeme="aray2"><node id="52" label="TypeName" lexeme="int"><location begcolumn="14" begline="14" endcolumn="16" endline="14" loc="14.14 - 14.16"/></node><node id="55" label="ArrExpr"><node id="53" label="NameExpr" lexeme="arr"><location begcolumn="22" begline="14" endcolumn="24" endline="14" loc="14.22 - 14.24"/></node><node id="54" label="AtomExpr" lexeme="10" spec="INTEGER"><location begcolumn="26" begline="14" endcolumn="27" endline="14" loc="14.26 - 14.27"/></node><location begcolumn="22" begline="14" endcolumn="28" endline="14" loc="14.22 - 14.28"/></node><location begcolumn="1" begline="14" endcolumn="28" endline="14" loc="14.1 - 14.28"/></node><node id="58" label="VarDecl" lexeme="a"><node id="57" label="TypeName" lexeme="int"><location begcolumn="8" begline="16" endcolumn="10" endline="16" loc="16.8 - 16.10"/></node><location begcolumn="1" begline="16" endcolumn="10" endline="16" loc="16.1 - 16.10"/></node><node id="72" label="FunDecl" lexeme="f"><node id="61" label="{Pars}"><node id="60" label="ParDecl" lexeme="i"><node id="59" label="TypeName" lexeme="int"><location begcolumn="9" begline="17" endcolumn="11" endline="17" loc="17.9 - 17.11"/></node><location begcolumn="7" begline="17" endcolumn="11" endline="17" loc="17.7 - 17.11"/></node><location begcolumn="7" begline="17" endcolumn="11" endline="17" loc="17.7 - 17.11"/></node><node id="62" label="AtomType" spec="INTEGER"><location begcolumn="16" begline="17" endcolumn="22" endline="17" loc="17.16 - 17.22"/></node><node id="71" label="StmtExpr"><node id="70" label="{Stmts}"><node id="65" label="AssignStmt"><node id="63" label="NameExpr" lexeme="a"><location begcolumn="9" begline="18" endcolumn="9" endline="18" loc="18.9 - 18.9"/></node><node id="64" label="NameExpr" lexeme="i"><location begcolumn="12" begline="18" endcolumn="12" endline="18" loc="18.12 - 18.12"/></node><location begcolumn="9" begline="18" endcolumn="12" endline="18" loc="18.9 - 18.12"/></node><node id="69" label="ExprStmt"><node id="68" label="BinExpr" spec="ADD"><node id="66" label="NameExpr" lexeme="a"><location begcolumn="9" begline="19" endcolumn="9" endline="19" loc="19.9 - 19.9"/></node><node id="67" label="AtomExpr" lexeme="1" spec="INTEGER"><location begcolumn="11" begline="19" endcolumn="11" endline="19" loc="19.11 - 19.11"/></node><location begcolumn="9" begline="19" endcolumn="11" endline="19" loc="19.9 - 19.11"/></node><location begcolumn="9" begline="19" endcolumn="11" endline="19" loc="19.9 - 19.11"/></node><location begcolumn="9" begline="18" endcolumn="11" endline="19" loc="18.9 - 19.11"/></node><location begcolumn="26" begline="17" endcolumn="1" endline="20" loc="17.26 - 20.1"/></node><location begcolumn="1" begline="17" endcolumn="1" endline="20" loc="17.1 - 20.1"/></node><node id="80" label="FunDecl" lexeme="f1"><node id="75" label="{Pars}"><node id="74" label="ParDecl" lexeme="i"><node id="73" label="TypeName" lexeme="int"><location begcolumn="11" begline="21" endcolumn="13" endline="21" loc="21.11 - 21.13"/></node><location begcolumn="8" begline="21" endcolumn="13" endline="21" loc="21.8 - 21.13"/></node><location begcolumn="8" begline="21" endcolumn="13" endline="21" loc="21.8 - 21.13"/></node><node id="76" label="TypeName" lexeme="int"><location begcolumn="18" begline="21" endcolumn="20" endline="21" loc="21.18 - 21.20"/></node><node id="79" label="BinExpr" spec="ADD"><node id="77" label="NameExpr" lexeme="a"><location begcolumn="24" begline="21" endcolumn="24" endline="21" loc="21.24 - 21.24"/></node><node id="78" label="AtomExpr" lexeme="1" spec="INTEGER"><location begcolumn="26" begline="21" endcolumn="26" endline="21" loc="21.26 - 21.26"/></node><location begcolumn="24" begline="21" endcolumn="26" endline="21" loc="21.24 - 21.26"/></node><location begcolumn="1" begline="21" endcolumn="26" endline="21" loc="21.1 - 21.26"/></node><node id="90" label="FunDecl" lexeme="f2"><node id="83" label="{Pars}"><node id="82" label="ParDecl" lexeme="i"><node id="81" label="TypeName" lexeme="int"><location begcolumn="11" begline="22" endcolumn="13" endline="22" loc="22.11 - 22.13"/></node><location begcolumn="8" begline="22" endcolumn="13" endline="22" loc="22.8 - 22.13"/></node><location begcolumn="8" begline="22" endcolumn="13" endline="22" loc="22.8 - 22.13"/></node><node id="84" label="AtomType" spec="VOID"><location begcolumn="18" begline="22" endcolumn="21" endline="22" loc="22.18 - 22.21"/></node><node id="89" label="StmtExpr"><node id="88" label="{Stmts}"><node id="87" label="AssignStmt"><node id="85" label="NameExpr" lexeme="a"><location begcolumn="26" begline="22" endcolumn="26" endline="22" loc="22.26 - 22.26"/></node><node id="86" label="NameExpr" lexeme="i"><location begcolumn="29" begline="22" endcolumn="29" endline="22" loc="22.29 - 22.29"/></node><location begcolumn="26" begline="22" endcolumn="29" endline="22" loc="22.26 - 22.29"/></node><location begcolumn="26" begline="22" endcolumn="29" endline="22" loc="22.26 - 22.29"/></node><location begcolumn="25" begline="22" endcolumn="31" endline="22" loc="22.25 - 22.31"/></node><location begcolumn="1" begline="22" endcolumn="31" endline="22" loc="22.1 - 22.31"/></node><node id="102" label="FunDecl" lexeme="arr2"><node id="96" label="{Pars}"><node id="95" label="ParDecl" lexeme="ar"><node id="94" label="PtrType"><node id="93" label="ArrType"><node id="91" label="TypeName" lexeme="int"><location begcolumn="17" begline="29" endcolumn="19" endline="29" loc="29.17 - 29.19"/></node><node id="92" label="AtomExpr" lexeme="10" spec="INTEGER"><location begcolumn="21" begline="29" endcolumn="22" endline="29" loc="29.21 - 29.22"/></node><location begcolumn="17" begline="29" endcolumn="23" endline="29" loc="29.17 - 29.23"/></node><location begcolumn="15" begline="29" endcolumn="23" endline="29" loc="29.15 - 29.23"/></node><location begcolumn="11" begline="29" endcolumn="23" endline="29" loc="29.11 - 29.23"/></node><location begcolumn="11" begline="29" endcolumn="23" endline="29" loc="29.11 - 29.23"/></node><node id="97" label="TypeName" lexeme="int"><location begcolumn="27" begline="29" endcolumn="29" endline="29" loc="29.27 - 29.29"/></node><node id="101" label="ArrExpr"><node id="99" label="SfxExpr" spec="PTR"><node id="98" label="NameExpr" lexeme="ar"><location begcolumn="33" begline="29" endcolumn="34" endline="29" loc="29.33 - 29.34"/></node><location begcolumn="33" begline="29" endcolumn="35" endline="29" loc="29.33 - 29.35"/></node><node id="100" label="AtomExpr" lexeme="1" spec="INTEGER"><location begcolumn="37" begline="29" endcolumn="37" endline="29" loc="29.37 - 29.37"/></node><location begcolumn="33" begline="29" endcolumn="38" endline="29" loc="29.33 - 29.38"/></node><location begcolumn="1" begline="29" endcolumn="38" endline="29" loc="29.1 - 29.38"/></node><node id="111" label="TypeDecl" lexeme="r"><node id="110" label="RecType"><node id="109" label="{Comps}"><node id="108" label="CompDecl" lexeme="i"><node id="103" label="TypeName" lexeme="int"><location begcolumn="13" begline="33" endcolumn="15" endline="33" loc="33.13 - 33.15"/></node><location begcolumn="9" begline="33" endcolumn="15" endline="33" loc="33.9 - 33.15"/></node><node id="107" label="CompDecl" lexeme="arr"><node id="106" label="ArrType"><node id="104" label="TypeName" lexeme="int"><location begcolumn="24" begline="33" endcolumn="26" endline="33" loc="33.24 - 33.26"/></node><node id="105" label="AtomExpr" lexeme="10" spec="INTEGER"><location begcolumn="28" begline="33" endcolumn="29" endline="33" loc="33.28 - 33.29"/></node><location begcolumn="24" begline="33" endcolumn="30" endline="33" loc="33.24 - 33.30"/></node><location begcolumn="18" begline="33" endcolumn="30" endline="33" loc="33.18 - 33.30"/></node><location begcolumn="9" begline="33" endcolumn="30" endline="33" loc="33.9 - 33.30"/></node><location begcolumn="8" begline="33" endcolumn="31" endline="33" loc="33.8 - 33.31"/></node><location begcolumn="1" begline="33" endcolumn="31" endline="33" loc="33.1 - 33.31"/></node><node id="123" label="FunDecl" lexeme="rec"><node id="115" label="{Pars}"><node id="114" label="ParDecl" lexeme="i"><node id="113" label="PtrType"><node id="112" label="TypeName" lexeme="r"><location begcolumn="15" begline="34" endcolumn="15" endline="34" loc="34.15 - 34.15"/></node><location begcolumn="14" begline="34" endcolumn="15" endline="34" loc="34.14 - 34.15"/></node><location begcolumn="10" begline="34" endcolumn="15" endline="34" loc="34.10 - 34.15"/></node><location begcolumn="10" begline="34" endcolumn="15" endline="34" loc="34.10 - 34.15"/></node><node id="116" label="TypeName" lexeme="int"><location begcolumn="19" begline="34" endcolumn="21" endline="34" loc="34.19 - 34.21"/></node><node id="122" label="ArrExpr"><node id="120" label="RecExpr"><node id="118" label="SfxExpr" spec="PTR"><node id="117" label="NameExpr" lexeme="i"><location begcolumn="25" begline="34" endcolumn="25" endline="34" loc="34.25 - 34.25"/></node><location begcolumn="25" begline="34" endcolumn="26" endline="34" loc="34.25 - 34.26"/></node><node id="119" label="NameExpr" lexeme="arr"><location begcolumn="25" begline="34" endcolumn="30" endline="34" loc="34.25 - 34.30"/></node><location begcolumn="25" begline="34" endcolumn="30" endline="34" loc="34.25 - 34.30"/></node><node id="121" label="AtomExpr" lexeme="6" spec="INTEGER"><location begcolumn="32" begline="34" endcolumn="32" endline="34" loc="34.32 - 34.32"/></node><location begcolumn="25" begline="34" endcolumn="33" endline="34" loc="34.25 - 34.33"/></node><location begcolumn="1" begline="34" endcolumn="33" endline="34" loc="34.1 - 34.33"/></node><node id="125" label="VarDecl" lexeme="n"><node id="124" label="TypeName" lexeme="int"><location begcolumn="8" begline="38" endcolumn="10" endline="38" loc="38.8 - 38.10"/></node><location begcolumn="1" begline="38" endcolumn="10" endline="38" loc="38.1 - 38.10"/></node><node id="142" label="FunDecl" lexeme="delnew"><node id="129" label="{Pars}"><node id="128" label="ParDecl" lexeme="i"><node id="127" label="PtrType"><node id="126" label="TypeName" lexeme="r"><location begcolumn="18" begline="39" endcolumn="18" endline="39" loc="39.18 - 39.18"/></node><location begcolumn="17" begline="39" endcolumn="18" endline="39" loc="39.17 - 39.18"/></node><location begcolumn="13" begline="39" endcolumn="18" endline="39" loc="39.13 - 39.18"/></node><location begcolumn="13" begline="39" endcolumn="18" endline="39" loc="39.13 - 39.18"/></node><node id="130" label="TypeName" lexeme="int"><location begcolumn="22" begline="39" endcolumn="24" endline="39" loc="39.22 - 39.24"/></node><node id="141" label="StmtExpr"><node id="140" label="{Stmts}"><node id="134" label="ExprStmt"><node id="133" label="PfxExpr" spec="DEL"><node id="132" label="PfxExpr" spec="PTR"><node id="131" label="NameExpr" lexeme="n"><location begcolumn="14" begline="40" endcolumn="14" endline="40" loc="40.14 - 40.14"/></node><location begcolumn="13" begline="40" endcolumn="14" endline="40" loc="40.13 - 40.14"/></node><location begcolumn="9" begline="40" endcolumn="14" endline="40" loc="40.9 - 40.14"/></node><location begcolumn="9" begline="40" endcolumn="14" endline="40" loc="40.9 - 40.14"/></node><node id="137" label="ExprStmt"><node id="136" label="PfxExpr" spec="NEW"><node id="135" label="AtomExpr" lexeme="4" spec="INTEGER"><location begcolumn="13" begline="41" endcolumn="13" endline="41" loc="41.13 - 41.13"/></node><location begcolumn="9" begline="41" endcolumn="13" endline="41" loc="41.9 - 41.13"/></node><location begcolumn="9" begline="41" endcolumn="13" endline="41" loc="41.9 - 41.13"/></node><node id="139" label="ExprStmt"><node id="138" label="AtomExpr" lexeme="4" spec="INTEGER"><location begcolumn="9" begline="42" endcolumn="9" endline="42" loc="42.9 - 42.9"/></node><location begcolumn="9" begline="42" endcolumn="9" endline="42" loc="42.9 - 42.9"/></node><location begcolumn="9" begline="40" endcolumn="9" endline="42" loc="40.9 - 42.9"/></node><location begcolumn="28" begline="39" endcolumn="1" endline="43" loc="39.28 - 43.1"/></node><location begcolumn="1" begline="39" endcolumn="1" endline="43" loc="39.1 - 43.1"/></node><node id="161" label="FunDecl" lexeme="atomExpr"><node id="144" label="TypeName" lexeme="int"><location begcolumn="17" begline="49" endcolumn="19" endline="49" loc="49.17 - 49.19"/></node><node id="160" label="StmtExpr"><node id="159" label="{Stmts}"><node id="146" label="ExprStmt"><node id="145" label="AtomExpr" lexeme="none" spec="VOID"><location begcolumn="9" begline="50" endcolumn="12" endline="50" loc="50.9 - 50.12"/></node><location begcolumn="9" begline="50" endcolumn="12" endline="50" loc="50.9 - 50.12"/></node><node id="148" label="ExprStmt"><node id="147" label="AtomExpr" lexeme="nil" spec="POINTER"><location begcolumn="9" begline="51" endcolumn="11" endline="51" loc="51.9 - 51.11"/></node><location begcolumn="9" begline="51" endcolumn="11" endline="51" loc="51.9 - 51.11"/></node><node id="150" label="ExprStmt"><node id="149" label="AtomExpr" lexeme="true" spec="BOOLEAN"><location begcolumn="9" begline="52" endcolumn="12" endline="52" loc="52.9 - 52.12"/></node><location begcolumn="9" begline="52" endcolumn="12" endline="52" loc="52.9 - 52.12"/></node><node id="152" label="ExprStmt"><node id="151" label="AtomExpr" lexeme="false" spec="BOOLEAN"><location begcolumn="9" begline="53" endcolumn="13" endline="53" loc="53.9 - 53.13"/></node><location begcolumn="9" begline="53" endcolumn="13" endline="53" loc="53.9 - 53.13"/></node><node id="154" label="ExprStmt"><node id="153" label="AtomExpr" lexeme="'a'" spec="CHAR"><location begcolumn="9" begline="54" endcolumn="11" endline="54" loc="54.9 - 54.11"/></node><location begcolumn="9" begline="54" endcolumn="11" endline="54" loc="54.9 - 54.11"/></node><node id="156" label="ExprStmt"><node id="155" label="AtomExpr" lexeme="'A'" spec="CHAR"><location begcolumn="9" begline="55" endcolumn="11" endline="55" loc="55.9 - 55.11"/></node><location begcolumn="9" begline="55" endcolumn="11" endline="55" loc="55.9 - 55.11"/></node><node id="158" label="ExprStmt"><node id="157" label="AtomExpr" lexeme="10" spec="INTEGER"><location begcolumn="9" begline="56" endcolumn="10" endline="56" loc="56.9 - 56.10"/></node><location begcolumn="9" begline="56" endcolumn="10" endline="56" loc="56.9 - 56.10"/></node><location begcolumn="9" begline="50" endcolumn="10" endline="56" loc="50.9 - 56.10"/></node><location begcolumn="23" begline="49" endcolumn="1" endline="59" loc="49.23 - 59.1"/></node><location begcolumn="1" begline="49" endcolumn="1" endline="59" loc="49.1 - 59.1"/></node><node id="164" label="VarDecl" lexeme="pointer1"><node id="163" label="PtrType"><node id="162" label="TypeName" lexeme="int"><location begcolumn="17" begline="61" endcolumn="19" endline="61" loc="61.17 - 61.19"/></node><location begcolumn="16" begline="61" endcolumn="19" endline="61" loc="61.16 - 61.19"/></node><location begcolumn="1" begline="61" endcolumn="19" endline="61" loc="61.1 - 61.19"/></node><node id="181" label="FunDecl" lexeme="pfxExp"><node id="166" label="TypeName" lexeme="int"><location begcolumn="15" begline="62" endcolumn="17" endline="62" loc="62.15 - 62.17"/></node><node id="180" label="StmtExpr"><node id="179" label="{Stmts}"><node id="169" label="ExprStmt"><node id="168" label="PfxExpr" spec="NOT"><node id="167" label="AtomExpr" lexeme="true" spec="BOOLEAN"><location begcolumn="11" begline="63" endcolumn="14" endline="63" loc="63.11 - 63.14"/></node><location begcolumn="9" begline="63" endcolumn="14" endline="63" loc="63.9 - 63.14"/></node><location begcolumn="9" begline="63" endcolumn="14" endline="63" loc="63.9 - 63.14"/></node><node id="172" label="ExprStmt"><node id="171" label="PfxExpr" spec="ADD"><node id="170" label="AtomExpr" lexeme="45" spec="INTEGER"><location begcolumn="10" begline="64" endcolumn="11" endline="64" loc="64.10 - 64.11"/></node><location begcolumn="9" begline="64" endcolumn="11" endline="64" loc="64.9 - 64.11"/></node><location begcolumn="9" begline="64" endcolumn="11" endline="64" loc="64.9 - 64.11"/></node><node id="175" label="ExprStmt"><node id="174" label="SfxExpr" spec="PTR"><node id="173" label="NameExpr" lexeme="pointer1"><location begcolumn="9" begline="66" endcolumn="16" endline="66" loc="66.9 - 66.16"/></node><location begcolumn="9" begline="66" endcolumn="17" endline="66" loc="66.9 - 66.17"/></node><location begcolumn="9" begline="66" endcolumn="17" endline="66" loc="66.9 - 66.17"/></node><node id="178" label="ExprStmt"><node id="177" label="PfxExpr" spec="SUB"><node id="176" label="AtomExpr" lexeme="10" spec="INTEGER"><location begcolumn="10" begline="68" endcolumn="11" endline="68" loc="68.10 - 68.11"/></node><location begcolumn="9" begline="68" endcolumn="11" endline="68" loc="68.9 - 68.11"/></node><location begcolumn="9" begline="68" endcolumn="11" endline="68" loc="68.9 - 68.11"/></node><location begcolumn="9" begline="63" endcolumn="11" endline="68" loc="63.9 - 68.11"/></node><location begcolumn="21" begline="62" endcolumn="1" endline="69" loc="62.21 - 69.1"/></node><location begcolumn="1" begline="62" endcolumn="1" endline="69" loc="62.1 - 69.1"/></node><node id="241" label="FunDecl" lexeme="binExpr"><node id="183" label="TypeName" lexeme="int"><location begcolumn="16" begline="73" endcolumn="18" endline="73" loc="73.16 - 73.18"/></node><node id="240" label="StmtExpr"><node id="239" label="{Stmts}"><node id="187" label="ExprStmt"><node id="186" label="BinExpr" spec="ADD"><node id="184" label="AtomExpr" lexeme="1" spec="INTEGER"><location begcolumn="9" begline="74" endcolumn="9" endline="74" loc="74.9 - 74.9"/></node><node id="185" label="AtomExpr" lexeme="2" spec="INTEGER"><location begcolumn="11" begline="74" endcolumn="11" endline="74" loc="74.11 - 74.11"/></node><location begcolumn="9" begline="74" endcolumn="11" endline="74" loc="74.9 - 74.11"/></node><location begcolumn="9" begline="74" endcolumn="11" endline="74" loc="74.9 - 74.11"/></node><node id="192" label="ExprStmt"><node id="191" label="BinExpr" spec="SUB"><node id="189" label="PfxExpr" spec="SUB"><node id="188" label="AtomExpr" lexeme="3" spec="INTEGER"><location begcolumn="10" begline="75" endcolumn="10" endline="75" loc="75.10 - 75.10"/></node><location begcolumn="9" begline="75" endcolumn="10" endline="75" loc="75.9 - 75.10"/></node><node id="190" label="AtomExpr" lexeme="4" spec="INTEGER"><location begcolumn="14" begline="75" endcolumn="14" endline="75" loc="75.14 - 75.14"/></node><location begcolumn="9" begline="75" endcolumn="14" endline="75" loc="75.9 - 75.14"/></node><location begcolumn="9" begline="75" endcolumn="14" endline="75" loc="75.9 - 75.14"/></node><node id="196" label="ExprStmt"><node id="195" label="BinExpr" spec="MOD"><node id="193" label="AtomExpr" lexeme="66" spec="INTEGER"><location begcolumn="9" begline="76" endcolumn="10" endline="76" loc="76.9 - 76.10"/></node><node id="194" label="AtomExpr" lexeme="6" spec="INTEGER"><location begcolumn="14" begline="76" endcolumn="14" endline="76" loc="76.14 - 76.14"/></node><location begcolumn="9" begline="76" endcolumn="14" endline="76" loc="76.9 - 76.14"/></node><location begcolumn="9" begline="76" endcolumn="14" endline="76" loc="76.9 - 76.14"/></node><node id="200" label="ExprStmt"><node id="199" label="BinExpr" spec="LTH"><node id="197" label="AtomExpr" lexeme="1" spec="INTEGER"><location begcolumn="9" begline="77" endcolumn="9" endline="77" loc="77.9 - 77.9"/></node><node id="198" label="AtomExpr" lexeme="2" spec="INTEGER"><location begcolumn="12" begline="77" endcolumn="12" endline="77" loc="77.12 - 77.12"/></node><location begcolumn="9" begline="77" endcolumn="12" endline="77" loc="77.9 - 77.12"/></node><location begcolumn="9" begline="77" endcolumn="12" endline="77" loc="77.9 - 77.12"/></node><node id="204" label="ExprStmt"><node id="203" label="BinExpr" spec="GTH"><node id="201" label="AtomExpr" lexeme="2" spec="INTEGER"><location begcolumn="9" begline="78" endcolumn="9" endline="78" loc="78.9 - 78.9"/></node><node id="202" label="AtomExpr" lexeme="3" spec="INTEGER"><location begcolumn="13" begline="78" endcolumn="13" endline="78" loc="78.13 - 78.13"/></node><location begcolumn="9" begline="78" endcolumn="13" endline="78" loc="78.9 - 78.13"/></node><location begcolumn="9" begline="78" endcolumn="13" endline="78" loc="78.9 - 78.13"/></node><node id="208" label="ExprStmt"><node id="207" label="BinExpr" spec="LEQ"><node id="205" label="AtomExpr" lexeme="1" spec="INTEGER"><location begcolumn="9" begline="79" endcolumn="9" endline="79" loc="79.9 - 79.9"/></node><node id="206" label="AtomExpr" lexeme="4" spec="INTEGER"><location begcolumn="14" begline="79" endcolumn="14" endline="79" loc="79.14 - 79.14"/></node><location begcolumn="9" begline="79" endcolumn="14" endline="79" loc="79.9 - 79.14"/></node><location begcolumn="9" begline="79" endcolumn="14" endline="79" loc="79.9 - 79.14"/></node><node id="212" label="ExprStmt"><node id="211" label="BinExpr" spec="GEQ"><node id="209" label="AtomExpr" lexeme="1" spec="INTEGER"><location begcolumn="9" begline="80" endcolumn="9" endline="80" loc="80.9 - 80.9"/></node><node id="210" label="AtomExpr" lexeme="5" spec="INTEGER"><location begcolumn="14" begline="80" endcolumn="14" endline="80" loc="80.14 - 80.14"/></node><location begcolumn="9" begline="80" endcolumn="14" endline="80" loc="80.9 - 80.14"/></node><location begcolumn="9" begline="80" endcolumn="14" endline="80" loc="80.9 - 80.14"/></node><node id="216" label="ExprStmt"><node id="215" label="BinExpr" spec="AND"><node id="213" label="AtomExpr" lexeme="true" spec="BOOLEAN"><location begcolumn="9" begline="81" endcolumn="12" endline="81" loc="81.9 - 81.12"/></node><node id="214" label="AtomExpr" lexeme="false" spec="BOOLEAN"><location begcolumn="16" begline="81" endcolumn="20" endline="81" loc="81.16 - 81.20"/></node><location begcolumn="9" begline="81" endcolumn="20" endline="81" loc="81.9 - 81.20"/></node><location begcolumn="9" begline="81" endcolumn="20" endline="81" loc="81.9 - 81.20"/></node><node id="220" label="ExprStmt"><node id="219" label="BinExpr" spec="OR"><node id="217" label="AtomExpr" lexeme="false" spec="BOOLEAN"><location begcolumn="9" begline="82" endcolumn="13" endline="82" loc="82.9 - 82.13"/></node><node id="218" label="AtomExpr" lexeme="false" spec="BOOLEAN"><location begcolumn="17" begline="82" endcolumn="21" endline="82" loc="82.17 - 82.21"/></node><location begcolumn="9" begline="82" endcolumn="21" endline="82" loc="82.9 - 82.21"/></node><location begcolumn="9" begline="82" endcolumn="21" endline="82" loc="82.9 - 82.21"/></node><node id="224" label="ExprStmt"><node id="223" label="BinExpr" spec="EQU"><node id="221" label="AtomExpr" lexeme="1" spec="INTEGER"><location begcolumn="9" begline="83" endcolumn="9" endline="83" loc="83.9 - 83.9"/></node><node id="222" label="AtomExpr" lexeme="2" spec="INTEGER"><location begcolumn="14" begline="83" endcolumn="14" endline="83" loc="83.14 - 83.14"/></node><location begcolumn="9" begline="83" endcolumn="14" endline="83" loc="83.9 - 83.14"/></node><location begcolumn="9" begline="83" endcolumn="14" endline="83" loc="83.9 - 83.14"/></node><node id="228" label="ExprStmt"><node id="227" label="BinExpr" spec="NEQ"><node id="225" label="AtomExpr" lexeme="1" spec="INTEGER"><location begcolumn="9" begline="84" endcolumn="9" endline="84" loc="84.9 - 84.9"/></node><node id="226" label="AtomExpr" lexeme="2" spec="INTEGER"><location begcolumn="14" begline="84" endcolumn="14" endline="84" loc="84.14 - 84.14"/></node><location begcolumn="9" begline="84" endcolumn="14" endline="84" loc="84.9 - 84.14"/></node><location begcolumn="9" begline="84" endcolumn="14" endline="84" loc="84.9 - 84.14"/></node><node id="234" label="ExprStmt"><node id="233" label="BinExpr" spec="MUL"><node id="231" label="BinExpr" spec="MUL"><node id="229" label="AtomExpr" lexeme="2" spec="INTEGER"><location begcolumn="9" begline="85" endcolumn="9" endline="85" loc="85.9 - 85.9"/></node><node id="230" label="AtomExpr" lexeme="7" spec="INTEGER"><location begcolumn="13" begline="85" endcolumn="13" endline="85" loc="85.13 - 85.13"/></node><location begcolumn="9" begline="85" endcolumn="13" endline="85" loc="85.9 - 85.13"/></node><node id="232" label="AtomExpr" lexeme="3" spec="INTEGER"><location begcolumn="15" begline="85" endcolumn="15" endline="85" loc="85.15 - 85.15"/></node><location begcolumn="9" begline="85" endcolumn="15" endline="85" loc="85.9 - 85.15"/></node><location begcolumn="9" begline="85" endcolumn="15" endline="85" loc="85.9 - 85.15"/></node><node id="238" label="ExprStmt"><node id="237" label="BinExpr" spec="DIV"><node id="235" label="AtomExpr" lexeme="4" spec="INTEGER"><location begcolumn="9" begline="86" endcolumn="9" endline="86" loc="86.9 - 86.9"/></node><node id="236" label="AtomExpr" lexeme="2" spec="INTEGER"><location begcolumn="11" begline="86" endcolumn="11" endline="86" loc="86.11 - 86.11"/></node><location begcolumn="9" begline="86" endcolumn="11" endline="86" loc="86.9 - 86.11"/></node><location begcolumn="9" begline="86" endcolumn="11" endline="86" loc="86.9 - 86.11"/></node><location begcolumn="9" begline="74" endcolumn="11" endline="86" loc="74.9 - 86.11"/></node><location begcolumn="22" begline="73" endcolumn="1" endline="88" loc="73.22 - 88.1"/></node><location begcolumn="1" begline="73" endcolumn="1" endline="88" loc="73.1 - 88.1"/></node><node id="254" label="FunDecl" lexeme="newdel"><node id="243" label="TypeName" lexeme="int"><location begcolumn="15" begline="91" endcolumn="17" endline="91" loc="91.15 - 91.17"/></node><node id="253" label="StmtExpr"><node id="252" label="{Stmts}"><node id="246" label="ExprStmt"><node id="245" label="PfxExpr" spec="NEW"><node id="244" label="AtomExpr" lexeme="1" spec="INTEGER"><location begcolumn="13" begline="92" endcolumn="13" endline="92" loc="92.13 - 92.13"/></node><location begcolumn="9" begline="92" endcolumn="13" endline="92" loc="92.9 - 92.13"/></node><location begcolumn="9" begline="92" endcolumn="13" endline="92" loc="92.9 - 92.13"/></node><node id="249" label="ExprStmt"><node id="248" label="PfxExpr" spec="DEL"><node id="247" label="NameExpr" lexeme="pointer1"><location begcolumn="13" begline="93" endcolumn="20" endline="93" loc="93.13 - 93.20"/></node><location begcolumn="9" begline="93" endcolumn="20" endline="93" loc="93.9 - 93.20"/></node><location begcolumn="9" begline="93" endcolumn="20" endline="93" loc="93.9 - 93.20"/></node><node id="251" label="ExprStmt"><node id="250" label="AtomExpr" lexeme="1" spec="INTEGER"><location begcolumn="9" begline="94" endcolumn="9" endline="94" loc="94.9 - 94.9"/></node><location begcolumn="9" begline="94" endcolumn="9" endline="94" loc="94.9 - 94.9"/></node><location begcolumn="9" begline="92" endcolumn="9" endline="94" loc="92.9 - 94.9"/></node><location begcolumn="21" begline="91" endcolumn="1" endline="95" loc="91.21 - 95.1"/></node><location begcolumn="1" begline="91" endcolumn="1" endline="95" loc="91.1 - 95.1"/></node><node id="256" label="VarDecl" lexeme="n1"><node id="255" label="TypeName" lexeme="int"><location begcolumn="10" begline="98" endcolumn="12" endline="98" loc="98.10 - 98.12"/></node><location begcolumn="1" begline="98" endcolumn="12" endline="98" loc="98.1 - 98.12"/></node><node id="271" label="FunDecl" lexeme="name"><node id="258" label="TypeName" lexeme="int"><location begcolumn="13" begline="99" endcolumn="15" endline="99" loc="99.13 - 99.15"/></node><node id="270" label="StmtExpr"><node id="269" label="{Stmts}"><node id="260" label="ExprStmt"><node id="259" label="NameExpr" lexeme="n1"><location begcolumn="9" begline="100" endcolumn="10" endline="100" loc="100.9 - 100.10"/></node><location begcolumn="9" begline="100" endcolumn="10" endline="100" loc="100.9 - 100.10"/></node><node id="268" label="ExprStmt"><node id="267" label="WhereExpr"><node id="263" label="BinExpr" spec="ADD"><node id="261" label="NameExpr" lexeme="n2"><location begcolumn="9" begline="101" endcolumn="10" endline="101" loc="101.9 - 101.10"/></node><node id="262" label="NameExpr" lexeme="n1"><location begcolumn="14" begline="101" endcolumn="15" endline="101" loc="101.14 - 101.15"/></node><location begcolumn="9" begline="101" endcolumn="15" endline="101" loc="101.9 - 101.15"/></node><node id="266" label="{Decls}"><node id="265" label="VarDecl" lexeme="n2"><node id="264" label="TypeName" lexeme="int"><location begcolumn="33" begline="101" endcolumn="35" endline="101" loc="101.33 - 101.35"/></node><location begcolumn="24" begline="101" endcolumn="35" endline="101" loc="101.24 - 101.35"/></node><location begcolumn="24" begline="101" endcolumn="35" endline="101" loc="101.24 - 101.35"/></node><location begcolumn="9" begline="101" endcolumn="36" endline="101" loc="101.9 - 101.36"/></node><location begcolumn="9" begline="101" endcolumn="36" endline="101" loc="101.9 - 101.36"/></node><location begcolumn="9" begline="100" endcolumn="36" endline="101" loc="100.9 - 101.36"/></node><location begcolumn="19" begline="99" endcolumn="1" endline="102" loc="99.19 - 102.1"/></node><location begcolumn="1" begline="99" endcolumn="1" endline="102" loc="99.1 - 102.1"/></node><node id="297" label="FunDecl" lexeme="name2"><node id="273" label="TypeName" lexeme="int"><location begcolumn="14" begline="103" endcolumn="16" endline="103" loc="103.14 - 103.16"/></node><node id="296" label="StmtExpr"><node id="295" label="{Stmts}"><node id="275" label="ExprStmt"><node id="274" label="NameExpr" lexeme="n1"><location begcolumn="9" begline="104" endcolumn="10" endline="104" loc="104.9 - 104.10"/></node><location begcolumn="9" begline="104" endcolumn="10" endline="104" loc="104.9 - 104.10"/></node><node id="283" label="ExprStmt"><node id="282" label="WhereExpr"><node id="278" label="BinExpr" spec="ADD"><node id="276" label="NameExpr" lexeme="n2"><location begcolumn="9" begline="105" endcolumn="10" endline="105" loc="105.9 - 105.10"/></node><node id="277" label="NameExpr" lexeme="n1"><location begcolumn="14" begline="105" endcolumn="15" endline="105" loc="105.14 - 105.15"/></node><location begcolumn="9" begline="105" endcolumn="15" endline="105" loc="105.9 - 105.15"/></node><node id="281" label="{Decls}"><node id="280" label="VarDecl" lexeme="n2"><node id="279" label="TypeName" lexeme="int"><location begcolumn="33" begline="105" endcolumn="35" endline="105" loc="105.33 - 105.35"/></node><location begcolumn="24" begline="105" endcolumn="35" endline="105" loc="105.24 - 105.35"/></node><location begcolumn="24" begline="105" endcolumn="35" endline="105" loc="105.24 - 105.35"/></node><location begcolumn="9" begline="105" endcolumn="36" endline="105" loc="105.9 - 105.36"/></node><location begcolumn="9" begline="105" endcolumn="36" endline="105" loc="105.9 - 105.36"/></node><node id="294" label="ExprStmt"><node id="293" label="WhereExpr"><node id="285" label="CallExpr" lexeme="name3"><location begcolumn="9" begline="106" endcolumn="15" endline="106" loc="106.9 - 106.15"/></node><node id="292" label="{Decls}"><node id="287" label="VarDecl" lexeme="n2"><node id="286" label="TypeName" lexeme="int"><location begcolumn="33" begline="106" endcolumn="35" endline="106" loc="106.33 - 106.35"/></node><location begcolumn="24" begline="106" endcolumn="35" endline="106" loc="106.24 - 106.35"/></node><node id="291" label="FunDecl" lexeme="name3"><node id="289" label="TypeName" lexeme="int"><location begcolumn="51" begline="106" endcolumn="53" endline="106" loc="106.51 - 106.53"/></node><node id="290" label="NameExpr" lexeme="n2"><location begcolumn="57" begline="106" endcolumn="58" endline="106" loc="106.57 - 106.58"/></node><location begcolumn="37" begline="106" endcolumn="58" endline="106" loc="106.37 - 106.58"/></node><location begcolumn="24" begline="106" endcolumn="58" endline="106" loc="106.24 - 106.58"/></node><location begcolumn="9" begline="106" endcolumn="59" endline="106" loc="106.9 - 106.59"/></node><location begcolumn="9" begline="106" endcolumn="59" endline="106" loc="106.9 - 106.59"/></node><location begcolumn="9" begline="104" endcolumn="59" endline="106" loc="104.9 - 106.59"/></node><location begcolumn="20" begline="103" endcolumn="1" endline="107" loc="103.20 - 107.1"/></node><location begcolumn="1" begline="103" endcolumn="1" endline="107" loc="103.1 - 107.1"/></node><node id="303" label="FunDecl" lexeme="array22"><node id="299" label="TypeName" lexeme="int"><location begcolumn="16" begline="110" endcolumn="18" endline="110" loc="110.16 - 110.18"/></node><node id="302" label="ArrExpr"><node id="300" label="NameExpr" lexeme="arr"><location begcolumn="25" begline="110" endcolumn="27" endline="110" loc="110.25 - 110.27"/></node><node id="301" label="AtomExpr" lexeme="0" spec="INTEGER"><location begcolumn="29" begline="110" endcolumn="29" endline="110" loc="110.29 - 110.29"/></node><location begcolumn="25" begline="110" endcolumn="30" endline="110" loc="110.25 - 110.30"/></node><location begcolumn="1" begline="110" endcolumn="30" endline="110" loc="110.1 - 110.30"/></node><node id="309" label="FunDecl" lexeme="aray222"><node id="305" label="TypeName" lexeme="int"><location begcolumn="16" begline="111" endcolumn="18" endline="111" loc="111.16 - 111.18"/></node><node id="308" label="ArrExpr"><node id="306" label="NameExpr" lexeme="arr"><location begcolumn="24" begline="111" endcolumn="26" endline="111" loc="111.24 - 111.26"/></node><node id="307" label="AtomExpr" lexeme="10" spec="INTEGER"><location begcolumn="28" begline="111" endcolumn="29" endline="111" loc="111.28 - 111.29"/></node><location begcolumn="24" begline="111" endcolumn="30" endline="111" loc="111.24 - 111.30"/></node><location begcolumn="1" begline="111" endcolumn="30" endline="111" loc="111.1 - 111.30"/></node><node id="321" label="FunDecl" lexeme="arr222"><node id="315" label="{Pars}"><node id="314" label="ParDecl" lexeme="ar"><node id="313" label="PtrType"><node id="312" label="ArrType"><node id="310" label="TypeName" lexeme="int"><location begcolumn="19" begline="112" endcolumn="21" endline="112" loc="112.19 - 112.21"/></node><node id="311" label="AtomExpr" lexeme="10" spec="INTEGER"><location begcolumn="23" begline="112" endcolumn="24" endline="112" loc="112.23 - 112.24"/></node><location begcolumn="19" begline="112" endcolumn="25" endline="112" loc="112.19 - 112.25"/></node><location begcolumn="17" begline="112" endcolumn="25" endline="112" loc="112.17 - 112.25"/></node><location begcolumn="13" begline="112" endcolumn="25" endline="112" loc="112.13 - 112.25"/></node><location begcolumn="13" begline="112" endcolumn="25" endline="112" loc="112.13 - 112.25"/></node><node id="316" label="TypeName" lexeme="int"><location begcolumn="29" begline="112" endcolumn="31" endline="112" loc="112.29 - 112.31"/></node><node id="320" label="ArrExpr"><node id="318" label="SfxExpr" spec="PTR"><node id="317" label="NameExpr" lexeme="ar"><location begcolumn="35" begline="112" endcolumn="36" endline="112" loc="112.35 - 112.36"/></node><location begcolumn="35" begline="112" endcolumn="37" endline="112" loc="112.35 - 112.37"/></node><node id="319" label="AtomExpr" lexeme="1" spec="INTEGER"><location begcolumn="39" begline="112" endcolumn="39" endline="112" loc="112.39 - 112.39"/></node><location begcolumn="35" begline="112" endcolumn="40" endline="112" loc="112.35 - 112.40"/></node><location begcolumn="1" begline="112" endcolumn="40" endline="112" loc="112.1 - 112.40"/></node><node id="328" label="VarDecl" lexeme="record1"><node id="327" label="RecType"><node id="326" label="{Comps}"><node id="325" label="CompDecl" lexeme="i"><node id="322" label="TypeName" lexeme="int"><location begcolumn="19" begline="115" endcolumn="21" endline="115" loc="115.19 - 115.21"/></node><location begcolumn="16" begline="115" endcolumn="21" endline="115" loc="115.16 - 115.21"/></node><node id="324" label="CompDecl" lexeme="j"><node id="323" label="TypeName" lexeme="int"><location begcolumn="27" begline="115" endcolumn="29" endline="115" loc="115.27 - 115.29"/></node><location begcolumn="24" begline="115" endcolumn="29" endline="115" loc="115.24 - 115.29"/></node><location begcolumn="16" begline="115" endcolumn="29" endline="115" loc="115.16 - 115.29"/></node><location begcolumn="15" begline="115" endcolumn="30" endline="115" loc="115.15 - 115.30"/></node><location begcolumn="1" begline="115" endcolumn="30" endline="115" loc="115.1 - 115.30"/></node><node id="334" label="FunDecl" lexeme="recordFuni"><node id="330" label="TypeName" lexeme="int"><location begcolumn="20" begline="116" endcolumn="22" endline="116" loc="116.20 - 116.22"/></node><node id="333" label="RecExpr"><node id="331" label="NameExpr" lexeme="record1"><location begcolumn="26" begline="116" endcolumn="32" endline="116" loc="116.26 - 116.32"/></node><node id="332" label="NameExpr" lexeme="i"><location begcolumn="26" begline="116" endcolumn="34" endline="116" loc="116.26 - 116.34"/></node><location begcolumn="26" begline="116" endcolumn="34" endline="116" loc="116.26 - 116.34"/></node><location begcolumn="1" begline="116" endcolumn="34" endline="116" loc="116.1 - 116.34"/></node><node id="340" label="FunDecl" lexeme="recordFunj"><node id="336" label="TypeName" lexeme="int"><location begcolumn="20" begline="117" endcolumn="22" endline="117" loc="117.20 - 117.22"/></node><node id="339" label="RecExpr"><node id="337" label="NameExpr" lexeme="record1"><location begcolumn="26" begline="117" endcolumn="32" endline="117" loc="117.26 - 117.32"/></node><node id="338" label="NameExpr" lexeme="j"><location begcolumn="26" begline="117" endcolumn="34" endline="117" loc="117.26 - 117.34"/></node><location begcolumn="26" begline="117" endcolumn="34" endline="117" loc="117.26 - 117.34"/></node><location begcolumn="1" begline="117" endcolumn="34" endline="117" loc="117.1 - 117.34"/></node><node id="350" label="FunDecl" lexeme="f2C"><node id="343" label="{Pars}"><node id="342" label="ParDecl" lexeme="i"><node id="341" label="TypeName" lexeme="int"><location begcolumn="12" begline="120" endcolumn="14" endline="120" loc="120.12 - 120.14"/></node><location begcolumn="9" begline="120" endcolumn="14" endline="120" loc="120.9 - 120.14"/></node><location begcolumn="9" begline="120" endcolumn="14" endline="120" loc="120.9 - 120.14"/></node><node id="344" label="AtomType" spec="VOID"><location begcolumn="19" begline="120" endcolumn="22" endline="120" loc="120.19 - 120.22"/></node><node id="349" label="StmtExpr"><node id="348" label="{Stmts}"><node id="347" label="AssignStmt"><node id="345" label="NameExpr" lexeme="a"><location begcolumn="27" begline="120" endcolumn="27" endline="120" loc="120.27 - 120.27"/></node><node id="346" label="NameExpr" lexeme="i"><location begcolumn="30" begline="120" endcolumn="30" endline="120" loc="120.30 - 120.30"/></node><location begcolumn="27" begline="120" endcolumn="30" endline="120" loc="120.27 - 120.30"/></node><location begcolumn="27" begline="120" endcolumn="30" endline="120" loc="120.27 - 120.30"/></node><location begcolumn="26" begline="120" endcolumn="32" endline="120" loc="120.26 - 120.32"/></node><location begcolumn="1" begline="120" endcolumn="32" endline="120" loc="120.1 - 120.32"/></node><node id="356" label="FunDecl" lexeme="f3"><node id="352" label="AtomType" spec="VOID"><location begcolumn="11" begline="121" endcolumn="14" endline="121" loc="121.11 - 121.14"/></node><node id="355" label="CallExpr" lexeme="f2C"><node id="354" label="{CallArgs}"><node id="353" label="AtomExpr" lexeme="3" spec="INTEGER"><location begcolumn="22" begline="121" endcolumn="22" endline="121" loc="121.22 - 121.22"/></node><location begcolumn="22" begline="121" endcolumn="22" endline="121" loc="121.22 - 121.22"/></node><location begcolumn="18" begline="121" endcolumn="23" endline="121" loc="121.18 - 121.23"/></node><location begcolumn="1" begline="121" endcolumn="23" endline="121" loc="121.1 - 121.23"/></node><node id="367" label="FunDecl" lexeme="f4"><node id="358" label="TypeName" lexeme="int"><location begcolumn="11" begline="124" endcolumn="13" endline="124" loc="124.11 - 124.13"/></node><node id="366" label="WhereExpr"><node id="360" label="CallExpr" lexeme="f5"><location begcolumn="17" begline="124" endcolumn="20" endline="124" loc="124.17 - 124.20"/></node><node id="365" label="{Decls}"><node id="364" label="FunDecl" lexeme="f5"><node id="362" label="TypeName" lexeme="int"><location begcolumn="39" begline="124" endcolumn="41" endline="124" loc="124.39 - 124.41"/></node><node id="363" label="AtomExpr" lexeme="4" spec="INTEGER"><location begcolumn="45" begline="124" endcolumn="45" endline="124" loc="124.45 - 124.45"/></node><location begcolumn="29" begline="124" endcolumn="45" endline="124" loc="124.29 - 124.45"/></node><location begcolumn="29" begline="124" endcolumn="45" endline="124" loc="124.29 - 124.45"/></node><location begcolumn="17" begline="124" endcolumn="46" endline="124" loc="124.17 - 124.46"/></node><location begcolumn="1" begline="124" endcolumn="46" endline="124" loc="124.1 - 124.46"/></node><node id="371" label="FunDecl" lexeme="fpod5"><node id="369" label="TypeName" lexeme="int"><location begcolumn="14" begline="126" endcolumn="16" endline="126" loc="126.14 - 126.16"/></node><node id="370" label="AtomExpr" lexeme="5" spec="INTEGER"><location begcolumn="20" begline="126" endcolumn="20" endline="126" loc="126.20 - 126.20"/></node><location begcolumn="1" begline="126" endcolumn="20" endline="126" loc="126.1 - 126.20"/></node><node id="383" label="FunDecl" lexeme="f42"><node id="373" label="TypeName" lexeme="int"><location begcolumn="12" begline="127" endcolumn="14" endline="127" loc="127.12 - 127.14"/></node><node id="382" label="WhereExpr"><node id="375" label="CallExpr" lexeme="f5"><location begcolumn="18" begline="127" endcolumn="21" endline="127" loc="127.18 - 127.21"/></node><node id="381" label="{Decls}"><node id="380" label="FunDecl" lexeme="f5"><node id="377" label="TypeName" lexeme="int"><location begcolumn="40" begline="127" endcolumn="42" endline="127" loc="127.40 - 127.42"/></node><node id="379" label="CallExpr" lexeme="fpod5"><location begcolumn="46" begline="127" endcolumn="52" endline="127" loc="127.46 - 127.52"/></node><location begcolumn="30" begline="127" endcolumn="52" endline="127" loc="127.30 - 127.52"/></node><location begcolumn="30" begline="127" endcolumn="52" endline="127" loc="127.30 - 127.52"/></node><location begcolumn="18" begline="127" endcolumn="53" endline="127" loc="127.18 - 127.53"/></node><location begcolumn="1" begline="127" endcolumn="53" endline="127" loc="127.1 - 127.53"/></node><node id="398" label="FunDecl" lexeme="stmts"><node id="386" label="{Pars}"><node id="385" label="ParDecl" lexeme="i"><node id="384" label="TypeName" lexeme="int"><location begcolumn="13" begline="132" endcolumn="15" endline="132" loc="132.13 - 132.15"/></node><location begcolumn="11" begline="132" endcolumn="15" endline="132" loc="132.11 - 132.15"/></node><location begcolumn="11" begline="132" endcolumn="15" endline="132" loc="132.11 - 132.15"/></node><node id="387" label="AtomType" spec="INTEGER"><location begcolumn="20" begline="132" endcolumn="26" endline="132" loc="132.20 - 132.26"/></node><node id="397" label="StmtExpr"><node id="396" label="{Stmts}"><node id="391" label="ExprStmt"><node id="390" label="BinExpr" spec="ADD"><node id="388" label="AtomExpr" lexeme="1" spec="INTEGER"><location begcolumn="9" begline="133" endcolumn="9" endline="133" loc="133.9 - 133.9"/></node><node id="389" label="AtomExpr" lexeme="1" spec="INTEGER"><location begcolumn="11" begline="133" endcolumn="11" endline="133" loc="133.11 - 133.11"/></node><location begcolumn="9" begline="133" endcolumn="11" endline="133" loc="133.9 - 133.11"/></node><location begcolumn="9" begline="133" endcolumn="11" endline="133" loc="133.9 - 133.11"/></node><node id="395" label="ExprStmt"><node id="394" label="BinExpr" spec="ADD"><node id="392" label="AtomExpr" lexeme="2" spec="INTEGER"><location begcolumn="9" begline="134" endcolumn="9" endline="134" loc="134.9 - 134.9"/></node><node id="393" label="AtomExpr" lexeme="1" spec="INTEGER"><location begcolumn="11" begline="134" endcolumn="11" endline="134" loc="134.11 - 134.11"/></node><location begcolumn="9" begline="134" endcolumn="11" endline="134" loc="134.9 - 134.11"/></node><location begcolumn="9" begline="134" endcolumn="11" endline="134" loc="134.9 - 134.11"/></node><location begcolumn="9" begline="133" endcolumn="11" endline="134" loc="133.9 - 134.11"/></node><location begcolumn="30" begline="132" endcolumn="1" endline="135" loc="132.30 - 135.1"/></node><location begcolumn="1" begline="132" endcolumn="1" endline="135" loc="132.1 - 135.1"/></node><node id="413" label="FunDecl" lexeme="castExpr"><node id="401" label="{Pars}"><node id="400" label="ParDecl" lexeme="i"><node id="399" label="TypeName" lexeme="int"><location begcolumn="16" begline="139" endcolumn="18" endline="139" loc="139.16 - 139.18"/></node><location begcolumn="14" begline="139" endcolumn="18" endline="139" loc="139.14 - 139.18"/></node><location begcolumn="14" begline="139" endcolumn="18" endline="139" loc="139.14 - 139.18"/></node><node id="402" label="AtomType" spec="INTEGER"><location begcolumn="23" begline="139" endcolumn="29" endline="139" loc="139.23 - 139.29"/></node><node id="412" label="StmtExpr"><node id="411" label="{Stmts}"><node id="406" label="ExprStmt"><node id="405" label="CastExpr"><node id="403" label="AtomExpr" lexeme="300" spec="INTEGER"><location begcolumn="10" begline="140" endcolumn="12" endline="140" loc="140.10 - 140.12"/></node><node id="404" label="AtomType" spec="CHAR"><location begcolumn="16" begline="140" endcolumn="19" endline="140" loc="140.16 - 140.19"/></node><location begcolumn="10" begline="140" endcolumn="19" endline="140" loc="140.10 - 140.19"/></node><location begcolumn="10" begline="140" endcolumn="19" endline="140" loc="140.10 - 140.19"/></node><node id="410" label="ExprStmt"><node id="409" label="CastExpr"><node id="407" label="AtomExpr" lexeme="'a'" spec="CHAR"><location begcolumn="10" begline="141" endcolumn="12" endline="141" loc="141.10 - 141.12"/></node><node id="408" label="TypeName" lexeme="int"><location begcolumn="16" begline="141" endcolumn="18" endline="141" loc="141.16 - 141.18"/></node><location begcolumn="10" begline="141" endcolumn="18" endline="141" loc="141.10 - 141.18"/></node><location begcolumn="10" begline="141" endcolumn="18" endline="141" loc="141.10 - 141.18"/></node><location begcolumn="10" begline="140" endcolumn="18" endline="141" loc="140.10 - 141.18"/></node><location begcolumn="33" begline="139" endcolumn="1" endline="142" loc="139.33 - 142.1"/></node><location begcolumn="1" begline="139" endcolumn="1" endline="142" loc="139.1 - 142.1"/></node><node id="426" label="FunDecl" lexeme="eStmt"><node id="418" label="{Pars}"><node id="417" label="ParDecl" lexeme="i"><node id="414" label="TypeName" lexeme="int"><location begcolumn="14" begline="147" endcolumn="16" endline="147" loc="147.14 - 147.16"/></node><location begcolumn="11" begline="147" endcolumn="16" endline="147" loc="147.11 - 147.16"/></node><node id="416" label="ParDecl" lexeme="j"><node id="415" label="TypeName" lexeme="int"><location begcolumn="22" begline="147" endcolumn="24" endline="147" loc="147.22 - 147.24"/></node><location begcolumn="19" begline="147" endcolumn="24" endline="147" loc="147.19 - 147.24"/></node><location begcolumn="11" begline="147" endcolumn="24" endline="147" loc="147.11 - 147.24"/></node><node id="419" label="TypeName" lexeme="int"><location begcolumn="28" begline="147" endcolumn="30" endline="147" loc="147.28 - 147.30"/></node><node id="425" label="StmtExpr"><node id="424" label="{Stmts}"><node id="423" label="ExprStmt"><node id="422" label="BinExpr" spec="ADD"><node id="420" label="NameExpr" lexeme="i"><location begcolumn="9" begline="148" endcolumn="9" endline="148" loc="148.9 - 148.9"/></node><node id="421" label="NameExpr" lexeme="j"><location begcolumn="11" begline="148" endcolumn="11" endline="148" loc="148.11 - 148.11"/></node><location begcolumn="9" begline="148" endcolumn="11" endline="148" loc="148.9 - 148.11"/></node><location begcolumn="9" begline="148" endcolumn="11" endline="148" loc="148.9 - 148.11"/></node><location begcolumn="9" begline="148" endcolumn="11" endline="148" loc="148.9 - 148.11"/></node><location begcolumn="34" begline="147" endcolumn="1" endline="149" loc="147.34 - 149.1"/></node><location begcolumn="1" begline="147" endcolumn="1" endline="149" loc="147.1 - 149.1"/></node><node id="441" label="FunDecl" lexeme="eStmt2"><node id="431" label="{Pars}"><node id="430" label="ParDecl" lexeme="i"><node id="427" label="TypeName" lexeme="int"><location begcolumn="15" begline="151" endcolumn="17" endline="151" loc="151.15 - 151.17"/></node><location begcolumn="12" begline="151" endcolumn="17" endline="151" loc="151.12 - 151.17"/></node><node id="429" label="ParDecl" lexeme="j"><node id="428" label="TypeName" lexeme="int"><location begcolumn="23" begline="151" endcolumn="25" endline="151" loc="151.23 - 151.25"/></node><location begcolumn="20" begline="151" endcolumn="25" endline="151" loc="151.20 - 151.25"/></node><location begcolumn="12" begline="151" endcolumn="25" endline="151" loc="151.12 - 151.25"/></node><node id="432" label="TypeName" lexeme="int"><location begcolumn="29" begline="151" endcolumn="31" endline="151" loc="151.29 - 151.31"/></node><node id="440" label="StmtExpr"><node id="439" label="{Stmts}"><node id="436" label="ExprStmt"><node id="435" label="BinExpr" spec="ADD"><node id="433" label="NameExpr" lexeme="i"><location begcolumn="9" begline="152" endcolumn="9" endline="152" loc="152.9 - 152.9"/></node><node id="434" label="NameExpr" lexeme="j"><location begcolumn="11" begline="152" endcolumn="11" endline="152" loc="152.11 - 152.11"/></node><location begcolumn="9" begline="152" endcolumn="11" endline="152" loc="152.9 - 152.11"/></node><location begcolumn="9" begline="152" endcolumn="11" endline="152" loc="152.9 - 152.11"/></node><node id="438" label="ExprStmt"><node id="437" label="AtomExpr" lexeme="2" spec="INTEGER"><location begcolumn="9" begline="153" endcolumn="9" endline="153" loc="153.9 - 153.9"/></node><location begcolumn="9" begline="153" endcolumn="9" endline="153" loc="153.9 - 153.9"/></node><location begcolumn="9" begline="152" endcolumn="9" endline="153" loc="152.9 - 153.9"/></node><location begcolumn="35" begline="151" endcolumn="1" endline="154" loc="151.35 - 154.1"/></node><location begcolumn="1" begline="151" endcolumn="1" endline="154" loc="151.1 - 154.1"/></node><node id="456" label="FunDecl" lexeme="assignStmt"><node id="446" label="{Pars}"><node id="445" label="ParDecl" lexeme="i"><node id="442" label="TypeName" lexeme="int"><location begcolumn="19" begline="159" endcolumn="21" endline="159" loc="159.19 - 159.21"/></node><location begcolumn="16" begline="159" endcolumn="21" endline="159" loc="159.16 - 159.21"/></node><node id="444" label="ParDecl" lexeme="j"><node id="443" label="TypeName" lexeme="int"><location begcolumn="27" begline="159" endcolumn="29" endline="159" loc="159.27 - 159.29"/></node><location begcolumn="24" begline="159" endcolumn="29" endline="159" loc="159.24 - 159.29"/></node><location begcolumn="16" begline="159" endcolumn="29" endline="159" loc="159.16 - 159.29"/></node><node id="447" label="AtomType" spec="VOID"><location begcolumn="32" begline="159" endcolumn="35" endline="159" loc="159.32 - 159.35"/></node><node id="455" label="StmtExpr"><node id="454" label="{Stmts}"><node id="450" label="AssignStmt"><node id="448" label="NameExpr" lexeme="i"><location begcolumn="9" begline="160" endcolumn="9" endline="160" loc="160.9 - 160.9"/></node><node id="449" label="AtomExpr" lexeme="2" spec="INTEGER"><location begcolumn="13" begline="160" endcolumn="13" endline="160" loc="160.13 - 160.13"/></node><location begcolumn="9" begline="160" endcolumn="13" endline="160" loc="160.9 - 160.13"/></node><node id="453" label="AssignStmt"><node id="451" label="NameExpr" lexeme="j"><location begcolumn="9" begline="161" endcolumn="9" endline="161" loc="161.9 - 161.9"/></node><node id="452" label="AtomExpr" lexeme="3" spec="INTEGER"><location begcolumn="13" begline="161" endcolumn="13" endline="161" loc="161.13 - 161.13"/></node><location begcolumn="9" begline="161" endcolumn="13" endline="161" loc="161.9 - 161.13"/></node><location begcolumn="9" begline="160" endcolumn="13" endline="161" loc="160.9 - 161.13"/></node><location begcolumn="39" begline="159" endcolumn="1" endline="162" loc="159.39 - 162.1"/></node><location begcolumn="1" begline="159" endcolumn="1" endline="162" loc="159.1 - 162.1"/></node><node id="473" label="FunDecl" lexeme="ifThenElse"><node id="461" label="{Pars}"><node id="460" label="ParDecl" lexeme="i"><node id="457" label="TypeName" lexeme="int"><location begcolumn="19" begline="167" endcolumn="21" endline="167" loc="167.19 - 167.21"/></node><location begcolumn="16" begline="167" endcolumn="21" endline="167" loc="167.16 - 167.21"/></node><node id="459" label="ParDecl" lexeme="j"><node id="458" label="TypeName" lexeme="int"><location begcolumn="27" begline="167" endcolumn="29" endline="167" loc="167.27 - 167.29"/></node><location begcolumn="24" begline="167" endcolumn="29" endline="167" loc="167.24 - 167.29"/></node><location begcolumn="16" begline="167" endcolumn="29" endline="167" loc="167.16 - 167.29"/></node><node id="462" label="AtomType" spec="VOID"><location begcolumn="33" begline="167" endcolumn="36" endline="167" loc="167.33 - 167.36"/></node><node id="472" label="StmtExpr"><node id="471" label="{Stmts}"><node id="470" label="IfStmt"><node id="465" label="BinExpr" spec="GTH"><node id="463" label="NameExpr" lexeme="i"><location begcolumn="12" begline="168" endcolumn="12" endline="168" loc="168.12 - 168.12"/></node><node id="464" label="NameExpr" lexeme="j"><location begcolumn="14" begline="168" endcolumn="14" endline="168" loc="168.14 - 168.14"/></node><location begcolumn="12" begline="168" endcolumn="14" endline="168" loc="168.12 - 168.14"/></node><node id="467" label="ExprStmt"><node id="466" label="NameExpr" lexeme="i"><location begcolumn="21" begline="168" endcolumn="21" endline="168" loc="168.21 - 168.21"/></node><location begcolumn="21" begline="168" endcolumn="21" endline="168" loc="168.21 - 168.21"/></node><node id="469" label="ExprStmt"><node id="468" label="NameExpr" lexeme="j"><location begcolumn="28" begline="168" endcolumn="28" endline="168" loc="168.28 - 168.28"/></node><location begcolumn="28" begline="168" endcolumn="28" endline="168" loc="168.28 - 168.28"/></node><location begcolumn="9" begline="168" endcolumn="28" endline="168" loc="168.9 - 168.28"/></node><location begcolumn="9" begline="168" endcolumn="28" endline="168" loc="168.9 - 168.28"/></node><location begcolumn="40" begline="167" endcolumn="1" endline="169" loc="167.40 - 169.1"/></node><location begcolumn="1" begline="167" endcolumn="1" endline="169" loc="167.1 - 169.1"/></node><node id="490" label="FunDecl" lexeme="ifThenElse2"><node id="478" label="{Pars}"><node id="477" label="ParDecl" lexeme="i"><node id="474" label="TypeName" lexeme="int"><location begcolumn="20" begline="171" endcolumn="22" endline="171" loc="171.20 - 171.22"/></node><location begcolumn="17" begline="171" endcolumn="22" endline="171" loc="171.17 - 171.22"/></node><node id="476" label="ParDecl" lexeme="j"><node id="475" label="TypeName" lexeme="int"><location begcolumn="28" begline="171" endcolumn="30" endline="171" loc="171.28 - 171.30"/></node><location begcolumn="25" begline="171" endcolumn="30" endline="171" loc="171.25 - 171.30"/></node><location begcolumn="17" begline="171" endcolumn="30" endline="171" loc="171.17 - 171.30"/></node><node id="479" label="AtomType" spec="VOID"><location begcolumn="34" begline="171" endcolumn="37" endline="171" loc="171.34 - 171.37"/></node><node id="489" label="StmtExpr"><node id="488" label="{Stmts}"><node id="487" label="IfStmt"><node id="482" label="BinExpr" spec="GTH"><node id="480" label="AtomExpr" lexeme="2" spec="INTEGER"><location begcolumn="12" begline="172" endcolumn="12" endline="172" loc="172.12 - 172.12"/></node><node id="481" label="AtomExpr" lexeme="0" spec="INTEGER"><location begcolumn="14" begline="172" endcolumn="14" endline="172" loc="172.14 - 172.14"/></node><location begcolumn="12" begline="172" endcolumn="14" endline="172" loc="172.12 - 172.14"/></node><node id="484" label="ExprStmt"><node id="483" label="AtomExpr" lexeme="2" spec="INTEGER"><location begcolumn="21" begline="172" endcolumn="21" endline="172" loc="172.21 - 172.21"/></node><location begcolumn="21" begline="172" endcolumn="21" endline="172" loc="172.21 - 172.21"/></node><node id="486" label="ExprStmt"><node id="485" label="AtomExpr" lexeme="0" spec="INTEGER"><location begcolumn="28" begline="172" endcolumn="28" endline="172" loc="172.28 - 172.28"/></node><location begcolumn="28" begline="172" endcolumn="28" endline="172" loc="172.28 - 172.28"/></node><location begcolumn="9" begline="172" endcolumn="28" endline="172" loc="172.9 - 172.28"/></node><location begcolumn="9" begline="172" endcolumn="28" endline="172" loc="172.9 - 172.28"/></node><location begcolumn="41" begline="171" endcolumn="1" endline="173" loc="171.41 - 173.1"/></node><location begcolumn="1" begline="171" endcolumn="1" endline="173" loc="171.1 - 173.1"/></node><node id="508" label="FunDecl" lexeme="whileStmt"><node id="495" label="{Pars}"><node id="494" label="ParDecl" lexeme="i"><node id="491" label="TypeName" lexeme="int"><location begcolumn="18" begline="177" endcolumn="20" endline="177" loc="177.18 - 177.20"/></node><location begcolumn="15" begline="177" endcolumn="20" endline="177" loc="177.15 - 177.20"/></node><node id="493" label="ParDecl" lexeme="j"><node id="492" label="TypeName" lexeme="int"><location begcolumn="26" begline="177" endcolumn="28" endline="177" loc="177.26 - 177.28"/></node><location begcolumn="23" begline="177" endcolumn="28" endline="177" loc="177.23 - 177.28"/></node><location begcolumn="15" begline="177" endcolumn="28" endline="177" loc="177.15 - 177.28"/></node><node id="496" label="AtomType" spec="VOID"><location begcolumn="32" begline="177" endcolumn="35" endline="177" loc="177.32 - 177.35"/></node><node id="507" label="StmtExpr"><node id="506" label="{Stmts}"><node id="505" label="WhileStmt"><node id="499" label="BinExpr" spec="GTH"><node id="497" label="NameExpr" lexeme="i"><location begcolumn="15" begline="178" endcolumn="15" endline="178" loc="178.15 - 178.15"/></node><node id="498" label="AtomExpr" lexeme="0" spec="INTEGER"><location begcolumn="19" begline="178" endcolumn="19" endline="178" loc="178.19 - 178.19"/></node><location begcolumn="15" begline="178" endcolumn="19" endline="178" loc="178.15 - 178.19"/></node><node id="504" label="AssignStmt"><node id="500" label="NameExpr" lexeme="i"><location begcolumn="24" begline="178" endcolumn="24" endline="178" loc="178.24 - 178.24"/></node><node id="503" label="BinExpr" spec="SUB"><node id="501" label="NameExpr" lexeme="i"><location begcolumn="26" begline="178" endcolumn="26" endline="178" loc="178.26 - 178.26"/></node><node id="502" label="AtomExpr" lexeme="1" spec="INTEGER"><location begcolumn="28" begline="178" endcolumn="28" endline="178" loc="178.28 - 178.28"/></node><location begcolumn="26" begline="178" endcolumn="28" endline="178" loc="178.26 - 178.28"/></node><location begcolumn="24" begline="178" endcolumn="28" endline="178" loc="178.24 - 178.28"/></node><location begcolumn="9" begline="178" endcolumn="28" endline="178" loc="178.9 - 178.28"/></node><location begcolumn="9" begline="178" endcolumn="28" endline="178" loc="178.9 - 178.28"/></node><location begcolumn="39" begline="177" endcolumn="1" endline="179" loc="177.39 - 179.1"/></node><location begcolumn="1" begline="177" endcolumn="1" endline="179" loc="177.1 - 179.1"/></node><node id="523" label="FunDecl" lexeme="whileStmt2"><node id="513" label="{Pars}"><node id="512" label="ParDecl" lexeme="i"><node id="509" label="TypeName" lexeme="int"><location begcolumn="19" begline="180" endcolumn="21" endline="180" loc="180.19 - 180.21"/></node><location begcolumn="16" begline="180" endcolumn="21" endline="180" loc="180.16 - 180.21"/></node><node id="511" label="ParDecl" lexeme="j"><node id="510" label="TypeName" lexeme="int"><location begcolumn="27" begline="180" endcolumn="29" endline="180" loc="180.27 - 180.29"/></node><location begcolumn="24" begline="180" endcolumn="29" endline="180" loc="180.24 - 180.29"/></node><location begcolumn="16" begline="180" endcolumn="29" endline="180" loc="180.16 - 180.29"/></node><node id="514" label="AtomType" spec="VOID"><location begcolumn="33" begline="180" endcolumn="36" endline="180" loc="180.33 - 180.36"/></node><node id="522" label="StmtExpr"><node id="521" label="{Stmts}"><node id="520" label="WhileStmt"><node id="517" label="BinExpr" spec="GTH"><node id="515" label="AtomExpr" lexeme="1" spec="INTEGER"><location begcolumn="15" begline="181" endcolumn="15" endline="181" loc="181.15 - 181.15"/></node><node id="516" label="AtomExpr" lexeme="0" spec="INTEGER"><location begcolumn="19" begline="181" endcolumn="19" endline="181" loc="181.19 - 181.19"/></node><location begcolumn="15" begline="181" endcolumn="19" endline="181" loc="181.15 - 181.19"/></node><node id="519" label="ExprStmt"><node id="518" label="AtomExpr" lexeme="11" spec="INTEGER"><location begcolumn="24" begline="181" endcolumn="25" endline="181" loc="181.24 - 181.25"/></node><location begcolumn="24" begline="181" endcolumn="25" endline="181" loc="181.24 - 181.25"/></node><location begcolumn="9" begline="181" endcolumn="25" endline="181" loc="181.9 - 181.25"/></node><location begcolumn="9" begline="181" endcolumn="25" endline="181" loc="181.9 - 181.25"/></node><location begcolumn="40" begline="180" endcolumn="1" endline="182" loc="180.40 - 182.1"/></node><location begcolumn="1" begline="180" endcolumn="1" endline="182" loc="180.1 - 182.1"/></node><location begcolumn="1" begline="1" endcolumn="1" endline="182" loc="1.1 - 182.1"/></node></abstr>