<?xml version="1.0" encoding="UTF-8" standalone="no"?><?xml-stylesheet type="text/xsl" href="../lib/xsl/imclin.xsl"?><imclin><datachunk init="" label="_id" size="8"/><datachunk init="" label="_r1" size="16"/><datachunk init="" label="_neki" size="8"/><datachunk init="" label="_arr" size="80"/><datachunk init="" label="_a" size="8"/><datachunk init="" label="_n" size="8"/><datachunk init="" label="_pointer1" size="8"/><datachunk init="" label="_n1" size="8"/><datachunk init="" label="_record1" size="16"/><codechunk entrylabel="L12" exitlabel="L13"><frame FP="T0" RV="T1" argssize="0" depth="0" label="_main" locssize="0" size="16"/><stmt><imc instruction="LABEL(L12)"/></stmt><stmt><imc instruction="MOVE"><imc instruction="TEMP(80)"/><imc instruction="NAME(_r1)"/></imc></stmt><stmt><imc instruction="MOVE"><imc instruction="TEMP(81)"/><imc instruction="CONST(0)"/></imc></stmt><stmt><imc instruction="MOVE"><imc instruction="TEMP(82)"/><imc instruction="MEM"><imc instruction="BINOP(ADD)"><imc instruction="TEMP(80)"/><imc instruction="TEMP(81)"/></imc></imc></imc></stmt><stmt><imc instruction="MOVE"><imc instruction="TEMP(1)"/><imc instruction="TEMP(82)"/></imc></stmt><stmt><imc instruction="JUMP(L13)"/></stmt></codechunk><codechunk entrylabel="L14" exitlabel="L15"><frame FP="T2" RV="T3" argssize="0" depth="0" label="_main22" locssize="0" size="16"/><stmt><imc instruction="LABEL(L14)"/></stmt><stmt><imc instruction="MOVE"><imc instruction="TEMP(83)"/><imc instruction="NAME(_r1)"/></imc></stmt><stmt><imc instruction="MOVE"><imc instruction="TEMP(84)"/><imc instruction="CONST(8)"/></imc></stmt><stmt><imc instruction="MOVE"><imc instruction="TEMP(85)"/><imc instruction="MEM"><imc instruction="BINOP(ADD)"><imc instruction="TEMP(83)"/><imc instruction="TEMP(84)"/></imc></imc></imc></stmt><stmt><imc instruction="MOVE"><imc instruction="TEMP(3)"/><imc instruction="TEMP(85)"/></imc></stmt><stmt><imc instruction="JUMP(L15)"/></stmt></codechunk><codechunk entrylabel="L16" exitlabel="L17"><frame FP="T4" RV="T5" argssize="0" depth="0" label="_main2" locssize="8" size="24"/><stmt><imc instruction="LABEL(L16)"/></stmt><stmt><imc instruction="MOVE"><imc instruction="TEMP(86)"/><imc instruction="TEMP(4)"/></imc></stmt><stmt><imc instruction="MOVE"><imc instruction="TEMP(87)"/><imc instruction="CONST(-8)"/></imc></stmt><stmt><imc instruction="MOVE"><imc instruction="TEMP(88)"/><imc instruction="MEM"><imc instruction="BINOP(ADD)"><imc instruction="TEMP(86)"/><imc instruction="TEMP(87)"/></imc></imc></imc></stmt><stmt><imc instruction="MOVE"><imc instruction="TEMP(5)"/><imc instruction="TEMP(88)"/></imc></stmt><stmt><imc instruction="JUMP(L17)"/></stmt></codechunk><codechunk entrylabel="L18" exitlabel="L19"><frame FP="T6" RV="T7" argssize="0" depth="0" label="_ptr" locssize="0" size="16"/><stmt><imc instruction="LABEL(L18)"/></stmt><stmt><imc instruction="MOVE"><imc instruction="TEMP(89)"/><imc instruction="MEM"><imc instruction="NAME(_neki)"/></imc></imc></stmt><stmt><imc instruction="MOVE"><imc instruction="TEMP(7)"/><imc instruction="TEMP(89)"/></imc></stmt><stmt><imc instruction="JUMP(L19)"/></stmt></codechunk><codechunk entrylabel="L20" exitlabel="L21"><frame FP="T8" RV="T9" argssize="0" depth="0" label="_array" locssize="0" size="16"/><stmt><imc instruction="LABEL(L20)"/></stmt><stmt><imc instruction="MOVE"><imc instruction="TEMP(90)"/><imc instruction="NAME(_arr)"/></imc></stmt><stmt><imc instruction="MOVE"><imc instruction="TEMP(91)"/><imc instruction="CONST(0)"/></imc></stmt><stmt><imc instruction="MOVE"><imc instruction="TEMP(92)"/><imc instruction="CONST(8)"/></imc></stmt><stmt><imc instruction="MOVE"><imc instruction="TEMP(93)"/><imc instruction="BINOP(MUL)"><imc instruction="TEMP(91)"/><imc instruction="TEMP(92)"/></imc></imc></stmt><stmt><imc instruction="MOVE"><imc instruction="TEMP(94)"/><imc instruction="MEM"><imc instruction="BINOP(ADD)"><imc instruction="TEMP(90)"/><imc instruction="TEMP(93)"/></imc></imc></imc></stmt><stmt><imc instruction="MOVE"><imc instruction="TEMP(9)"/><imc instruction="TEMP(94)"/></imc></stmt><stmt><imc instruction="JUMP(L21)"/></stmt></codechunk><codechunk entrylabel="L22" exitlabel="L23"><frame FP="T10" RV="T11" argssize="0" depth="0" label="_aray2" locssize="0" size="16"/><stmt><imc instruction="LABEL(L22)"/></stmt><stmt><imc instruction="MOVE"><imc instruction="TEMP(95)"/><imc instruction="NAME(_arr)"/></imc></stmt><stmt><imc instruction="MOVE"><imc instruction="TEMP(96)"/><imc instruction="CONST(10)"/></imc></stmt><stmt><imc instruction="MOVE"><imc instruction="TEMP(97)"/><imc instruction="CONST(8)"/></imc></stmt><stmt><imc instruction="MOVE"><imc instruction="TEMP(98)"/><imc instruction="BINOP(MUL)"><imc instruction="TEMP(96)"/><imc instruction="TEMP(97)"/></imc></imc></stmt><stmt><imc instruction="MOVE"><imc instruction="TEMP(99)"/><imc instruction="MEM"><imc instruction="BINOP(ADD)"><imc instruction="TEMP(95)"/><imc instruction="TEMP(98)"/></imc></imc></imc></stmt><stmt><imc instruction="MOVE"><imc instruction="TEMP(11)"/><imc instruction="TEMP(99)"/></imc></stmt><stmt><imc instruction="JUMP(L23)"/></stmt></codechunk><codechunk entrylabel="L24" exitlabel="L25"><frame FP="T12" RV="T13" argssize="0" depth="0" label="_f" locssize="0" size="16"/><stmt><imc instruction="LABEL(L24)"/></stmt><stmt><imc instruction="MOVE"><imc instruction="TEMP(100)"/><imc instruction="NAME(_a)"/></imc></stmt><stmt><imc instruction="MOVE"><imc instruction="TEMP(101)"/><imc instruction="TEMP(12)"/></imc></stmt><stmt><imc instruction="MOVE"><imc instruction="TEMP(102)"/><imc instruction="CONST(8)"/></imc></stmt><stmt><imc instruction="MOVE"><imc instruction="TEMP(103)"/><imc instruction="MEM"><imc instruction="BINOP(ADD)"><imc instruction="TEMP(101)"/><imc instruction="TEMP(102)"/></imc></imc></imc></stmt><stmt><imc instruction="MOVE"><imc instruction="MEM"><imc instruction="TEMP(100)"/></imc><imc instruction="TEMP(103)"/></imc></stmt><stmt><imc instruction="MOVE"><imc instruction="TEMP(104)"/><imc instruction="MEM"><imc instruction="NAME(_a)"/></imc></imc></stmt><stmt><imc instruction="MOVE"><imc instruction="TEMP(105)"/><imc instruction="CONST(1)"/></imc></stmt><stmt><imc instruction="MOVE"><imc instruction="TEMP(106)"/><imc instruction="BINOP(ADD)"><imc instruction="TEMP(104)"/><imc instruction="TEMP(105)"/></imc></imc></stmt><stmt><imc instruction="MOVE"><imc instruction="TEMP(13)"/><imc instruction="TEMP(106)"/></imc></stmt><stmt><imc instruction="JUMP(L25)"/></stmt></codechunk><codechunk entrylabel="L26" exitlabel="L27"><frame FP="T14" RV="T15" argssize="0" depth="0" label="_f1" locssize="0" size="16"/><stmt><imc instruction="LABEL(L26)"/></stmt><stmt><imc instruction="MOVE"><imc instruction="TEMP(107)"/><imc instruction="MEM"><imc instruction="NAME(_a)"/></imc></imc></stmt><stmt><imc instruction="MOVE"><imc instruction="TEMP(108)"/><imc instruction="CONST(1)"/></imc></stmt><stmt><imc instruction="MOVE"><imc instruction="TEMP(109)"/><imc instruction="BINOP(ADD)"><imc instruction="TEMP(107)"/><imc instruction="TEMP(108)"/></imc></imc></stmt><stmt><imc instruction="MOVE"><imc instruction="TEMP(15)"/><imc instruction="TEMP(109)"/></imc></stmt><stmt><imc instruction="JUMP(L27)"/></stmt></codechunk><codechunk entrylabel="L28" exitlabel="L29"><frame FP="T16" RV="T17" argssize="0" depth="0" label="_f2" locssize="0" size="16"/><stmt><imc instruction="LABEL(L28)"/></stmt><stmt><imc instruction="MOVE"><imc instruction="TEMP(110)"/><imc instruction="NAME(_a)"/></imc></stmt><stmt><imc instruction="MOVE"><imc instruction="TEMP(111)"/><imc instruction="TEMP(16)"/></imc></stmt><stmt><imc instruction="MOVE"><imc instruction="TEMP(112)"/><imc instruction="CONST(8)"/></imc></stmt><stmt><imc instruction="MOVE"><imc instruction="TEMP(113)"/><imc instruction="MEM"><imc instruction="BINOP(ADD)"><imc instruction="TEMP(111)"/><imc instruction="TEMP(112)"/></imc></imc></imc></stmt><stmt><imc instruction="MOVE"><imc instruction="MEM"><imc instruction="TEMP(110)"/></imc><imc instruction="TEMP(113)"/></imc></stmt><stmt><imc instruction="MOVE"><imc instruction="TEMP(114)"/><imc instruction="CONST(0)"/></imc></stmt><stmt><imc instruction="MOVE"><imc instruction="TEMP(17)"/><imc instruction="TEMP(114)"/></imc></stmt><stmt><imc instruction="JUMP(L29)"/></stmt></codechunk><codechunk entrylabel="L30" exitlabel="L31"><frame FP="T18" RV="T19" argssize="0" depth="0" label="_arr2" locssize="0" size="16"/><stmt><imc instruction="LABEL(L30)"/></stmt><stmt><imc instruction="MOVE"><imc instruction="TEMP(115)"/><imc instruction="TEMP(18)"/></imc></stmt><stmt><imc instruction="MOVE"><imc instruction="TEMP(116)"/><imc instruction="CONST(8)"/></imc></stmt><stmt><imc instruction="MOVE"><imc instruction="TEMP(117)"/><imc instruction="MEM"><imc instruction="BINOP(ADD)"><imc instruction="TEMP(115)"/><imc instruction="TEMP(116)"/></imc></imc></imc></stmt><stmt><imc instruction="MOVE"><imc instruction="TEMP(118)"/><imc instruction="CONST(1)"/></imc></stmt><stmt><imc instruction="MOVE"><imc instruction="TEMP(119)"/><imc instruction="CONST(8)"/></imc></stmt><stmt><imc instruction="MOVE"><imc instruction="TEMP(120)"/><imc instruction="BINOP(MUL)"><imc instruction="TEMP(118)"/><imc instruction="TEMP(119)"/></imc></imc></stmt><stmt><imc instruction="MOVE"><imc instruction="TEMP(121)"/><imc instruction="MEM"><imc instruction="BINOP(ADD)"><imc instruction="TEMP(117)"/><imc instruction="TEMP(120)"/></imc></imc></imc></stmt><stmt><imc instruction="MOVE"><imc instruction="TEMP(19)"/><imc instruction="TEMP(121)"/></imc></stmt><stmt><imc instruction="JUMP(L31)"/></stmt></codechunk><codechunk entrylabel="L32" exitlabel="L33"><frame FP="T20" RV="T21" argssize="0" depth="0" label="_rec" locssize="0" size="16"/><stmt><imc instruction="LABEL(L32)"/></stmt><stmt><imc instruction="MOVE"><imc instruction="TEMP(122)"/><imc instruction="TEMP(20)"/></imc></stmt><stmt><imc instruction="MOVE"><imc instruction="TEMP(123)"/><imc instruction="CONST(8)"/></imc></stmt><stmt><imc instruction="MOVE"><imc instruction="TEMP(124)"/><imc instruction="MEM"><imc instruction="BINOP(ADD)"><imc instruction="TEMP(122)"/><imc instruction="TEMP(123)"/></imc></imc></imc></stmt><stmt><imc instruction="MOVE"><imc instruction="TEMP(125)"/><imc instruction="CONST(8)"/></imc></stmt><stmt><imc instruction="MOVE"><imc instruction="TEMP(126)"/><imc instruction="BINOP(ADD)"><imc instruction="TEMP(124)"/><imc instruction="TEMP(125)"/></imc></imc></stmt><stmt><imc instruction="MOVE"><imc instruction="TEMP(127)"/><imc instruction="CONST(6)"/></imc></stmt><stmt><imc instruction="MOVE"><imc instruction="TEMP(128)"/><imc instruction="CONST(8)"/></imc></stmt><stmt><imc instruction="MOVE"><imc instruction="TEMP(129)"/><imc instruction="BINOP(MUL)"><imc instruction="TEMP(127)"/><imc instruction="TEMP(128)"/></imc></imc></stmt><stmt><imc instruction="MOVE"><imc instruction="TEMP(130)"/><imc instruction="MEM"><imc instruction="BINOP(ADD)"><imc instruction="TEMP(126)"/><imc instruction="TEMP(129)"/></imc></imc></imc></stmt><stmt><imc instruction="MOVE"><imc instruction="TEMP(21)"/><imc instruction="TEMP(130)"/></imc></stmt><stmt><imc instruction="JUMP(L33)"/></stmt></codechunk><codechunk entrylabel="L34" exitlabel="L35"><frame FP="T22" RV="T23" argssize="0" depth="0" label="_delnew" locssize="0" size="16"/><stmt><imc instruction="LABEL(L34)"/></stmt><stmt><imc instruction="ESTMT"><imc instruction="CALL(_del)"><imc instruction="NAME(_n)"/></imc></imc></stmt><stmt><imc instruction="ESTMT"><imc instruction="CALL(_new)"><imc instruction="CONST(4)"/></imc></imc></stmt><stmt><imc instruction="MOVE"><imc instruction="TEMP(131)"/><imc instruction="CONST(4)"/></imc></stmt><stmt><imc instruction="MOVE"><imc instruction="TEMP(23)"/><imc instruction="TEMP(131)"/></imc></stmt><stmt><imc instruction="JUMP(L35)"/></stmt></codechunk><codechunk entrylabel="L36" exitlabel="L37"><frame FP="T24" RV="T25" argssize="0" depth="0" label="_atomExpr" locssize="0" size="16"/><stmt><imc instruction="LABEL(L36)"/></stmt><stmt><imc instruction="ESTMT"><imc instruction="CONST(0)"/></imc></stmt><stmt><imc instruction="ESTMT"><imc instruction="CONST(0)"/></imc></stmt><stmt><imc instruction="ESTMT"><imc instruction="CONST(1)"/></imc></stmt><stmt><imc instruction="ESTMT"><imc instruction="CONST(0)"/></imc></stmt><stmt><imc instruction="ESTMT"><imc instruction="CONST(97)"/></imc></stmt><stmt><imc instruction="ESTMT"><imc instruction="CONST(65)"/></imc></stmt><stmt><imc instruction="MOVE"><imc instruction="TEMP(132)"/><imc instruction="CONST(10)"/></imc></stmt><stmt><imc instruction="MOVE"><imc instruction="TEMP(25)"/><imc instruction="TEMP(132)"/></imc></stmt><stmt><imc instruction="JUMP(L37)"/></stmt></codechunk><codechunk entrylabel="L38" exitlabel="L39"><frame FP="T26" RV="T27" argssize="0" depth="0" label="_pfxExp" locssize="0" size="16"/><stmt><imc instruction="LABEL(L38)"/></stmt><stmt><imc instruction="ESTMT"><imc instruction="UNOP(NOT)"><imc instruction="CONST(1)"/></imc></imc></stmt><stmt><imc instruction="ESTMT"><imc instruction="CONST(45)"/></imc></stmt><stmt><imc instruction="ESTMT"><imc instruction="MEM"><imc instruction="MEM"><imc instruction="NAME(_pointer1)"/></imc></imc></imc></stmt><stmt><imc instruction="MOVE"><imc instruction="TEMP(133)"/><imc instruction="UNOP(NEG)"><imc instruction="CONST(10)"/></imc></imc></stmt><stmt><imc instruction="MOVE"><imc instruction="TEMP(27)"/><imc instruction="TEMP(133)"/></imc></stmt><stmt><imc instruction="JUMP(L39)"/></stmt></codechunk><codechunk entrylabel="L40" exitlabel="L41"><frame FP="T28" RV="T29" argssize="0" depth="0" label="_binExpr" locssize="0" size="16"/><stmt><imc instruction="LABEL(L40)"/></stmt><stmt><imc instruction="MOVE"><imc instruction="TEMP(134)"/><imc instruction="CONST(1)"/></imc></stmt><stmt><imc instruction="MOVE"><imc instruction="TEMP(135)"/><imc instruction="CONST(2)"/></imc></stmt><stmt><imc instruction="ESTMT"><imc instruction="BINOP(ADD)"><imc instruction="TEMP(134)"/><imc instruction="TEMP(135)"/></imc></imc></stmt><stmt><imc instruction="MOVE"><imc instruction="TEMP(136)"/><imc instruction="UNOP(NEG)"><imc instruction="CONST(3)"/></imc></imc></stmt><stmt><imc instruction="MOVE"><imc instruction="TEMP(137)"/><imc instruction="CONST(4)"/></imc></stmt><stmt><imc instruction="ESTMT"><imc instruction="BINOP(SUB)"><imc instruction="TEMP(136)"/><imc instruction="TEMP(137)"/></imc></imc></stmt><stmt><imc instruction="MOVE"><imc instruction="TEMP(138)"/><imc instruction="CONST(66)"/></imc></stmt><stmt><imc instruction="MOVE"><imc instruction="TEMP(139)"/><imc instruction="CONST(6)"/></imc></stmt><stmt><imc instruction="ESTMT"><imc instruction="BINOP(MOD)"><imc instruction="TEMP(138)"/><imc instruction="TEMP(139)"/></imc></imc></stmt><stmt><imc instruction="MOVE"><imc instruction="TEMP(140)"/><imc instruction="CONST(1)"/></imc></stmt><stmt><imc instruction="MOVE"><imc instruction="TEMP(141)"/><imc instruction="CONST(2)"/></imc></stmt><stmt><imc instruction="ESTMT"><imc instruction="BINOP(LTH)"><imc instruction="TEMP(140)"/><imc instruction="TEMP(141)"/></imc></imc></stmt><stmt><imc instruction="MOVE"><imc instruction="TEMP(142)"/><imc instruction="CONST(2)"/></imc></stmt><stmt><imc instruction="MOVE"><imc instruction="TEMP(143)"/><imc instruction="CONST(3)"/></imc></stmt><stmt><imc instruction="ESTMT"><imc instruction="BINOP(GTH)"><imc instruction="TEMP(142)"/><imc instruction="TEMP(143)"/></imc></imc></stmt><stmt><imc instruction="MOVE"><imc instruction="TEMP(144)"/><imc instruction="CONST(1)"/></imc></stmt><stmt><imc instruction="MOVE"><imc instruction="TEMP(145)"/><imc instruction="CONST(4)"/></imc></stmt><stmt><imc instruction="ESTMT"><imc instruction="BINOP(LEQ)"><imc instruction="TEMP(144)"/><imc instruction="TEMP(145)"/></imc></imc></stmt><stmt><imc instruction="MOVE"><imc instruction="TEMP(146)"/><imc instruction="CONST(1)"/></imc></stmt><stmt><imc instruction="MOVE"><imc instruction="TEMP(147)"/><imc instruction="CONST(5)"/></imc></stmt><stmt><imc instruction="ESTMT"><imc instruction="BINOP(GEQ)"><imc instruction="TEMP(146)"/><imc instruction="TEMP(147)"/></imc></imc></stmt><stmt><imc instruction="MOVE"><imc instruction="TEMP(148)"/><imc instruction="CONST(1)"/></imc></stmt><stmt><imc instruction="MOVE"><imc instruction="TEMP(149)"/><imc instruction="CONST(0)"/></imc></stmt><stmt><imc instruction="ESTMT"><imc instruction="BINOP(AND)"><imc instruction="TEMP(148)"/><imc instruction="TEMP(149)"/></imc></imc></stmt><stmt><imc instruction="MOVE"><imc instruction="TEMP(150)"/><imc instruction="CONST(0)"/></imc></stmt><stmt><imc instruction="MOVE"><imc instruction="TEMP(151)"/><imc instruction="CONST(0)"/></imc></stmt><stmt><imc instruction="ESTMT"><imc instruction="BINOP(OR)"><imc instruction="TEMP(150)"/><imc instruction="TEMP(151)"/></imc></imc></stmt><stmt><imc instruction="MOVE"><imc instruction="TEMP(152)"/><imc instruction="CONST(1)"/></imc></stmt><stmt><imc instruction="MOVE"><imc instruction="TEMP(153)"/><imc instruction="CONST(2)"/></imc></stmt><stmt><imc instruction="ESTMT"><imc instruction="BINOP(EQU)"><imc instruction="TEMP(152)"/><imc instruction="TEMP(153)"/></imc></imc></stmt><stmt><imc instruction="MOVE"><imc instruction="TEMP(154)"/><imc instruction="CONST(1)"/></imc></stmt><stmt><imc instruction="MOVE"><imc instruction="TEMP(155)"/><imc instruction="CONST(2)"/></imc></stmt><stmt><imc instruction="ESTMT"><imc instruction="BINOP(NEQ)"><imc instruction="TEMP(154)"/><imc instruction="TEMP(155)"/></imc></imc></stmt><stmt><imc instruction="MOVE"><imc instruction="TEMP(156)"/><imc instruction="CONST(2)"/></imc></stmt><stmt><imc instruction="MOVE"><imc instruction="TEMP(157)"/><imc instruction="CONST(7)"/></imc></stmt><stmt><imc instruction="MOVE"><imc instruction="TEMP(158)"/><imc instruction="BINOP(MUL)"><imc instruction="TEMP(156)"/><imc instruction="TEMP(157)"/></imc></imc></stmt><stmt><imc instruction="MOVE"><imc instruction="TEMP(159)"/><imc instruction="CONST(3)"/></imc></stmt><stmt><imc instruction="ESTMT"><imc instruction="BINOP(MUL)"><imc instruction="TEMP(158)"/><imc instruction="TEMP(159)"/></imc></imc></stmt><stmt><imc instruction="MOVE"><imc instruction="TEMP(160)"/><imc instruction="CONST(4)"/></imc></stmt><stmt><imc instruction="MOVE"><imc instruction="TEMP(161)"/><imc instruction="CONST(2)"/></imc></stmt><stmt><imc instruction="MOVE"><imc instruction="TEMP(162)"/><imc instruction="BINOP(DIV)"><imc instruction="TEMP(160)"/><imc instruction="TEMP(161)"/></imc></imc></stmt><stmt><imc instruction="MOVE"><imc instruction="TEMP(29)"/><imc instruction="TEMP(162)"/></imc></stmt><stmt><imc instruction="JUMP(L41)"/></stmt></codechunk><codechunk entrylabel="L42" exitlabel="L43"><frame FP="T30" RV="T31" argssize="0" depth="0" label="_newdel" locssize="0" size="16"/><stmt><imc instruction="LABEL(L42)"/></stmt><stmt><imc instruction="ESTMT"><imc instruction="CALL(_new)"><imc instruction="CONST(1)"/></imc></imc></stmt><stmt><imc instruction="ESTMT"><imc instruction="CALL(_del)"><imc instruction="MEM"><imc instruction="NAME(_pointer1)"/></imc></imc></imc></stmt><stmt><imc instruction="MOVE"><imc instruction="TEMP(163)"/><imc instruction="CONST(1)"/></imc></stmt><stmt><imc instruction="MOVE"><imc instruction="TEMP(31)"/><imc instruction="TEMP(163)"/></imc></stmt><stmt><imc instruction="JUMP(L43)"/></stmt></codechunk><codechunk entrylabel="L44" exitlabel="L45"><frame FP="T32" RV="T33" argssize="0" depth="0" label="_name" locssize="8" size="24"/><stmt><imc instruction="LABEL(L44)"/></stmt><stmt><imc instruction="ESTMT"><imc instruction="MEM"><imc instruction="NAME(_n1)"/></imc></imc></stmt><stmt><imc instruction="MOVE"><imc instruction="TEMP(164)"/><imc instruction="TEMP(32)"/></imc></stmt><stmt><imc instruction="MOVE"><imc instruction="TEMP(165)"/><imc instruction="CONST(-8)"/></imc></stmt><stmt><imc instruction="MOVE"><imc instruction="TEMP(166)"/><imc instruction="MEM"><imc instruction="BINOP(ADD)"><imc instruction="TEMP(164)"/><imc instruction="TEMP(165)"/></imc></imc></imc></stmt><stmt><imc instruction="MOVE"><imc instruction="TEMP(167)"/><imc instruction="MEM"><imc instruction="NAME(_n1)"/></imc></imc></stmt><stmt><imc instruction="MOVE"><imc instruction="TEMP(168)"/><imc instruction="BINOP(ADD)"><imc instruction="TEMP(166)"/><imc instruction="TEMP(167)"/></imc></imc></stmt><stmt><imc instruction="MOVE"><imc instruction="TEMP(33)"/><imc instruction="TEMP(168)"/></imc></stmt><stmt><imc instruction="JUMP(L45)"/></stmt></codechunk><codechunk entrylabel="L46" exitlabel="L47"><frame FP="T34" RV="T35" argssize="0" depth="1" label="_name3" locssize="0" size="16"/><stmt><imc instruction="LABEL(L46)"/></stmt><stmt><imc instruction="MOVE"><imc instruction="TEMP(169)"/><imc instruction="MEM"><imc instruction="TEMP(34)"/></imc></imc></stmt><stmt><imc instruction="MOVE"><imc instruction="TEMP(170)"/><imc instruction="CONST(-16)"/></imc></stmt><stmt><imc instruction="MOVE"><imc instruction="TEMP(171)"/><imc instruction="MEM"><imc instruction="BINOP(ADD)"><imc instruction="TEMP(169)"/><imc instruction="TEMP(170)"/></imc></imc></imc></stmt><stmt><imc instruction="MOVE"><imc instruction="TEMP(35)"/><imc instruction="TEMP(171)"/></imc></stmt><stmt><imc instruction="JUMP(L47)"/></stmt></codechunk><codechunk entrylabel="L48" exitlabel="L49"><frame FP="T36" RV="T37" argssize="0" depth="0" label="_name2" locssize="16" size="32"/><stmt><imc instruction="LABEL(L48)"/></stmt><stmt><imc instruction="ESTMT"><imc instruction="MEM"><imc instruction="NAME(_n1)"/></imc></imc></stmt><stmt><imc instruction="MOVE"><imc instruction="TEMP(172)"/><imc instruction="TEMP(36)"/></imc></stmt><stmt><imc instruction="MOVE"><imc instruction="TEMP(173)"/><imc instruction="CONST(-8)"/></imc></stmt><stmt><imc instruction="MOVE"><imc instruction="TEMP(174)"/><imc instruction="MEM"><imc instruction="BINOP(ADD)"><imc instruction="TEMP(172)"/><imc instruction="TEMP(173)"/></imc></imc></imc></stmt><stmt><imc instruction="MOVE"><imc instruction="TEMP(175)"/><imc instruction="MEM"><imc instruction="NAME(_n1)"/></imc></imc></stmt><stmt><imc instruction="ESTMT"><imc instruction="BINOP(ADD)"><imc instruction="TEMP(174)"/><imc instruction="TEMP(175)"/></imc></imc></stmt><stmt><imc instruction="MOVE"><imc instruction="TEMP(176)"/><imc instruction="TEMP(36)"/></imc></stmt><stmt><imc instruction="MOVE"><imc instruction="TEMP(177)"/><imc instruction="CALL(_name3)"><imc instruction="TEMP(176)"/></imc></imc></stmt><stmt><imc instruction="MOVE"><imc instruction="TEMP(178)"/><imc instruction="TEMP(177)"/></imc></stmt><stmt><imc instruction="MOVE"><imc instruction="TEMP(37)"/><imc instruction="TEMP(178)"/></imc></stmt><stmt><imc instruction="JUMP(L49)"/></stmt></codechunk><codechunk entrylabel="L50" exitlabel="L51"><frame FP="T38" RV="T39" argssize="0" depth="0" label="_array22" locssize="0" size="16"/><stmt><imc instruction="LABEL(L50)"/></stmt><stmt><imc instruction="MOVE"><imc instruction="TEMP(179)"/><imc instruction="NAME(_arr)"/></imc></stmt><stmt><imc instruction="MOVE"><imc instruction="TEMP(180)"/><imc instruction="CONST(0)"/></imc></stmt><stmt><imc instruction="MOVE"><imc instruction="TEMP(181)"/><imc instruction="CONST(8)"/></imc></stmt><stmt><imc instruction="MOVE"><imc instruction="TEMP(182)"/><imc instruction="BINOP(MUL)"><imc instruction="TEMP(180)"/><imc instruction="TEMP(181)"/></imc></imc></stmt><stmt><imc instruction="MOVE"><imc instruction="TEMP(183)"/><imc instruction="MEM"><imc instruction="BINOP(ADD)"><imc instruction="TEMP(179)"/><imc instruction="TEMP(182)"/></imc></imc></imc></stmt><stmt><imc instruction="MOVE"><imc instruction="TEMP(39)"/><imc instruction="TEMP(183)"/></imc></stmt><stmt><imc instruction="JUMP(L51)"/></stmt></codechunk><codechunk entrylabel="L52" exitlabel="L53"><frame FP="T40" RV="T41" argssize="0" depth="0" label="_aray222" locssize="0" size="16"/><stmt><imc instruction="LABEL(L52)"/></stmt><stmt><imc instruction="MOVE"><imc instruction="TEMP(184)"/><imc instruction="NAME(_arr)"/></imc></stmt><stmt><imc instruction="MOVE"><imc instruction="TEMP(185)"/><imc instruction="CONST(10)"/></imc></stmt><stmt><imc instruction="MOVE"><imc instruction="TEMP(186)"/><imc instruction="CONST(8)"/></imc></stmt><stmt><imc instruction="MOVE"><imc instruction="TEMP(187)"/><imc instruction="BINOP(MUL)"><imc instruction="TEMP(185)"/><imc instruction="TEMP(186)"/></imc></imc></stmt><stmt><imc instruction="MOVE"><imc instruction="TEMP(188)"/><imc instruction="MEM"><imc instruction="BINOP(ADD)"><imc instruction="TEMP(184)"/><imc instruction="TEMP(187)"/></imc></imc></imc></stmt><stmt><imc instruction="MOVE"><imc instruction="TEMP(41)"/><imc instruction="TEMP(188)"/></imc></stmt><stmt><imc instruction="JUMP(L53)"/></stmt></codechunk><codechunk entrylabel="L54" exitlabel="L55"><frame FP="T42" RV="T43" argssize="0" depth="0" label="_arr222" locssize="0" size="16"/><stmt><imc instruction="LABEL(L54)"/></stmt><stmt><imc instruction="MOVE"><imc instruction="TEMP(189)"/><imc instruction="TEMP(42)"/></imc></stmt><stmt><imc instruction="MOVE"><imc instruction="TEMP(190)"/><imc instruction="CONST(8)"/></imc></stmt><stmt><imc instruction="MOVE"><imc instruction="TEMP(191)"/><imc instruction="MEM"><imc instruction="BINOP(ADD)"><imc instruction="TEMP(189)"/><imc instruction="TEMP(190)"/></imc></imc></imc></stmt><stmt><imc instruction="MOVE"><imc instruction="TEMP(192)"/><imc instruction="CONST(1)"/></imc></stmt><stmt><imc instruction="MOVE"><imc instruction="TEMP(193)"/><imc instruction="CONST(8)"/></imc></stmt><stmt><imc instruction="MOVE"><imc instruction="TEMP(194)"/><imc instruction="BINOP(MUL)"><imc instruction="TEMP(192)"/><imc instruction="TEMP(193)"/></imc></imc></stmt><stmt><imc instruction="MOVE"><imc instruction="TEMP(195)"/><imc instruction="MEM"><imc instruction="BINOP(ADD)"><imc instruction="TEMP(191)"/><imc instruction="TEMP(194)"/></imc></imc></imc></stmt><stmt><imc instruction="MOVE"><imc instruction="TEMP(43)"/><imc instruction="TEMP(195)"/></imc></stmt><stmt><imc instruction="JUMP(L55)"/></stmt></codechunk><codechunk entrylabel="L56" exitlabel="L57"><frame FP="T44" RV="T45" argssize="0" depth="0" label="_recordFuni" locssize="0" size="16"/><stmt><imc instruction="LABEL(L56)"/></stmt><stmt><imc instruction="MOVE"><imc instruction="TEMP(196)"/><imc instruction="NAME(_record1)"/></imc></stmt><stmt><imc instruction="MOVE"><imc instruction="TEMP(197)"/><imc instruction="CONST(0)"/></imc></stmt><stmt><imc instruction="MOVE"><imc instruction="TEMP(198)"/><imc instruction="MEM"><imc instruction="BINOP(ADD)"><imc instruction="TEMP(196)"/><imc instruction="TEMP(197)"/></imc></imc></imc></stmt><stmt><imc instruction="MOVE"><imc instruction="TEMP(45)"/><imc instruction="TEMP(198)"/></imc></stmt><stmt><imc instruction="JUMP(L57)"/></stmt></codechunk><codechunk entrylabel="L58" exitlabel="L59"><frame FP="T46" RV="T47" argssize="0" depth="0" label="_recordFunj" locssize="0" size="16"/><stmt><imc instruction="LABEL(L58)"/></stmt><stmt><imc instruction="MOVE"><imc instruction="TEMP(199)"/><imc instruction="NAME(_record1)"/></imc></stmt><stmt><imc instruction="MOVE"><imc instruction="TEMP(200)"/><imc instruction="CONST(8)"/></imc></stmt><stmt><imc instruction="MOVE"><imc instruction="TEMP(201)"/><imc instruction="MEM"><imc instruction="BINOP(ADD)"><imc instruction="TEMP(199)"/><imc instruction="TEMP(200)"/></imc></imc></imc></stmt><stmt><imc instruction="MOVE"><imc instruction="TEMP(47)"/><imc instruction="TEMP(201)"/></imc></stmt><stmt><imc instruction="JUMP(L59)"/></stmt></codechunk><codechunk entrylabel="L60" exitlabel="L61"><frame FP="T48" RV="T49" argssize="0" depth="0" label="_f2C" locssize="0" size="16"/><stmt><imc instruction="LABEL(L60)"/></stmt><stmt><imc instruction="MOVE"><imc instruction="TEMP(202)"/><imc instruction="NAME(_a)"/></imc></stmt><stmt><imc instruction="MOVE"><imc instruction="TEMP(203)"/><imc instruction="TEMP(48)"/></imc></stmt><stmt><imc instruction="MOVE"><imc instruction="TEMP(204)"/><imc instruction="CONST(8)"/></imc></stmt><stmt><imc instruction="MOVE"><imc instruction="TEMP(205)"/><imc instruction="MEM"><imc instruction="BINOP(ADD)"><imc instruction="TEMP(203)"/><imc instruction="TEMP(204)"/></imc></imc></imc></stmt><stmt><imc instruction="MOVE"><imc instruction="MEM"><imc instruction="TEMP(202)"/></imc><imc instruction="TEMP(205)"/></imc></stmt><stmt><imc instruction="MOVE"><imc instruction="TEMP(206)"/><imc instruction="CONST(0)"/></imc></stmt><stmt><imc instruction="MOVE"><imc instruction="TEMP(49)"/><imc instruction="TEMP(206)"/></imc></stmt><stmt><imc instruction="JUMP(L61)"/></stmt></codechunk><codechunk entrylabel="L62" exitlabel="L63"><frame FP="T50" RV="T51" argssize="8" depth="0" label="_f3" locssize="0" size="24"/><stmt><imc instruction="LABEL(L62)"/></stmt><stmt><imc instruction="MOVE"><imc instruction="TEMP(207)"/><imc instruction="MEM"><imc instruction="TEMP(50)"/></imc></imc></stmt><stmt><imc instruction="MOVE"><imc instruction="TEMP(208)"/><imc instruction="CONST(3)"/></imc></stmt><stmt><imc instruction="MOVE"><imc instruction="TEMP(209)"/><imc instruction="CALL(_f2C)"><imc instruction="TEMP(207)"/><imc instruction="TEMP(208)"/></imc></imc></stmt><stmt><imc instruction="MOVE"><imc instruction="TEMP(210)"/><imc instruction="TEMP(209)"/></imc></stmt><stmt><imc instruction="MOVE"><imc instruction="TEMP(51)"/><imc instruction="TEMP(210)"/></imc></stmt><stmt><imc instruction="JUMP(L63)"/></stmt></codechunk><codechunk entrylabel="L64" exitlabel="L65"><frame FP="T52" RV="T53" argssize="0" depth="1" label="_f5" locssize="0" size="16"/><stmt><imc instruction="LABEL(L64)"/></stmt><stmt><imc instruction="MOVE"><imc instruction="TEMP(211)"/><imc instruction="CONST(4)"/></imc></stmt><stmt><imc instruction="MOVE"><imc instruction="TEMP(53)"/><imc instruction="TEMP(211)"/></imc></stmt><stmt><imc instruction="JUMP(L65)"/></stmt></codechunk><codechunk entrylabel="L66" exitlabel="L67"><frame FP="T54" RV="T55" argssize="0" depth="0" label="_f4" locssize="0" size="16"/><stmt><imc instruction="LABEL(L66)"/></stmt><stmt><imc instruction="MOVE"><imc instruction="TEMP(212)"/><imc instruction="TEMP(54)"/></imc></stmt><stmt><imc instruction="MOVE"><imc instruction="TEMP(213)"/><imc instruction="CALL(_f5)"><imc instruction="TEMP(212)"/></imc></imc></stmt><stmt><imc instruction="MOVE"><imc instruction="TEMP(214)"/><imc instruction="TEMP(213)"/></imc></stmt><stmt><imc instruction="MOVE"><imc instruction="TEMP(55)"/><imc instruction="TEMP(214)"/></imc></stmt><stmt><imc instruction="JUMP(L67)"/></stmt></codechunk><codechunk entrylabel="L68" exitlabel="L69"><frame FP="T56" RV="T57" argssize="0" depth="0" label="_fpod5" locssize="0" size="16"/><stmt><imc instruction="LABEL(L68)"/></stmt><stmt><imc instruction="MOVE"><imc instruction="TEMP(215)"/><imc instruction="CONST(5)"/></imc></stmt><stmt><imc instruction="MOVE"><imc instruction="TEMP(57)"/><imc instruction="TEMP(215)"/></imc></stmt><stmt><imc instruction="JUMP(L69)"/></stmt></codechunk><codechunk entrylabel="L70" exitlabel="L71"><frame FP="T58" RV="T59" argssize="0" depth="1" label="_f5" locssize="0" size="16"/><stmt><imc instruction="LABEL(L70)"/></stmt><stmt><imc instruction="MOVE"><imc instruction="TEMP(216)"/><imc instruction="MEM"><imc instruction="MEM"><imc instruction="TEMP(58)"/></imc></imc></imc></stmt><stmt><imc instruction="MOVE"><imc instruction="TEMP(217)"/><imc instruction="CALL(_fpod5)"><imc instruction="TEMP(216)"/></imc></imc></stmt><stmt><imc instruction="MOVE"><imc instruction="TEMP(218)"/><imc instruction="TEMP(217)"/></imc></stmt><stmt><imc instruction="MOVE"><imc instruction="TEMP(59)"/><imc instruction="TEMP(218)"/></imc></stmt><stmt><imc instruction="JUMP(L71)"/></stmt></codechunk><codechunk entrylabel="L72" exitlabel="L73"><frame FP="T60" RV="T61" argssize="0" depth="0" label="_f42" locssize="0" size="16"/><stmt><imc instruction="LABEL(L72)"/></stmt><stmt><imc instruction="MOVE"><imc instruction="TEMP(219)"/><imc instruction="TEMP(60)"/></imc></stmt><stmt><imc instruction="MOVE"><imc instruction="TEMP(220)"/><imc instruction="CALL(_f5)"><imc instruction="TEMP(219)"/></imc></imc></stmt><stmt><imc instruction="MOVE"><imc instruction="TEMP(221)"/><imc instruction="TEMP(220)"/></imc></stmt><stmt><imc instruction="MOVE"><imc instruction="TEMP(61)"/><imc instruction="TEMP(221)"/></imc></stmt><stmt><imc instruction="JUMP(L73)"/></stmt></codechunk><codechunk entrylabel="L74" exitlabel="L75"><frame FP="T62" RV="T63" argssize="0" depth="0" label="_stmts" locssize="0" size="16"/><stmt><imc instruction="LABEL(L74)"/></stmt><stmt><imc instruction="MOVE"><imc instruction="TEMP(222)"/><imc instruction="CONST(1)"/></imc></stmt><stmt><imc instruction="MOVE"><imc instruction="TEMP(223)"/><imc instruction="CONST(1)"/></imc></stmt><stmt><imc instruction="ESTMT"><imc instruction="BINOP(ADD)"><imc instruction="TEMP(222)"/><imc instruction="TEMP(223)"/></imc></imc></stmt><stmt><imc instruction="MOVE"><imc instruction="TEMP(224)"/><imc instruction="CONST(2)"/></imc></stmt><stmt><imc instruction="MOVE"><imc instruction="TEMP(225)"/><imc instruction="CONST(1)"/></imc></stmt><stmt><imc instruction="MOVE"><imc instruction="TEMP(226)"/><imc instruction="BINOP(ADD)"><imc instruction="TEMP(224)"/><imc instruction="TEMP(225)"/></imc></imc></stmt><stmt><imc instruction="MOVE"><imc instruction="TEMP(63)"/><imc instruction="TEMP(226)"/></imc></stmt><stmt><imc instruction="JUMP(L75)"/></stmt></codechunk><codechunk entrylabel="L76" exitlabel="L77"><frame FP="T64" RV="T65" argssize="0" depth="0" label="_castExpr" locssize="0" size="16"/><stmt><imc instruction="LABEL(L76)"/></stmt><stmt><imc instruction="MOVE"><imc instruction="TEMP(227)"/><imc instruction="CONST(300)"/></imc></stmt><stmt><imc instruction="MOVE"><imc instruction="TEMP(228)"/><imc instruction="CONST(256)"/></imc></stmt><stmt><imc instruction="ESTMT"><imc instruction="BINOP(MOD)"><imc instruction="TEMP(227)"/><imc instruction="TEMP(228)"/></imc></imc></stmt><stmt><imc instruction="MOVE"><imc instruction="TEMP(229)"/><imc instruction="CONST(97)"/></imc></stmt><stmt><imc instruction="MOVE"><imc instruction="TEMP(65)"/><imc instruction="TEMP(229)"/></imc></stmt><stmt><imc instruction="JUMP(L77)"/></stmt></codechunk><codechunk entrylabel="L78" exitlabel="L79"><frame FP="T66" RV="T67" argssize="0" depth="0" label="_eStmt" locssize="0" size="16"/><stmt><imc instruction="LABEL(L78)"/></stmt><stmt><imc instruction="MOVE"><imc instruction="TEMP(230)"/><imc instruction="TEMP(66)"/></imc></stmt><stmt><imc instruction="MOVE"><imc instruction="TEMP(231)"/><imc instruction="CONST(8)"/></imc></stmt><stmt><imc instruction="MOVE"><imc instruction="TEMP(232)"/><imc instruction="MEM"><imc instruction="BINOP(ADD)"><imc instruction="TEMP(230)"/><imc instruction="TEMP(231)"/></imc></imc></imc></stmt><stmt><imc instruction="MOVE"><imc instruction="TEMP(233)"/><imc instruction="TEMP(66)"/></imc></stmt><stmt><imc instruction="MOVE"><imc instruction="TEMP(234)"/><imc instruction="CONST(16)"/></imc></stmt><stmt><imc instruction="MOVE"><imc instruction="TEMP(235)"/><imc instruction="MEM"><imc instruction="BINOP(ADD)"><imc instruction="TEMP(233)"/><imc instruction="TEMP(234)"/></imc></imc></imc></stmt><stmt><imc instruction="MOVE"><imc instruction="TEMP(236)"/><imc instruction="BINOP(ADD)"><imc instruction="TEMP(232)"/><imc instruction="TEMP(235)"/></imc></imc></stmt><stmt><imc instruction="MOVE"><imc instruction="TEMP(67)"/><imc instruction="TEMP(236)"/></imc></stmt><stmt><imc instruction="JUMP(L79)"/></stmt></codechunk><codechunk entrylabel="L80" exitlabel="L81"><frame FP="T68" RV="T69" argssize="0" depth="0" label="_eStmt2" locssize="0" size="16"/><stmt><imc instruction="LABEL(L80)"/></stmt><stmt><imc instruction="MOVE"><imc instruction="TEMP(237)"/><imc instruction="TEMP(68)"/></imc></stmt><stmt><imc instruction="MOVE"><imc instruction="TEMP(238)"/><imc instruction="CONST(8)"/></imc></stmt><stmt><imc instruction="MOVE"><imc instruction="TEMP(239)"/><imc instruction="MEM"><imc instruction="BINOP(ADD)"><imc instruction="TEMP(237)"/><imc instruction="TEMP(238)"/></imc></imc></imc></stmt><stmt><imc instruction="MOVE"><imc instruction="TEMP(240)"/><imc instruction="TEMP(68)"/></imc></stmt><stmt><imc instruction="MOVE"><imc instruction="TEMP(241)"/><imc instruction="CONST(16)"/></imc></stmt><stmt><imc instruction="MOVE"><imc instruction="TEMP(242)"/><imc instruction="MEM"><imc instruction="BINOP(ADD)"><imc instruction="TEMP(240)"/><imc instruction="TEMP(241)"/></imc></imc></imc></stmt><stmt><imc instruction="ESTMT"><imc instruction="BINOP(ADD)"><imc instruction="TEMP(239)"/><imc instruction="TEMP(242)"/></imc></imc></stmt><stmt><imc instruction="MOVE"><imc instruction="TEMP(243)"/><imc instruction="CONST(2)"/></imc></stmt><stmt><imc instruction="MOVE"><imc instruction="TEMP(69)"/><imc instruction="TEMP(243)"/></imc></stmt><stmt><imc instruction="JUMP(L81)"/></stmt></codechunk><codechunk entrylabel="L82" exitlabel="L83"><frame FP="T70" RV="T71" argssize="0" depth="0" label="_assignStmt" locssize="0" size="16"/><stmt><imc instruction="LABEL(L82)"/></stmt><stmt><imc instruction="MOVE"><imc instruction="TEMP(244)"/><imc instruction="TEMP(70)"/></imc></stmt><stmt><imc instruction="MOVE"><imc instruction="TEMP(245)"/><imc instruction="CONST(8)"/></imc></stmt><stmt><imc instruction="MOVE"><imc instruction="TEMP(246)"/><imc instruction="BINOP(ADD)"><imc instruction="TEMP(244)"/><imc instruction="TEMP(245)"/></imc></imc></stmt><stmt><imc instruction="MOVE"><imc instruction="TEMP(247)"/><imc instruction="CONST(2)"/></imc></stmt><stmt><imc instruction="MOVE"><imc instruction="MEM"><imc instruction="TEMP(246)"/></imc><imc instruction="TEMP(247)"/></imc></stmt><stmt><imc instruction="MOVE"><imc instruction="TEMP(248)"/><imc instruction="TEMP(70)"/></imc></stmt><stmt><imc instruction="MOVE"><imc instruction="TEMP(249)"/><imc instruction="CONST(16)"/></imc></stmt><stmt><imc instruction="MOVE"><imc instruction="TEMP(250)"/><imc instruction="BINOP(ADD)"><imc instruction="TEMP(248)"/><imc instruction="TEMP(249)"/></imc></imc></stmt><stmt><imc instruction="MOVE"><imc instruction="TEMP(251)"/><imc instruction="CONST(3)"/></imc></stmt><stmt><imc instruction="MOVE"><imc instruction="MEM"><imc instruction="TEMP(250)"/></imc><imc instruction="TEMP(251)"/></imc></stmt><stmt><imc instruction="MOVE"><imc instruction="TEMP(252)"/><imc instruction="CONST(0)"/></imc></stmt><stmt><imc instruction="MOVE"><imc instruction="TEMP(71)"/><imc instruction="TEMP(252)"/></imc></stmt><stmt><imc instruction="JUMP(L83)"/></stmt></codechunk><codechunk entrylabel="L84" exitlabel="L85"><frame FP="T72" RV="T73" argssize="0" depth="0" label="_ifThenElse" locssize="0" size="16"/><stmt><imc instruction="LABEL(L84)"/></stmt><stmt><imc instruction="MOVE"><imc instruction="TEMP(253)"/><imc instruction="TEMP(72)"/></imc></stmt><stmt><imc instruction="MOVE"><imc instruction="TEMP(254)"/><imc instruction="CONST(8)"/></imc></stmt><stmt><imc instruction="MOVE"><imc instruction="TEMP(255)"/><imc instruction="MEM"><imc instruction="BINOP(ADD)"><imc instruction="TEMP(253)"/><imc instruction="TEMP(254)"/></imc></imc></imc></stmt><stmt><imc instruction="MOVE"><imc instruction="TEMP(256)"/><imc instruction="TEMP(72)"/></imc></stmt><stmt><imc instruction="MOVE"><imc instruction="TEMP(257)"/><imc instruction="CONST(16)"/></imc></stmt><stmt><imc instruction="MOVE"><imc instruction="TEMP(258)"/><imc instruction="MEM"><imc instruction="BINOP(ADD)"><imc instruction="TEMP(256)"/><imc instruction="TEMP(257)"/></imc></imc></imc></stmt><stmt><imc instruction="CJUMP(L0,L1)"><imc instruction="BINOP(GTH)"><imc instruction="TEMP(255)"/><imc instruction="TEMP(258)"/></imc></imc></stmt><stmt><imc instruction="LABEL(L0)"/></stmt><stmt><imc instruction="MOVE"><imc instruction="TEMP(259)"/><imc instruction="TEMP(72)"/></imc></stmt><stmt><imc instruction="MOVE"><imc instruction="TEMP(260)"/><imc instruction="CONST(8)"/></imc></stmt><stmt><imc instruction="ESTMT"><imc instruction="MEM"><imc instruction="BINOP(ADD)"><imc instruction="TEMP(259)"/><imc instruction="TEMP(260)"/></imc></imc></imc></stmt><stmt><imc instruction="JUMP(L2)"/></stmt><stmt><imc instruction="LABEL(L1)"/></stmt><stmt><imc instruction="MOVE"><imc instruction="TEMP(261)"/><imc instruction="TEMP(72)"/></imc></stmt><stmt><imc instruction="MOVE"><imc instruction="TEMP(262)"/><imc instruction="CONST(16)"/></imc></stmt><stmt><imc instruction="ESTMT"><imc instruction="MEM"><imc instruction="BINOP(ADD)"><imc instruction="TEMP(261)"/><imc instruction="TEMP(262)"/></imc></imc></imc></stmt><stmt><imc instruction="LABEL(L2)"/></stmt><stmt><imc instruction="MOVE"><imc instruction="TEMP(263)"/><imc instruction="CONST(0)"/></imc></stmt><stmt><imc instruction="MOVE"><imc instruction="TEMP(73)"/><imc instruction="TEMP(263)"/></imc></stmt><stmt><imc instruction="JUMP(L85)"/></stmt></codechunk><codechunk entrylabel="L86" exitlabel="L87"><frame FP="T74" RV="T75" argssize="0" depth="0" label="_ifThenElse2" locssize="0" size="16"/><stmt><imc instruction="LABEL(L86)"/></stmt><stmt><imc instruction="MOVE"><imc instruction="TEMP(264)"/><imc instruction="CONST(2)"/></imc></stmt><stmt><imc instruction="MOVE"><imc instruction="TEMP(265)"/><imc instruction="CONST(0)"/></imc></stmt><stmt><imc instruction="CJUMP(L3,L4)"><imc instruction="BINOP(GTH)"><imc instruction="TEMP(264)"/><imc instruction="TEMP(265)"/></imc></imc></stmt><stmt><imc instruction="LABEL(L3)"/></stmt><stmt><imc instruction="ESTMT"><imc instruction="CONST(2)"/></imc></stmt><stmt><imc instruction="JUMP(L5)"/></stmt><stmt><imc instruction="LABEL(L4)"/></stmt><stmt><imc instruction="ESTMT"><imc instruction="CONST(0)"/></imc></stmt><stmt><imc instruction="LABEL(L5)"/></stmt><stmt><imc instruction="MOVE"><imc instruction="TEMP(266)"/><imc instruction="CONST(0)"/></imc></stmt><stmt><imc instruction="MOVE"><imc instruction="TEMP(75)"/><imc instruction="TEMP(266)"/></imc></stmt><stmt><imc instruction="JUMP(L87)"/></stmt></codechunk><codechunk entrylabel="L88" exitlabel="L89"><frame FP="T76" RV="T77" argssize="0" depth="0" label="_whileStmt" locssize="0" size="16"/><stmt><imc instruction="LABEL(L88)"/></stmt><stmt><imc instruction="LABEL(L6)"/></stmt><stmt><imc instruction="MOVE"><imc instruction="TEMP(267)"/><imc instruction="TEMP(76)"/></imc></stmt><stmt><imc instruction="MOVE"><imc instruction="TEMP(268)"/><imc instruction="CONST(8)"/></imc></stmt><stmt><imc instruction="MOVE"><imc instruction="TEMP(269)"/><imc instruction="MEM"><imc instruction="BINOP(ADD)"><imc instruction="TEMP(267)"/><imc instruction="TEMP(268)"/></imc></imc></imc></stmt><stmt><imc instruction="MOVE"><imc instruction="TEMP(270)"/><imc instruction="CONST(0)"/></imc></stmt><stmt><imc instruction="CJUMP(L7,L8)"><imc instruction="BINOP(GTH)"><imc instruction="TEMP(269)"/><imc instruction="TEMP(270)"/></imc></imc></stmt><stmt><imc instruction="LABEL(L7)"/></stmt><stmt><imc instruction="MOVE"><imc instruction="TEMP(271)"/><imc instruction="TEMP(76)"/></imc></stmt><stmt><imc instruction="MOVE"><imc instruction="TEMP(272)"/><imc instruction="CONST(8)"/></imc></stmt><stmt><imc instruction="MOVE"><imc instruction="TEMP(273)"/><imc instruction="BINOP(ADD)"><imc instruction="TEMP(271)"/><imc instruction="TEMP(272)"/></imc></imc></stmt><stmt><imc instruction="MOVE"><imc instruction="TEMP(274)"/><imc instruction="TEMP(76)"/></imc></stmt><stmt><imc instruction="MOVE"><imc instruction="TEMP(275)"/><imc instruction="CONST(8)"/></imc></stmt><stmt><imc instruction="MOVE"><imc instruction="TEMP(276)"/><imc instruction="MEM"><imc instruction="BINOP(ADD)"><imc instruction="TEMP(274)"/><imc instruction="TEMP(275)"/></imc></imc></imc></stmt><stmt><imc instruction="MOVE"><imc instruction="TEMP(277)"/><imc instruction="CONST(1)"/></imc></stmt><stmt><imc instruction="MOVE"><imc instruction="TEMP(278)"/><imc instruction="BINOP(SUB)"><imc instruction="TEMP(276)"/><imc instruction="TEMP(277)"/></imc></imc></stmt><stmt><imc instruction="MOVE"><imc instruction="MEM"><imc instruction="TEMP(273)"/></imc><imc instruction="TEMP(278)"/></imc></stmt><stmt><imc instruction="JUMP(L6)"/></stmt><stmt><imc instruction="LABEL(L8)"/></stmt><stmt><imc instruction="MOVE"><imc instruction="TEMP(279)"/><imc instruction="CONST(0)"/></imc></stmt><stmt><imc instruction="MOVE"><imc instruction="TEMP(77)"/><imc instruction="TEMP(279)"/></imc></stmt><stmt><imc instruction="JUMP(L89)"/></stmt></codechunk><codechunk entrylabel="L90" exitlabel="L91"><frame FP="T78" RV="T79" argssize="0" depth="0" label="_whileStmt2" locssize="0" size="16"/><stmt><imc instruction="LABEL(L90)"/></stmt><stmt><imc instruction="LABEL(L9)"/></stmt><stmt><imc instruction="MOVE"><imc instruction="TEMP(280)"/><imc instruction="CONST(1)"/></imc></stmt><stmt><imc instruction="MOVE"><imc instruction="TEMP(281)"/><imc instruction="CONST(0)"/></imc></stmt><stmt><imc instruction="CJUMP(L10,L11)"><imc instruction="BINOP(GTH)"><imc instruction="TEMP(280)"/><imc instruction="TEMP(281)"/></imc></imc></stmt><stmt><imc instruction="LABEL(L10)"/></stmt><stmt><imc instruction="ESTMT"><imc instruction="CONST(11)"/></imc></stmt><stmt><imc instruction="JUMP(L9)"/></stmt><stmt><imc instruction="LABEL(L11)"/></stmt><stmt><imc instruction="MOVE"><imc instruction="TEMP(282)"/><imc instruction="CONST(0)"/></imc></stmt><stmt><imc instruction="MOVE"><imc instruction="TEMP(79)"/><imc instruction="TEMP(282)"/></imc></stmt><stmt><imc instruction="JUMP(L91)"/></stmt></codechunk></imclin>