<?xml version="1.0" encoding="UTF-8" standalone="no"?><?xml-stylesheet type="text/xsl" href="../lib/xsl/abstr.xsl"?><abstr><node id="151" label="{Decls}"><node id="11" label="TypeDecl" lexeme="mojStruct1"><node id="10" label="RecType"><node id="9" label="{Comps}"><node id="8" label="CompDecl" lexeme="field1"><node id="0" label="AtomType" spec="CHAR"><location begcolumn="29" begline="5" endcolumn="32" endline="5" loc="5.29 - 5.32"/></node><location begcolumn="20" begline="5" endcolumn="32" endline="5" loc="5.20 - 5.32"/></node><node id="7" label="CompDecl" lexeme="field2"><node id="1" label="AtomType" spec="INTEGER"><location begcolumn="44" begline="5" endcolumn="50" endline="5" loc="5.44 - 5.50"/></node><location begcolumn="35" begline="5" endcolumn="50" endline="5" loc="5.35 - 5.50"/></node><node id="6" label="CompDecl" lexeme="field3"><node id="2" label="AtomType" spec="BOOLEAN"><location begcolumn="62" begline="5" endcolumn="68" endline="5" loc="5.62 - 5.68"/></node><location begcolumn="53" begline="5" endcolumn="68" endline="5" loc="5.53 - 5.68"/></node><node id="5" label="CompDecl" lexeme="mojVoid"><node id="4" label="PtrType"><node id="3" label="AtomType" spec="CHAR"><location begcolumn="81" begline="5" endcolumn="84" endline="5" loc="5.81 - 5.84"/></node><location begcolumn="80" begline="5" endcolumn="84" endline="5" loc="5.80 - 5.84"/></node><location begcolumn="71" begline="5" endcolumn="84" endline="5" loc="5.71 - 5.84"/></node><location begcolumn="20" begline="5" endcolumn="84" endline="5" loc="5.20 - 5.84"/></node><location begcolumn="18" begline="5" endcolumn="86" endline="5" loc="5.18 - 5.86"/></node><location begcolumn="1" begline="5" endcolumn="86" endline="5" loc="5.1 - 5.86"/></node><node id="22" label="TypeDecl" lexeme="mojStruct2"><node id="21" label="RecType"><node id="20" label="{Comps}"><node id="19" label="CompDecl" lexeme="ff1"><node id="12" label="AtomType" spec="CHAR"><location begcolumn="26" begline="6" endcolumn="29" endline="6" loc="6.26 - 6.29"/></node><location begcolumn="20" begline="6" endcolumn="29" endline="6" loc="6.20 - 6.29"/></node><node id="18" label="CompDecl" lexeme="ff2"><node id="13" label="AtomType" spec="INTEGER"><location begcolumn="38" begline="6" endcolumn="44" endline="6" loc="6.38 - 6.44"/></node><location begcolumn="32" begline="6" endcolumn="44" endline="6" loc="6.32 - 6.44"/></node><node id="17" label="CompDecl" lexeme="ff3"><node id="14" label="AtomType" spec="BOOLEAN"><location begcolumn="53" begline="6" endcolumn="59" endline="6" loc="6.53 - 6.59"/></node><location begcolumn="47" begline="6" endcolumn="59" endline="6" loc="6.47 - 6.59"/></node><node id="16" label="CompDecl" lexeme="mojPtr"><node id="15" label="TypeName" lexeme="mojStruct1"><location begcolumn="70" begline="6" endcolumn="79" endline="6" loc="6.70 - 6.79"/></node><location begcolumn="62" begline="6" endcolumn="79" endline="6" loc="6.62 - 6.79"/></node><location begcolumn="20" begline="6" endcolumn="79" endline="6" loc="6.20 - 6.79"/></node><location begcolumn="18" begline="6" endcolumn="81" endline="6" loc="6.18 - 6.81"/></node><location begcolumn="1" begline="6" endcolumn="81" endline="6" loc="6.1 - 6.81"/></node><node id="24" label="VarDecl" lexeme="test"><node id="23" label="AtomType" spec="INTEGER"><location begcolumn="12" begline="10" endcolumn="18" endline="10" loc="10.12 - 10.18"/></node><location begcolumn="1" begline="10" endcolumn="18" endline="10" loc="10.1 - 10.18"/></node><node id="28" label="VarDecl" lexeme="topkek"><node id="27" label="ArrType"><node id="25" label="AtomType" spec="INTEGER"><location begcolumn="14" begline="11" endcolumn="20" endline="11" loc="11.14 - 11.20"/></node><node id="26" label="AtomExpr" lexeme="19" spec="INTEGER"><location begcolumn="22" begline="11" endcolumn="23" endline="11" loc="11.22 - 11.23"/></node><location begcolumn="14" begline="11" endcolumn="24" endline="11" loc="11.14 - 11.24"/></node><location begcolumn="1" begline="11" endcolumn="24" endline="11" loc="11.1 - 11.24"/></node><node id="101" label="FunDecl" lexeme="main"><node id="30" label="AtomType" spec="CHAR"><location begcolumn="13" begline="13" endcolumn="16" endline="13" loc="13.13 - 13.16"/></node><node id="100" label="WhereExpr"><node id="89" label="StmtExpr"><node id="88" label="{Stmts}"><node id="36" label="AssignStmt"><node id="31" label="NameExpr" lexeme="xx"><location begcolumn="3" begline="14" endcolumn="4" endline="14" loc="14.3 - 14.4"/></node><node id="35" label="PfxExpr" spec="PTR"><node id="34" label="ArrExpr"><node id="32" label="NameExpr" lexeme="topkek"><location begcolumn="9" begline="14" endcolumn="14" endline="14" loc="14.9 - 14.14"/></node><node id="33" label="AtomExpr" lexeme="5" spec="INTEGER"><location begcolumn="16" begline="14" endcolumn="16" endline="14" loc="14.16 - 14.16"/></node><location begcolumn="9" begline="14" endcolumn="17" endline="14" loc="14.9 - 14.17"/></node><location begcolumn="8" begline="14" endcolumn="17" endline="14" loc="14.8 - 14.17"/></node><location begcolumn="3" begline="14" endcolumn="17" endline="14" loc="14.3 - 14.17"/></node><node id="40" label="AssignStmt"><node id="38" label="SfxExpr" spec="PTR"><node id="37" label="NameExpr" lexeme="xx"><location begcolumn="3" begline="15" endcolumn="4" endline="15" loc="15.3 - 15.4"/></node><location begcolumn="3" begline="15" endcolumn="5" endline="15" loc="15.3 - 15.5"/></node><node id="39" label="AtomExpr" lexeme="23" spec="INTEGER"><location begcolumn="9" begline="15" endcolumn="10" endline="15" loc="15.9 - 15.10"/></node><location begcolumn="3" begline="15" endcolumn="10" endline="15" loc="15.3 - 15.10"/></node><node id="61" label="AssignStmt"><node id="45" label="RecExpr"><node id="43" label="RecExpr"><node id="41" label="NameExpr" lexeme="hh"><location begcolumn="3" begline="16" endcolumn="4" endline="16" loc="16.3 - 16.4"/></node><node id="42" label="NameExpr" lexeme="mojPtr"><location begcolumn="3" begline="16" endcolumn="11" endline="16" loc="16.3 - 16.11"/></node><location begcolumn="3" begline="16" endcolumn="11" endline="16" loc="16.3 - 16.11"/></node><node id="44" label="NameExpr" lexeme="field2"><location begcolumn="3" begline="16" endcolumn="18" endline="16" loc="16.3 - 16.18"/></node><location begcolumn="3" begline="16" endcolumn="18" endline="16" loc="16.3 - 16.18"/></node><node id="60" label="BinExpr" spec="ADD"><node id="52" label="CallExpr" lexeme="kkkkkk"><node id="51" label="{CallArgs}"><node id="46" label="AtomExpr" lexeme="7" spec="INTEGER"><location begcolumn="29" begline="16" endcolumn="29" endline="16" loc="16.29 - 16.29"/></node><node id="50" label="PfxExpr" spec="PTR"><node id="49" label="ArrExpr"><node id="47" label="NameExpr" lexeme="topkek"><location begcolumn="33" begline="16" endcolumn="38" endline="16" loc="16.33 - 16.38"/></node><node id="48" label="AtomExpr" lexeme="5" spec="INTEGER"><location begcolumn="40" begline="16" endcolumn="40" endline="16" loc="16.40 - 16.40"/></node><location begcolumn="33" begline="16" endcolumn="41" endline="16" loc="16.33 - 16.41"/></node><location begcolumn="32" begline="16" endcolumn="41" endline="16" loc="16.32 - 16.41"/></node><location begcolumn="29" begline="16" endcolumn="41" endline="16" loc="16.29 - 16.41"/></node><location begcolumn="22" begline="16" endcolumn="42" endline="16" loc="16.22 - 16.42"/></node><node id="59" label="CallExpr" lexeme="kkkkkk"><node id="58" label="{CallArgs}"><node id="53" label="AtomExpr" lexeme="10" spec="INTEGER"><location begcolumn="53" begline="16" endcolumn="54" endline="16" loc="16.53 - 16.54"/></node><node id="57" label="PfxExpr" spec="PTR"><node id="56" label="ArrExpr"><node id="54" label="NameExpr" lexeme="topkek"><location begcolumn="58" begline="16" endcolumn="63" endline="16" loc="16.58 - 16.63"/></node><node id="55" label="AtomExpr" lexeme="5" spec="INTEGER"><location begcolumn="65" begline="16" endcolumn="65" endline="16" loc="16.65 - 16.65"/></node><location begcolumn="58" begline="16" endcolumn="66" endline="16" loc="16.58 - 16.66"/></node><location begcolumn="57" begline="16" endcolumn="66" endline="16" loc="16.57 - 16.66"/></node><location begcolumn="53" begline="16" endcolumn="66" endline="16" loc="16.53 - 16.66"/></node><location begcolumn="46" begline="16" endcolumn="67" endline="16" loc="16.46 - 16.67"/></node><location begcolumn="22" begline="16" endcolumn="67" endline="16" loc="16.22 - 16.67"/></node><location begcolumn="3" begline="16" endcolumn="67" endline="16" loc="16.3 - 16.67"/></node><node id="76" label="AssignStmt"><node id="66" label="RecExpr"><node id="64" label="RecExpr"><node id="62" label="NameExpr" lexeme="hh"><location begcolumn="3" begline="17" endcolumn="4" endline="17" loc="17.3 - 17.4"/></node><node id="63" label="NameExpr" lexeme="mojPtr"><location begcolumn="3" begline="17" endcolumn="11" endline="17" loc="17.3 - 17.11"/></node><location begcolumn="3" begline="17" endcolumn="11" endline="17" loc="17.3 - 17.11"/></node><node id="65" label="NameExpr" lexeme="field2"><location begcolumn="3" begline="17" endcolumn="18" endline="17" loc="17.3 - 17.18"/></node><location begcolumn="3" begline="17" endcolumn="18" endline="17" loc="17.3 - 17.18"/></node><node id="75" label="BinExpr" spec="ADD"><node id="73" label="BinExpr" spec="MUL"><node id="71" label="RecExpr"><node id="69" label="RecExpr"><node id="67" label="NameExpr" lexeme="hh"><location begcolumn="22" begline="17" endcolumn="23" endline="17" loc="17.22 - 17.23"/></node><node id="68" label="NameExpr" lexeme="mojPtr"><location begcolumn="22" begline="17" endcolumn="30" endline="17" loc="17.22 - 17.30"/></node><location begcolumn="22" begline="17" endcolumn="30" endline="17" loc="17.22 - 17.30"/></node><node id="70" label="NameExpr" lexeme="field2"><location begcolumn="22" begline="17" endcolumn="37" endline="17" loc="17.22 - 17.37"/></node><location begcolumn="22" begline="17" endcolumn="37" endline="17" loc="17.22 - 17.37"/></node><node id="72" label="AtomExpr" lexeme="20" spec="INTEGER"><location begcolumn="41" begline="17" endcolumn="42" endline="17" loc="17.41 - 17.42"/></node><location begcolumn="22" begline="17" endcolumn="42" endline="17" loc="17.22 - 17.42"/></node><node id="74" label="AtomExpr" lexeme="3" spec="INTEGER"><location begcolumn="46" begline="17" endcolumn="46" endline="17" loc="17.46 - 17.46"/></node><location begcolumn="22" begline="17" endcolumn="46" endline="17" loc="17.22 - 17.46"/></node><location begcolumn="3" begline="17" endcolumn="46" endline="17" loc="17.3 - 17.46"/></node><node id="84" label="ExprStmt"><node id="83" label="CastExpr"><node id="81" label="RecExpr"><node id="79" label="RecExpr"><node id="77" label="NameExpr" lexeme="hh"><location begcolumn="4" begline="18" endcolumn="5" endline="18" loc="18.4 - 18.5"/></node><node id="78" label="NameExpr" lexeme="mojPtr"><location begcolumn="4" begline="18" endcolumn="12" endline="18" loc="18.4 - 18.12"/></node><location begcolumn="4" begline="18" endcolumn="12" endline="18" loc="18.4 - 18.12"/></node><node id="80" label="NameExpr" lexeme="field2"><location begcolumn="4" begline="18" endcolumn="19" endline="18" loc="18.4 - 18.19"/></node><location begcolumn="4" begline="18" endcolumn="19" endline="18" loc="18.4 - 18.19"/></node><node id="82" label="AtomType" spec="CHAR"><location begcolumn="21" begline="18" endcolumn="24" endline="18" loc="18.21 - 18.24"/></node><location begcolumn="4" begline="18" endcolumn="24" endline="18" loc="18.4 - 18.24"/></node><location begcolumn="4" begline="18" endcolumn="24" endline="18" loc="18.4 - 18.24"/></node><node id="87" label="AssignStmt"><node id="85" label="NameExpr" lexeme="ch"><location begcolumn="9" begline="19" endcolumn="10" endline="19" loc="19.9 - 19.10"/></node><node id="86" label="AtomExpr" lexeme="'a'" spec="CHAR"><location begcolumn="14" begline="19" endcolumn="16" endline="19" loc="19.14 - 19.16"/></node><location begcolumn="9" begline="19" endcolumn="16" endline="19" loc="19.9 - 19.16"/></node><location begcolumn="3" begline="14" endcolumn="16" endline="19" loc="14.3 - 19.16"/></node><location begcolumn="20" begline="13" endcolumn="1" endline="20" loc="13.20 - 20.1"/></node><node id="99" label="{Decls}"><node id="91" label="VarDecl" lexeme="yy"><node id="90" label="AtomType" spec="INTEGER"><location begcolumn="12" begline="21" endcolumn="18" endline="21" loc="21.12 - 21.18"/></node><location begcolumn="3" begline="21" endcolumn="18" endline="21" loc="21.3 - 21.18"/></node><node id="94" label="VarDecl" lexeme="xx"><node id="93" label="PtrType"><node id="92" label="AtomType" spec="INTEGER"><location begcolumn="13" begline="22" endcolumn="19" endline="22" loc="22.13 - 22.19"/></node><location begcolumn="12" begline="22" endcolumn="19" endline="22" loc="22.12 - 22.19"/></node><location begcolumn="3" begline="22" endcolumn="19" endline="22" loc="22.3 - 22.19"/></node><node id="96" label="VarDecl" lexeme="ch"><node id="95" label="AtomType" spec="CHAR"><location begcolumn="18" begline="23" endcolumn="21" endline="23" loc="23.18 - 23.21"/></node><location begcolumn="9" begline="23" endcolumn="21" endline="23" loc="23.9 - 23.21"/></node><node id="98" label="VarDecl" lexeme="hh"><node id="97" label="TypeName" lexeme="mojStruct2"><location begcolumn="12" begline="24" endcolumn="21" endline="24" loc="24.12 - 24.21"/></node><location begcolumn="3" begline="24" endcolumn="21" endline="24" loc="24.3 - 24.21"/></node><location begcolumn="3" begline="21" endcolumn="21" endline="24" loc="21.3 - 24.21"/></node><location begcolumn="20" begline="13" endcolumn="1" endline="25" loc="13.20 - 25.1"/></node><location begcolumn="1" begline="13" endcolumn="1" endline="25" loc="13.1 - 25.1"/></node><node id="150" label="FunDecl" lexeme="kkkkkk"><node id="107" label="{Pars}"><node id="106" label="ParDecl" lexeme="cc"><node id="102" label="AtomType" spec="INTEGER"><location begcolumn="16" begline="36" endcolumn="22" endline="36" loc="36.16 - 36.22"/></node><location begcolumn="12" begline="36" endcolumn="22" endline="36" loc="36.12 - 36.22"/></node><node id="105" label="ParDecl" lexeme="ll"><node id="104" label="PtrType"><node id="103" label="AtomType" spec="INTEGER"><location begcolumn="30" begline="36" endcolumn="36" endline="36" loc="36.30 - 36.36"/></node><location begcolumn="29" begline="36" endcolumn="36" endline="36" loc="36.29 - 36.36"/></node><location begcolumn="25" begline="36" endcolumn="36" endline="36" loc="36.25 - 36.36"/></node><location begcolumn="12" begline="36" endcolumn="36" endline="36" loc="36.12 - 36.36"/></node><node id="108" label="AtomType" spec="INTEGER"><location begcolumn="40" begline="36" endcolumn="46" endline="36" loc="36.40 - 36.46"/></node><node id="149" label="WhereExpr"><node id="133" label="StmtExpr"><node id="132" label="{Stmts}"><node id="115" label="AssignStmt"><node id="111" label="RecExpr"><node id="109" label="NameExpr" lexeme="bb"><location begcolumn="3" begline="37" endcolumn="4" endline="37" loc="37.3 - 37.4"/></node><node id="110" label="NameExpr" lexeme="ff1"><location begcolumn="3" begline="37" endcolumn="8" endline="37" loc="37.3 - 37.8"/></node><location begcolumn="3" begline="37" endcolumn="8" endline="37" loc="37.3 - 37.8"/></node><node id="114" label="BinExpr" spec="MOD"><node id="112" label="AtomExpr" lexeme="12" spec="INTEGER"><location begcolumn="12" begline="37" endcolumn="13" endline="37" loc="37.12 - 37.13"/></node><node id="113" label="NameExpr" lexeme="cc"><location begcolumn="17" begline="37" endcolumn="18" endline="37" loc="37.17 - 37.18"/></node><location begcolumn="12" begline="37" endcolumn="18" endline="37" loc="37.12 - 37.18"/></node><location begcolumn="3" begline="37" endcolumn="18" endline="37" loc="37.3 - 37.18"/></node><node id="125" label="AssignStmt"><node id="118" label="RecExpr"><node id="116" label="NameExpr" lexeme="bb"><location begcolumn="3" begline="38" endcolumn="4" endline="38" loc="38.3 - 38.4"/></node><node id="117" label="NameExpr" lexeme="ff1"><location begcolumn="3" begline="38" endcolumn="8" endline="38" loc="38.3 - 38.8"/></node><location begcolumn="3" begline="38" endcolumn="8" endline="38" loc="38.3 - 38.8"/></node><node id="124" label="BinExpr" spec="ADD"><node id="121" label="RecExpr"><node id="119" label="NameExpr" lexeme="bb"><location begcolumn="12" begline="38" endcolumn="13" endline="38" loc="38.12 - 38.13"/></node><node id="120" label="NameExpr" lexeme="ff1"><location begcolumn="12" begline="38" endcolumn="17" endline="38" loc="38.12 - 38.17"/></node><location begcolumn="12" begline="38" endcolumn="17" endline="38" loc="38.12 - 38.17"/></node><node id="123" label="SfxExpr" spec="PTR"><node id="122" label="NameExpr" lexeme="ll"><location begcolumn="21" begline="38" endcolumn="22" endline="38" loc="38.21 - 38.22"/></node><location begcolumn="21" begline="38" endcolumn="23" endline="38" loc="38.21 - 38.23"/></node><location begcolumn="12" begline="38" endcolumn="23" endline="38" loc="38.12 - 38.23"/></node><location begcolumn="3" begline="38" endcolumn="23" endline="38" loc="38.3 - 38.23"/></node><node id="131" label="ExprStmt"><node id="130" label="BinExpr" spec="SUB"><node id="128" label="RecExpr"><node id="126" label="NameExpr" lexeme="bb"><location begcolumn="3" begline="39" endcolumn="4" endline="39" loc="39.3 - 39.4"/></node><node id="127" label="NameExpr" lexeme="ff1"><location begcolumn="3" begline="39" endcolumn="8" endline="39" loc="39.3 - 39.8"/></node><location begcolumn="3" begline="39" endcolumn="8" endline="39" loc="39.3 - 39.8"/></node><node id="129" label="AtomExpr" lexeme="2" spec="INTEGER"><location begcolumn="12" begline="39" endcolumn="12" endline="39" loc="39.12 - 39.12"/></node><location begcolumn="3" begline="39" endcolumn="12" endline="39" loc="39.3 - 39.12"/></node><location begcolumn="3" begline="39" endcolumn="12" endline="39" loc="39.3 - 39.12"/></node><location begcolumn="3" begline="37" endcolumn="12" endline="39" loc="37.3 - 39.12"/></node><location begcolumn="50" begline="36" endcolumn="1" endline="40" loc="36.50 - 40.1"/></node><node id="148" label="{Decls}"><node id="145" label="TypeDecl" lexeme="mojStruct2"><node id="144" label="RecType"><node id="143" label="{Comps}"><node id="142" label="CompDecl" lexeme="ff1"><node id="134" label="AtomType" spec="INTEGER"><location begcolumn="28" begline="41" endcolumn="34" endline="41" loc="41.28 - 41.34"/></node><location begcolumn="22" begline="41" endcolumn="34" endline="41" loc="41.22 - 41.34"/></node><node id="141" label="CompDecl" lexeme="ff2"><node id="135" label="AtomType" spec="BOOLEAN"><location begcolumn="43" begline="41" endcolumn="49" endline="41" loc="41.43 - 41.49"/></node><location begcolumn="37" begline="41" endcolumn="49" endline="41" loc="41.37 - 41.49"/></node><node id="140" label="CompDecl" lexeme="ff3"><node id="136" label="AtomType" spec="BOOLEAN"><location begcolumn="58" begline="41" endcolumn="64" endline="41" loc="41.58 - 41.64"/></node><location begcolumn="52" begline="41" endcolumn="64" endline="41" loc="41.52 - 41.64"/></node><node id="139" label="CompDecl" lexeme="mojPtr"><node id="138" label="PtrType"><node id="137" label="AtomType" spec="VOID"><location begcolumn="76" begline="41" endcolumn="79" endline="41" loc="41.76 - 41.79"/></node><location begcolumn="75" begline="41" endcolumn="79" endline="41" loc="41.75 - 41.79"/></node><location begcolumn="67" begline="41" endcolumn="79" endline="41" loc="41.67 - 41.79"/></node><location begcolumn="22" begline="41" endcolumn="79" endline="41" loc="41.22 - 41.79"/></node><location begcolumn="20" begline="41" endcolumn="81" endline="41" loc="41.20 - 41.81"/></node><location begcolumn="3" begline="41" endcolumn="81" endline="41" loc="41.3 - 41.81"/></node><node id="147" label="VarDecl" lexeme="bb"><node id="146" label="TypeName" lexeme="mojStruct2"><location begcolumn="12" begline="42" endcolumn="21" endline="42" loc="42.12 - 42.21"/></node><location begcolumn="3" begline="42" endcolumn="21" endline="42" loc="42.3 - 42.21"/></node><location begcolumn="3" begline="41" endcolumn="21" endline="42" loc="41.3 - 42.21"/></node><location begcolumn="50" begline="36" endcolumn="1" endline="43" loc="36.50 - 43.1"/></node><location begcolumn="1" begline="36" endcolumn="1" endline="43" loc="36.1 - 43.1"/></node><location begcolumn="1" begline="5" endcolumn="1" endline="43" loc="5.1 - 43.1"/></node></abstr>