<?xml version="1.0" encoding="UTF-8" standalone="no"?><?xml-stylesheet type="text/xsl" href="../lib/xsl/memory.xsl"?><memory><node id="36" label="{Decls}"><node id="35" label="FunDecl" lexeme="main"><node id="1" label="AtomType" spec="INTEGER"><location begcolumn="12" begline="1" endcolumn="18" endline="1" loc="1.12 - 1.18"/><isType><semtype type="INTEGER"/></isType></node><node id="34" label="WhereExpr"><node id="24" label="StmtExpr"><node id="23" label="{Stmts}"><node id="4" label="AssignStmt"><node id="2" label="NameExpr" lexeme="x"><location begcolumn="5" begline="2" endcolumn="5" endline="2" loc="2.5 - 2.5"/><declaredAt idx="26" location="8.5 - 8.19"/><ofType><semtype type="INTEGER"/></ofType><lvalue/></node><node id="3" label="AtomExpr" lexeme="2" spec="INTEGER"><location begcolumn="9" begline="2" endcolumn="9" endline="2" loc="2.9 - 2.9"/><ofType><semtype type="INTEGER"/></ofType></node><location begcolumn="5" begline="2" endcolumn="9" endline="2" loc="2.5 - 2.9"/><ofType><semtype type="VOID"/></ofType></node><node id="7" label="AssignStmt"><node id="5" label="NameExpr" lexeme="a"><location begcolumn="5" begline="3" endcolumn="5" endline="3" loc="3.5 - 3.5"/><declaredAt idx="28" location="9.5 - 9.19"/><ofType><semtype type="INTEGER"/></ofType><lvalue/></node><node id="6" label="AtomExpr" lexeme="1" spec="INTEGER"><location begcolumn="9" begline="3" endcolumn="9" endline="3" loc="3.9 - 3.9"/><ofType><semtype type="INTEGER"/></ofType></node><location begcolumn="5" begline="3" endcolumn="9" endline="3" loc="3.5 - 3.9"/><ofType><semtype type="VOID"/></ofType></node><node id="10" label="AssignStmt"><node id="8" label="NameExpr" lexeme="b"><location begcolumn="5" begline="4" endcolumn="5" endline="4" loc="4.5 - 4.5"/><declaredAt idx="30" location="10.5 - 10.19"/><ofType><semtype type="INTEGER"/></ofType><lvalue/></node><node id="9" label="AtomExpr" lexeme="2" spec="INTEGER"><location begcolumn="9" begline="4" endcolumn="9" endline="4" loc="4.9 - 4.9"/><ofType><semtype type="INTEGER"/></ofType></node><location begcolumn="5" begline="4" endcolumn="9" endline="4" loc="4.5 - 4.9"/><ofType><semtype type="VOID"/></ofType></node><node id="20" label="IfStmt"><node id="13" label="BinExpr" spec="EQU"><node id="11" label="NameExpr" lexeme="x"><location begcolumn="8" begline="5" endcolumn="8" endline="5" loc="5.8 - 5.8"/><declaredAt idx="26" location="8.5 - 8.19"/><ofType><semtype type="INTEGER"/></ofType><lvalue/></node><node id="12" label="AtomExpr" lexeme="2" spec="INTEGER"><location begcolumn="13" begline="5" endcolumn="13" endline="5" loc="5.13 - 5.13"/><ofType><semtype type="INTEGER"/></ofType></node><location begcolumn="8" begline="5" endcolumn="13" endline="5" loc="5.8 - 5.13"/><ofType><semtype type="BOOLEAN"/></ofType></node><node id="16" label="AssignStmt"><node id="14" label="NameExpr" lexeme="c"><location begcolumn="20" begline="5" endcolumn="20" endline="5" loc="5.20 - 5.20"/><declaredAt idx="32" location="11.5 - 11.19"/><ofType><semtype type="INTEGER"/></ofType><lvalue/></node><node id="15" label="NameExpr" lexeme="a"><location begcolumn="22" begline="5" endcolumn="22" endline="5" loc="5.22 - 5.22"/><declaredAt idx="28" location="9.5 - 9.19"/><ofType><semtype type="INTEGER"/></ofType></node><location begcolumn="20" begline="5" endcolumn="22" endline="5" loc="5.20 - 5.22"/><ofType><semtype type="VOID"/></ofType></node><node id="19" label="AssignStmt"><node id="17" label="NameExpr" lexeme="c"><location begcolumn="29" begline="5" endcolumn="29" endline="5" loc="5.29 - 5.29"/><declaredAt idx="32" location="11.5 - 11.19"/><ofType><semtype type="INTEGER"/></ofType><lvalue/></node><node id="18" label="NameExpr" lexeme="b"><location begcolumn="31" begline="5" endcolumn="31" endline="5" loc="5.31 - 5.31"/><declaredAt idx="30" location="10.5 - 10.19"/><ofType><semtype type="INTEGER"/></ofType></node><location begcolumn="29" begline="5" endcolumn="31" endline="5" loc="5.29 - 5.31"/><ofType><semtype type="VOID"/></ofType></node><location begcolumn="5" begline="5" endcolumn="31" endline="5" loc="5.5 - 5.31"/><ofType><semtype type="VOID"/></ofType></node><node id="22" label="ExprStmt"><node id="21" label="NameExpr" lexeme="c"><location begcolumn="5" begline="6" endcolumn="5" endline="6" loc="6.5 - 6.5"/><declaredAt idx="32" location="11.5 - 11.19"/><ofType><semtype type="INTEGER"/></ofType><lvalue/></node><location begcolumn="5" begline="6" endcolumn="5" endline="6" loc="6.5 - 6.5"/><ofType><semtype type="INTEGER"/></ofType></node><location begcolumn="5" begline="2" endcolumn="5" endline="6" loc="2.5 - 6.5"/></node><location begcolumn="22" begline="1" endcolumn="1" endline="7" loc="1.22 - 7.1"/><ofType><semtype type="INTEGER"/></ofType></node><node id="33" label="{Decls}"><node id="26" label="VarDecl" lexeme="x"><node id="25" label="AtomType" spec="INTEGER"><location begcolumn="13" begline="8" endcolumn="19" endline="8" loc="8.13 - 8.19"/><isType><semtype type="INTEGER"/></isType></node><location begcolumn="5" begline="8" endcolumn="19" endline="8" loc="8.5 - 8.19"/><access offset="-8" size="8"/></node><node id="28" label="VarDecl" lexeme="a"><node id="27" label="AtomType" spec="INTEGER"><location begcolumn="13" begline="9" endcolumn="19" endline="9" loc="9.13 - 9.19"/><isType><semtype type="INTEGER"/></isType></node><location begcolumn="5" begline="9" endcolumn="19" endline="9" loc="9.5 - 9.19"/><access offset="-16" size="8"/></node><node id="30" label="VarDecl" lexeme="b"><node id="29" label="AtomType" spec="INTEGER"><location begcolumn="13" begline="10" endcolumn="19" endline="10" loc="10.13 - 10.19"/><isType><semtype type="INTEGER"/></isType></node><location begcolumn="5" begline="10" endcolumn="19" endline="10" loc="10.5 - 10.19"/><access offset="-24" size="8"/></node><node id="32" label="VarDecl" lexeme="c"><node id="31" label="AtomType" spec="INTEGER"><location begcolumn="13" begline="11" endcolumn="19" endline="11" loc="11.13 - 11.19"/><isType><semtype type="INTEGER"/></isType></node><location begcolumn="5" begline="11" endcolumn="19" endline="11" loc="11.5 - 11.19"/><access offset="-32" size="8"/></node><location begcolumn="5" begline="8" endcolumn="19" endline="11" loc="8.5 - 11.19"/></node><location begcolumn="22" begline="1" endcolumn="1" endline="12" loc="1.22 - 12.1"/><ofType><semtype type="INTEGER"/></ofType></node><location begcolumn="1" begline="1" endcolumn="1" endline="12" loc="1.1 - 12.1"/><frame FP="T0" RV="T1" argssize="0" depth="0" label="_main" locssize="32" size="48"/></node><location begcolumn="1" begline="1" endcolumn="1" endline="12" loc="1.1 - 12.1"/></node></memory>