<?xml version="1.0" encoding="UTF-8" standalone="no"?><?xml-stylesheet type="text/xsl" href="../lib/xsl/lexan.xsl"?><lexan><term lexeme="fun" token="KW_FUN"><location begcolumn="1" begline="1" endcolumn="3" endline="1" loc="1.1 - 1.3"/></term><term lexeme="exit" token="IDENTIFIER"><location begcolumn="5" begline="1" endcolumn="8" endline="1" loc="1.5 - 1.8"/></term><term lexeme="(" token="SIM_LPAR"><location begcolumn="9" begline="1" endcolumn="9" endline="1" loc="1.9 - 1.9"/></term><term lexeme=")" token="SIM_RPAR"><location begcolumn="10" begline="1" endcolumn="10" endline="1" loc="1.10 - 1.10"/></term><term lexeme=":" token="SIM_COL"><location begcolumn="11" begline="1" endcolumn="11" endline="1" loc="1.11 - 1.11"/></term><term lexeme="void" token="KW_VOID"><location begcolumn="12" begline="1" endcolumn="15" endline="1" loc="1.12 - 1.15"/></term><term lexeme="=" token="SIM_IS"><location begcolumn="17" begline="1" endcolumn="17" endline="1" loc="1.17 - 1.17"/></term><term lexeme="none" token="CONST_VOID"><location begcolumn="19" begline="1" endcolumn="22" endline="1" loc="1.19 - 1.22"/></term><term lexeme="fun" token="KW_FUN"><location begcolumn="1" begline="2" endcolumn="3" endline="2" loc="2.1 - 2.3"/></term><term lexeme="putChar" token="IDENTIFIER"><location begcolumn="5" begline="2" endcolumn="11" endline="2" loc="2.5 - 2.11"/></term><term lexeme="(" token="SIM_LPAR"><location begcolumn="12" begline="2" endcolumn="12" endline="2" loc="2.12 - 2.12"/></term><term lexeme="c" token="IDENTIFIER"><location begcolumn="13" begline="2" endcolumn="13" endline="2" loc="2.13 - 2.13"/></term><term lexeme=":" token="SIM_COL"><location begcolumn="14" begline="2" endcolumn="14" endline="2" loc="2.14 - 2.14"/></term><term lexeme="char" token="KW_CHAR"><location begcolumn="15" begline="2" endcolumn="18" endline="2" loc="2.15 - 2.18"/></term><term lexeme=")" token="SIM_RPAR"><location begcolumn="19" begline="2" endcolumn="19" endline="2" loc="2.19 - 2.19"/></term><term lexeme=":" token="SIM_COL"><location begcolumn="20" begline="2" endcolumn="20" endline="2" loc="2.20 - 2.20"/></term><term lexeme="void" token="KW_VOID"><location begcolumn="21" begline="2" endcolumn="24" endline="2" loc="2.21 - 2.24"/></term><term lexeme="=" token="SIM_IS"><location begcolumn="26" begline="2" endcolumn="26" endline="2" loc="2.26 - 2.26"/></term><term lexeme="none" token="CONST_VOID"><location begcolumn="28" begline="2" endcolumn="31" endline="2" loc="2.28 - 2.31"/></term><term lexeme="fun" token="KW_FUN"><location begcolumn="1" begline="3" endcolumn="3" endline="3" loc="3.1 - 3.3"/></term><term lexeme="getChar" token="IDENTIFIER"><location begcolumn="5" begline="3" endcolumn="11" endline="3" loc="3.5 - 3.11"/></term><term lexeme="(" token="SIM_LPAR"><location begcolumn="12" begline="3" endcolumn="12" endline="3" loc="3.12 - 3.12"/></term><term lexeme=")" token="SIM_RPAR"><location begcolumn="13" begline="3" endcolumn="13" endline="3" loc="3.13 - 3.13"/></term><term lexeme=":" token="SIM_COL"><location begcolumn="14" begline="3" endcolumn="14" endline="3" loc="3.14 - 3.14"/></term><term lexeme="char" token="KW_CHAR"><location begcolumn="15" begline="3" endcolumn="18" endline="3" loc="3.15 - 3.18"/></term><term lexeme="=" token="SIM_IS"><location begcolumn="20" begline="3" endcolumn="20" endline="3" loc="3.20 - 3.20"/></term><term lexeme="(" token="SIM_LPAR"><location begcolumn="22" begline="3" endcolumn="22" endline="3" loc="3.22 - 3.22"/></term><term lexeme="0" token="CONST_INTEGER"><location begcolumn="23" begline="3" endcolumn="23" endline="3" loc="3.23 - 3.23"/></term><term lexeme=":" token="SIM_COL"><location begcolumn="24" begline="3" endcolumn="24" endline="3" loc="3.24 - 3.24"/></term><term lexeme="char" token="KW_CHAR"><location begcolumn="25" begline="3" endcolumn="28" endline="3" loc="3.25 - 3.28"/></term><term lexeme=")" token="SIM_RPAR"><location begcolumn="29" begline="3" endcolumn="29" endline="3" loc="3.29 - 3.29"/></term><term lexeme="fun" token="KW_FUN"><location begcolumn="1" begline="5" endcolumn="3" endline="5" loc="5.1 - 5.3"/></term><term lexeme="putInteger" token="IDENTIFIER"><location begcolumn="5" begline="5" endcolumn="14" endline="5" loc="5.5 - 5.14"/></term><term lexeme="(" token="SIM_LPAR"><location begcolumn="15" begline="5" endcolumn="15" endline="5" loc="5.15 - 5.15"/></term><term lexeme="i" token="IDENTIFIER"><location begcolumn="16" begline="5" endcolumn="16" endline="5" loc="5.16 - 5.16"/></term><term lexeme=":" token="SIM_COL"><location begcolumn="17" begline="5" endcolumn="17" endline="5" loc="5.17 - 5.17"/></term><term lexeme="integer" token="KW_INTEGER"><location begcolumn="18" begline="5" endcolumn="24" endline="5" loc="5.18 - 5.24"/></term><term lexeme=")" token="SIM_RPAR"><location begcolumn="25" begline="5" endcolumn="25" endline="5" loc="5.25 - 5.25"/></term><term lexeme=":" token="SIM_COL"><location begcolumn="26" begline="5" endcolumn="26" endline="5" loc="5.26 - 5.26"/></term><term lexeme="void" token="KW_VOID"><location begcolumn="27" begline="5" endcolumn="30" endline="5" loc="5.27 - 5.30"/></term><term lexeme="=" token="SIM_IS"><location begcolumn="32" begline="5" endcolumn="32" endline="5" loc="5.32 - 5.32"/></term><term lexeme="{" token="SIM_LSQLBR"><location begcolumn="5" begline="6" endcolumn="5" endline="6" loc="6.5 - 6.5"/></term><term lexeme="if" token="KW_IF"><location begcolumn="7" begline="7" endcolumn="8" endline="7" loc="7.7 - 7.8"/></term><term lexeme="(" token="SIM_LPAR"><location begcolumn="10" begline="7" endcolumn="10" endline="7" loc="7.10 - 7.10"/></term><term lexeme="i" token="IDENTIFIER"><location begcolumn="11" begline="7" endcolumn="11" endline="7" loc="7.11 - 7.11"/></term><term lexeme="&lt;" token="SIM_LT"><location begcolumn="12" begline="7" endcolumn="12" endline="7" loc="7.12 - 7.12"/></term><term lexeme="0" token="CONST_INTEGER"><location begcolumn="13" begline="7" endcolumn="13" endline="7" loc="7.13 - 7.13"/></term><term lexeme=")" token="SIM_RPAR"><location begcolumn="14" begline="7" endcolumn="14" endline="7" loc="7.14 - 7.14"/></term><term lexeme="then" token="KW_THEN"><location begcolumn="16" begline="7" endcolumn="19" endline="7" loc="7.16 - 7.19"/></term><term lexeme="{" token="SIM_LSQLBR"><location begcolumn="21" begline="7" endcolumn="21" endline="7" loc="7.21 - 7.21"/></term><term lexeme="putChar" token="IDENTIFIER"><location begcolumn="23" begline="7" endcolumn="29" endline="7" loc="7.23 - 7.29"/></term><term lexeme="(" token="SIM_LPAR"><location begcolumn="30" begline="7" endcolumn="30" endline="7" loc="7.30 - 7.30"/></term><term lexeme="'-'" token="CONST_CHAR"><location begcolumn="31" begline="7" endcolumn="33" endline="7" loc="7.31 - 7.33"/></term><term lexeme=")" token="SIM_RPAR"><location begcolumn="34" begline="7" endcolumn="34" endline="7" loc="7.34 - 7.34"/></term><term lexeme=";" token="SIM_SCOL"><location begcolumn="35" begline="7" endcolumn="35" endline="7" loc="7.35 - 7.35"/></term><term lexeme="i" token="IDENTIFIER"><location begcolumn="37" begline="7" endcolumn="37" endline="7" loc="7.37 - 7.37"/></term><term lexeme="=" token="SIM_IS"><location begcolumn="38" begline="7" endcolumn="38" endline="7" loc="7.38 - 7.38"/></term><term lexeme="-" token="SIM_MINUS"><location begcolumn="39" begline="7" endcolumn="39" endline="7" loc="7.39 - 7.39"/></term><term lexeme="i" token="IDENTIFIER"><location begcolumn="40" begline="7" endcolumn="40" endline="7" loc="7.40 - 7.40"/></term><term lexeme=";" token="SIM_SCOL"><location begcolumn="41" begline="7" endcolumn="41" endline="7" loc="7.41 - 7.41"/></term><term lexeme="}" token="SIM_RSQLBR"><location begcolumn="43" begline="7" endcolumn="43" endline="7" loc="7.43 - 7.43"/></term><term lexeme="else" token="KW_ELSE"><location begcolumn="45" begline="7" endcolumn="48" endline="7" loc="7.45 - 7.48"/></term><term lexeme="none" token="CONST_VOID"><location begcolumn="50" begline="7" endcolumn="53" endline="7" loc="7.50 - 7.53"/></term><term lexeme=";" token="SIM_SCOL"><location begcolumn="54" begline="7" endcolumn="54" endline="7" loc="7.54 - 7.54"/></term><term lexeme="if" token="KW_IF"><location begcolumn="7" begline="8" endcolumn="8" endline="8" loc="8.7 - 8.8"/></term><term lexeme="(" token="SIM_LPAR"><location begcolumn="10" begline="8" endcolumn="10" endline="8" loc="8.10 - 8.10"/></term><term lexeme="i" token="IDENTIFIER"><location begcolumn="11" begline="8" endcolumn="11" endline="8" loc="8.11 - 8.11"/></term><term lexeme="==" token="SIM_EQU"><location begcolumn="12" begline="8" endcolumn="13" endline="8" loc="8.12 - 8.13"/></term><term lexeme="0" token="CONST_INTEGER"><location begcolumn="14" begline="8" endcolumn="14" endline="8" loc="8.14 - 8.14"/></term><term lexeme=")" token="SIM_RPAR"><location begcolumn="15" begline="8" endcolumn="15" endline="8" loc="8.15 - 8.15"/></term><term lexeme="then" token="KW_THEN"><location begcolumn="17" begline="8" endcolumn="20" endline="8" loc="8.17 - 8.20"/></term><term lexeme="putChar" token="IDENTIFIER"><location begcolumn="22" begline="8" endcolumn="28" endline="8" loc="8.22 - 8.28"/></term><term lexeme="(" token="SIM_LPAR"><location begcolumn="29" begline="8" endcolumn="29" endline="8" loc="8.29 - 8.29"/></term><term lexeme="'0'" token="CONST_CHAR"><location begcolumn="30" begline="8" endcolumn="32" endline="8" loc="8.30 - 8.32"/></term><term lexeme=")" token="SIM_RPAR"><location begcolumn="33" begline="8" endcolumn="33" endline="8" loc="8.33 - 8.33"/></term><term lexeme="else" token="KW_ELSE"><location begcolumn="35" begline="8" endcolumn="38" endline="8" loc="8.35 - 8.38"/></term><term lexeme="put" token="IDENTIFIER"><location begcolumn="40" begline="8" endcolumn="42" endline="8" loc="8.40 - 8.42"/></term><term lexeme="(" token="SIM_LPAR"><location begcolumn="43" begline="8" endcolumn="43" endline="8" loc="8.43 - 8.43"/></term><term lexeme="i" token="IDENTIFIER"><location begcolumn="44" begline="8" endcolumn="44" endline="8" loc="8.44 - 8.44"/></term><term lexeme=")" token="SIM_RPAR"><location begcolumn="45" begline="8" endcolumn="45" endline="8" loc="8.45 - 8.45"/></term><term lexeme=";" token="SIM_SCOL"><location begcolumn="46" begline="8" endcolumn="46" endline="8" loc="8.46 - 8.46"/></term><term lexeme="}" token="SIM_RSQLBR"><location begcolumn="5" begline="9" endcolumn="5" endline="9" loc="9.5 - 9.5"/></term><term lexeme="where" token="KW_WHERE"><location begcolumn="5" begline="10" endcolumn="9" endline="10" loc="10.5 - 10.9"/></term><term lexeme="{" token="SIM_LSQLBR"><location begcolumn="5" begline="11" endcolumn="5" endline="11" loc="11.5 - 11.5"/></term><term lexeme="fun" token="KW_FUN"><location begcolumn="7" begline="12" endcolumn="9" endline="12" loc="12.7 - 12.9"/></term><term lexeme="put" token="IDENTIFIER"><location begcolumn="11" begline="12" endcolumn="13" endline="12" loc="12.11 - 12.13"/></term><term lexeme="(" token="SIM_LPAR"><location begcolumn="14" begline="12" endcolumn="14" endline="12" loc="12.14 - 12.14"/></term><term lexeme="i" token="IDENTIFIER"><location begcolumn="15" begline="12" endcolumn="15" endline="12" loc="12.15 - 12.15"/></term><term lexeme=":" token="SIM_COL"><location begcolumn="16" begline="12" endcolumn="16" endline="12" loc="12.16 - 12.16"/></term><term lexeme="integer" token="KW_INTEGER"><location begcolumn="17" begline="12" endcolumn="23" endline="12" loc="12.17 - 12.23"/></term><term lexeme=")" token="SIM_RPAR"><location begcolumn="24" begline="12" endcolumn="24" endline="12" loc="12.24 - 12.24"/></term><term lexeme=":" token="SIM_COL"><location begcolumn="25" begline="12" endcolumn="25" endline="12" loc="12.25 - 12.25"/></term><term lexeme="void" token="KW_VOID"><location begcolumn="26" begline="12" endcolumn="29" endline="12" loc="12.26 - 12.29"/></term><term lexeme="=" token="SIM_IS"><location begcolumn="31" begline="12" endcolumn="31" endline="12" loc="12.31 - 12.31"/></term><term lexeme="{" token="SIM_LSQLBR"><location begcolumn="11" begline="13" endcolumn="11" endline="13" loc="13.11 - 13.11"/></term><term lexeme="if" token="KW_IF"><location begcolumn="13" begline="14" endcolumn="14" endline="14" loc="14.13 - 14.14"/></term><term lexeme="(" token="SIM_LPAR"><location begcolumn="16" begline="14" endcolumn="16" endline="14" loc="14.16 - 14.16"/></term><term lexeme="i" token="IDENTIFIER"><location begcolumn="17" begline="14" endcolumn="17" endline="14" loc="14.17 - 14.17"/></term><term lexeme="==" token="SIM_EQU"><location begcolumn="18" begline="14" endcolumn="19" endline="14" loc="14.18 - 14.19"/></term><term lexeme="0" token="CONST_INTEGER"><location begcolumn="20" begline="14" endcolumn="20" endline="14" loc="14.20 - 14.20"/></term><term lexeme=")" token="SIM_RPAR"><location begcolumn="21" begline="14" endcolumn="21" endline="14" loc="14.21 - 14.21"/></term><term lexeme="then" token="KW_THEN"><location begcolumn="23" begline="14" endcolumn="26" endline="14" loc="14.23 - 14.26"/></term><term lexeme="none" token="CONST_VOID"><location begcolumn="28" begline="14" endcolumn="31" endline="14" loc="14.28 - 14.31"/></term><term lexeme="else" token="KW_ELSE"><location begcolumn="33" begline="14" endcolumn="36" endline="14" loc="14.33 - 14.36"/></term><term lexeme="{" token="SIM_LSQLBR"><location begcolumn="38" begline="14" endcolumn="38" endline="14" loc="14.38 - 14.38"/></term><term lexeme="put" token="IDENTIFIER"><location begcolumn="15" begline="15" endcolumn="17" endline="15" loc="15.15 - 15.17"/></term><term lexeme="(" token="SIM_LPAR"><location begcolumn="18" begline="15" endcolumn="18" endline="15" loc="15.18 - 15.18"/></term><term lexeme="i" token="IDENTIFIER"><location begcolumn="19" begline="15" endcolumn="19" endline="15" loc="15.19 - 15.19"/></term><term lexeme="/" token="SIM_SLH"><location begcolumn="20" begline="15" endcolumn="20" endline="15" loc="15.20 - 15.20"/></term><term lexeme="10" token="CONST_INTEGER"><location begcolumn="21" begline="15" endcolumn="22" endline="15" loc="15.21 - 15.22"/></term><term lexeme=")" token="SIM_RPAR"><location begcolumn="23" begline="15" endcolumn="23" endline="15" loc="15.23 - 15.23"/></term><term lexeme=";" token="SIM_SCOL"><location begcolumn="24" begline="15" endcolumn="24" endline="15" loc="15.24 - 15.24"/></term><term lexeme="putChar" token="IDENTIFIER"><location begcolumn="15" begline="16" endcolumn="21" endline="16" loc="16.15 - 16.21"/></term><term lexeme="(" token="SIM_LPAR"><location begcolumn="22" begline="16" endcolumn="22" endline="16" loc="16.22 - 16.22"/></term><term lexeme="(" token="SIM_LPAR"><location begcolumn="23" begline="16" endcolumn="23" endline="16" loc="16.23 - 16.23"/></term><term lexeme="(" token="SIM_LPAR"><location begcolumn="24" begline="16" endcolumn="24" endline="16" loc="16.24 - 16.24"/></term><term lexeme="i" token="IDENTIFIER"><location begcolumn="25" begline="16" endcolumn="25" endline="16" loc="16.25 - 16.25"/></term><term lexeme="%" token="SIM_PRCNT"><location begcolumn="26" begline="16" endcolumn="26" endline="16" loc="16.26 - 16.26"/></term><term lexeme="10" token="CONST_INTEGER"><location begcolumn="27" begline="16" endcolumn="28" endline="16" loc="16.27 - 16.28"/></term><term lexeme="+" token="SIM_PLUS"><location begcolumn="29" begline="16" endcolumn="29" endline="16" loc="16.29 - 16.29"/></term><term lexeme="(" token="SIM_LPAR"><location begcolumn="30" begline="16" endcolumn="30" endline="16" loc="16.30 - 16.30"/></term><term lexeme="'0'" token="CONST_CHAR"><location begcolumn="31" begline="16" endcolumn="33" endline="16" loc="16.31 - 16.33"/></term><term lexeme=":" token="SIM_COL"><location begcolumn="34" begline="16" endcolumn="34" endline="16" loc="16.34 - 16.34"/></term><term lexeme="integer" token="KW_INTEGER"><location begcolumn="35" begline="16" endcolumn="41" endline="16" loc="16.35 - 16.41"/></term><term lexeme=")" token="SIM_RPAR"><location begcolumn="42" begline="16" endcolumn="42" endline="16" loc="16.42 - 16.42"/></term><term lexeme=")" token="SIM_RPAR"><location begcolumn="43" begline="16" endcolumn="43" endline="16" loc="16.43 - 16.43"/></term><term lexeme=":" token="SIM_COL"><location begcolumn="44" begline="16" endcolumn="44" endline="16" loc="16.44 - 16.44"/></term><term lexeme="char" token="KW_CHAR"><location begcolumn="45" begline="16" endcolumn="48" endline="16" loc="16.45 - 16.48"/></term><term lexeme=")" token="SIM_RPAR"><location begcolumn="49" begline="16" endcolumn="49" endline="16" loc="16.49 - 16.49"/></term><term lexeme=")" token="SIM_RPAR"><location begcolumn="50" begline="16" endcolumn="50" endline="16" loc="16.50 - 16.50"/></term><term lexeme=";" token="SIM_SCOL"><location begcolumn="51" begline="16" endcolumn="51" endline="16" loc="16.51 - 16.51"/></term><term lexeme="}" token="SIM_RSQLBR"><location begcolumn="13" begline="17" endcolumn="13" endline="17" loc="17.13 - 17.13"/></term><term lexeme=";" token="SIM_SCOL"><location begcolumn="14" begline="17" endcolumn="14" endline="17" loc="17.14 - 17.14"/></term><term lexeme="}" token="SIM_RSQLBR"><location begcolumn="11" begline="18" endcolumn="11" endline="18" loc="18.11 - 18.11"/></term><term lexeme="}" token="SIM_RSQLBR"><location begcolumn="5" begline="19" endcolumn="5" endline="19" loc="19.5 - 19.5"/></term><term lexeme="fun" token="KW_FUN"><location begcolumn="1" begline="21" endcolumn="3" endline="21" loc="21.1 - 21.3"/></term><term lexeme="getInteger" token="IDENTIFIER"><location begcolumn="5" begline="21" endcolumn="14" endline="21" loc="21.5 - 21.14"/></term><term lexeme="(" token="SIM_LPAR"><location begcolumn="15" begline="21" endcolumn="15" endline="21" loc="21.15 - 21.15"/></term><term lexeme=")" token="SIM_RPAR"><location begcolumn="16" begline="21" endcolumn="16" endline="21" loc="21.16 - 21.16"/></term><term lexeme=":" token="SIM_COL"><location begcolumn="17" begline="21" endcolumn="17" endline="21" loc="21.17 - 21.17"/></term><term lexeme="integer" token="KW_INTEGER"><location begcolumn="18" begline="21" endcolumn="24" endline="21" loc="21.18 - 21.24"/></term><term lexeme="=" token="SIM_IS"><location begcolumn="26" begline="21" endcolumn="26" endline="21" loc="21.26 - 21.26"/></term><term lexeme="{" token="SIM_LSQLBR"><location begcolumn="5" begline="22" endcolumn="5" endline="22" loc="22.5 - 22.5"/></term><term lexeme="sign" token="IDENTIFIER"><location begcolumn="7" begline="23" endcolumn="10" endline="23" loc="23.7 - 23.10"/></term><term lexeme="=" token="SIM_IS"><location begcolumn="11" begline="23" endcolumn="11" endline="23" loc="23.11 - 23.11"/></term><term lexeme="1" token="CONST_INTEGER"><location begcolumn="12" begline="23" endcolumn="12" endline="23" loc="23.12 - 23.12"/></term><term lexeme=";" token="SIM_SCOL"><location begcolumn="13" begline="23" endcolumn="13" endline="23" loc="23.13 - 23.13"/></term><term lexeme="val" token="IDENTIFIER"><location begcolumn="7" begline="24" endcolumn="9" endline="24" loc="24.7 - 24.9"/></term><term lexeme="=" token="SIM_IS"><location begcolumn="10" begline="24" endcolumn="10" endline="24" loc="24.10 - 24.10"/></term><term lexeme="0" token="CONST_INTEGER"><location begcolumn="11" begline="24" endcolumn="11" endline="24" loc="24.11 - 24.11"/></term><term lexeme=";" token="SIM_SCOL"><location begcolumn="12" begline="24" endcolumn="12" endline="24" loc="24.12 - 24.12"/></term><term lexeme="c" token="IDENTIFIER"><location begcolumn="7" begline="25" endcolumn="7" endline="25" loc="25.7 - 25.7"/></term><term lexeme="=" token="SIM_IS"><location begcolumn="9" begline="25" endcolumn="9" endline="25" loc="25.9 - 25.9"/></term><term lexeme="getChar" token="IDENTIFIER"><location begcolumn="11" begline="25" endcolumn="17" endline="25" loc="25.11 - 25.17"/></term><term lexeme="(" token="SIM_LPAR"><location begcolumn="18" begline="25" endcolumn="18" endline="25" loc="25.18 - 25.18"/></term><term lexeme=")" token="SIM_RPAR"><location begcolumn="19" begline="25" endcolumn="19" endline="25" loc="25.19 - 25.19"/></term><term lexeme=";" token="SIM_SCOL"><location begcolumn="20" begline="25" endcolumn="20" endline="25" loc="25.20 - 25.20"/></term><term lexeme="if" token="KW_IF"><location begcolumn="7" begline="26" endcolumn="8" endline="26" loc="26.7 - 26.8"/></term><term lexeme="(" token="SIM_LPAR"><location begcolumn="10" begline="26" endcolumn="10" endline="26" loc="26.10 - 26.10"/></term><term lexeme="c" token="IDENTIFIER"><location begcolumn="11" begline="26" endcolumn="11" endline="26" loc="26.11 - 26.11"/></term><term lexeme="==" token="SIM_EQU"><location begcolumn="12" begline="26" endcolumn="13" endline="26" loc="26.12 - 26.13"/></term><term lexeme="'+'" token="CONST_CHAR"><location begcolumn="14" begline="26" endcolumn="16" endline="26" loc="26.14 - 26.16"/></term><term lexeme=")" token="SIM_RPAR"><location begcolumn="17" begline="26" endcolumn="17" endline="26" loc="26.17 - 26.17"/></term><term lexeme="then" token="KW_THEN"><location begcolumn="19" begline="26" endcolumn="22" endline="26" loc="26.19 - 26.22"/></term><term lexeme="{" token="SIM_LSQLBR"><location begcolumn="24" begline="26" endcolumn="24" endline="26" loc="26.24 - 26.24"/></term><term lexeme="sign" token="IDENTIFIER"><location begcolumn="26" begline="26" endcolumn="29" endline="26" loc="26.26 - 26.29"/></term><term lexeme="=" token="SIM_IS"><location begcolumn="30" begline="26" endcolumn="30" endline="26" loc="26.30 - 26.30"/></term><term lexeme="+" token="SIM_PLUS"><location begcolumn="31" begline="26" endcolumn="31" endline="26" loc="26.31 - 26.31"/></term><term lexeme="1" token="CONST_INTEGER"><location begcolumn="32" begline="26" endcolumn="32" endline="26" loc="26.32 - 26.32"/></term><term lexeme=";" token="SIM_SCOL"><location begcolumn="33" begline="26" endcolumn="33" endline="26" loc="26.33 - 26.33"/></term><term lexeme="c" token="IDENTIFIER"><location begcolumn="35" begline="26" endcolumn="35" endline="26" loc="26.35 - 26.35"/></term><term lexeme="=" token="SIM_IS"><location begcolumn="36" begline="26" endcolumn="36" endline="26" loc="26.36 - 26.36"/></term><term lexeme="'0'" token="CONST_CHAR"><location begcolumn="37" begline="26" endcolumn="39" endline="26" loc="26.37 - 26.39"/></term><term lexeme=";" token="SIM_SCOL"><location begcolumn="40" begline="26" endcolumn="40" endline="26" loc="26.40 - 26.40"/></term><term lexeme="}" token="SIM_RSQLBR"><location begcolumn="42" begline="26" endcolumn="42" endline="26" loc="26.42 - 26.42"/></term><term lexeme="else" token="KW_ELSE"><location begcolumn="44" begline="26" endcolumn="47" endline="26" loc="26.44 - 26.47"/></term><term lexeme="if" token="KW_IF"><location begcolumn="7" begline="27" endcolumn="8" endline="27" loc="27.7 - 27.8"/></term><term lexeme="(" token="SIM_LPAR"><location begcolumn="10" begline="27" endcolumn="10" endline="27" loc="27.10 - 27.10"/></term><term lexeme="c" token="IDENTIFIER"><location begcolumn="11" begline="27" endcolumn="11" endline="27" loc="27.11 - 27.11"/></term><term lexeme="==" token="SIM_EQU"><location begcolumn="12" begline="27" endcolumn="13" endline="27" loc="27.12 - 27.13"/></term><term lexeme="'-'" token="CONST_CHAR"><location begcolumn="14" begline="27" endcolumn="16" endline="27" loc="27.14 - 27.16"/></term><term lexeme=")" token="SIM_RPAR"><location begcolumn="17" begline="27" endcolumn="17" endline="27" loc="27.17 - 27.17"/></term><term lexeme="then" token="KW_THEN"><location begcolumn="19" begline="27" endcolumn="22" endline="27" loc="27.19 - 27.22"/></term><term lexeme="{" token="SIM_LSQLBR"><location begcolumn="24" begline="27" endcolumn="24" endline="27" loc="27.24 - 27.24"/></term><term lexeme="sign" token="IDENTIFIER"><location begcolumn="26" begline="27" endcolumn="29" endline="27" loc="27.26 - 27.29"/></term><term lexeme="=" token="SIM_IS"><location begcolumn="30" begline="27" endcolumn="30" endline="27" loc="27.30 - 27.30"/></term><term lexeme="-" token="SIM_MINUS"><location begcolumn="31" begline="27" endcolumn="31" endline="27" loc="27.31 - 27.31"/></term><term lexeme="1" token="CONST_INTEGER"><location begcolumn="32" begline="27" endcolumn="32" endline="27" loc="27.32 - 27.32"/></term><term lexeme=";" token="SIM_SCOL"><location begcolumn="33" begline="27" endcolumn="33" endline="27" loc="27.33 - 27.33"/></term><term lexeme="c" token="IDENTIFIER"><location begcolumn="35" begline="27" endcolumn="35" endline="27" loc="27.35 - 27.35"/></term><term lexeme="=" token="SIM_IS"><location begcolumn="36" begline="27" endcolumn="36" endline="27" loc="27.36 - 27.36"/></term><term lexeme="'0'" token="CONST_CHAR"><location begcolumn="37" begline="27" endcolumn="39" endline="27" loc="27.37 - 27.39"/></term><term lexeme=";" token="SIM_SCOL"><location begcolumn="40" begline="27" endcolumn="40" endline="27" loc="27.40 - 27.40"/></term><term lexeme="}" token="SIM_RSQLBR"><location begcolumn="42" begline="27" endcolumn="42" endline="27" loc="27.42 - 27.42"/></term><term lexeme="else" token="KW_ELSE"><location begcolumn="44" begline="27" endcolumn="47" endline="27" loc="27.44 - 27.47"/></term><term lexeme="if" token="KW_IF"><location begcolumn="7" begline="28" endcolumn="8" endline="28" loc="28.7 - 28.8"/></term><term lexeme="(" token="SIM_LPAR"><location begcolumn="10" begline="28" endcolumn="10" endline="28" loc="28.10 - 28.10"/></term><term lexeme="c" token="IDENTIFIER"><location begcolumn="11" begline="28" endcolumn="11" endline="28" loc="28.11 - 28.11"/></term><term lexeme="&lt;" token="SIM_LT"><location begcolumn="12" begline="28" endcolumn="12" endline="28" loc="28.12 - 28.12"/></term><term lexeme="'0'" token="CONST_CHAR"><location begcolumn="13" begline="28" endcolumn="15" endline="28" loc="28.13 - 28.15"/></term><term lexeme=")" token="SIM_RPAR"><location begcolumn="16" begline="28" endcolumn="16" endline="28" loc="28.16 - 28.16"/></term><term lexeme="|" token="SIM_LINE"><location begcolumn="17" begline="28" endcolumn="17" endline="28" loc="28.17 - 28.17"/></term><term lexeme="(" token="SIM_LPAR"><location begcolumn="18" begline="28" endcolumn="18" endline="28" loc="28.18 - 28.18"/></term><term lexeme="c" token="IDENTIFIER"><location begcolumn="19" begline="28" endcolumn="19" endline="28" loc="28.19 - 28.19"/></term><term lexeme="&gt;" token="SIM_GT"><location begcolumn="20" begline="28" endcolumn="20" endline="28" loc="28.20 - 28.20"/></term><term lexeme="'9'" token="CONST_CHAR"><location begcolumn="21" begline="28" endcolumn="23" endline="28" loc="28.21 - 28.23"/></term><term lexeme=")" token="SIM_RPAR"><location begcolumn="24" begline="28" endcolumn="24" endline="28" loc="28.24 - 28.24"/></term><term lexeme="then" token="KW_THEN"><location begcolumn="26" begline="28" endcolumn="29" endline="28" loc="28.26 - 28.29"/></term><term lexeme="exit" token="IDENTIFIER"><location begcolumn="31" begline="28" endcolumn="34" endline="28" loc="28.31 - 28.34"/></term><term lexeme="(" token="SIM_LPAR"><location begcolumn="35" begline="28" endcolumn="35" endline="28" loc="28.35 - 28.35"/></term><term lexeme=")" token="SIM_RPAR"><location begcolumn="36" begline="28" endcolumn="36" endline="28" loc="28.36 - 28.36"/></term><term lexeme="else" token="KW_ELSE"><location begcolumn="38" begline="28" endcolumn="41" endline="28" loc="28.38 - 28.41"/></term><term lexeme="none" token="CONST_VOID"><location begcolumn="43" begline="28" endcolumn="46" endline="28" loc="28.43 - 28.46"/></term><term lexeme=";" token="SIM_SCOL"><location begcolumn="47" begline="28" endcolumn="47" endline="28" loc="28.47 - 28.47"/></term><term lexeme="while" token="KW_WHILE"><location begcolumn="7" begline="29" endcolumn="11" endline="29" loc="29.7 - 29.11"/></term><term lexeme="(" token="SIM_LPAR"><location begcolumn="13" begline="29" endcolumn="13" endline="29" loc="29.13 - 29.13"/></term><term lexeme="'0'" token="CONST_CHAR"><location begcolumn="14" begline="29" endcolumn="16" endline="29" loc="29.14 - 29.16"/></term><term lexeme="&lt;=" token="SIM_LTEQU"><location begcolumn="17" begline="29" endcolumn="18" endline="29" loc="29.17 - 29.18"/></term><term lexeme="c" token="IDENTIFIER"><location begcolumn="19" begline="29" endcolumn="19" endline="29" loc="29.19 - 29.19"/></term><term lexeme=")" token="SIM_RPAR"><location begcolumn="20" begline="29" endcolumn="20" endline="29" loc="29.20 - 29.20"/></term><term lexeme="&amp;" token="SIM_AND"><location begcolumn="21" begline="29" endcolumn="21" endline="29" loc="29.21 - 29.21"/></term><term lexeme="(" token="SIM_LPAR"><location begcolumn="22" begline="29" endcolumn="22" endline="29" loc="29.22 - 29.22"/></term><term lexeme="c" token="IDENTIFIER"><location begcolumn="23" begline="29" endcolumn="23" endline="29" loc="29.23 - 29.23"/></term><term lexeme="&lt;=" token="SIM_LTEQU"><location begcolumn="24" begline="29" endcolumn="25" endline="29" loc="29.24 - 29.25"/></term><term lexeme="'9'" token="CONST_CHAR"><location begcolumn="26" begline="29" endcolumn="28" endline="29" loc="29.26 - 29.28"/></term><term lexeme=")" token="SIM_RPAR"><location begcolumn="29" begline="29" endcolumn="29" endline="29" loc="29.29 - 29.29"/></term><term lexeme="do" token="KW_DO"><location begcolumn="31" begline="29" endcolumn="32" endline="29" loc="29.31 - 29.32"/></term><term lexeme="{" token="SIM_LSQLBR"><location begcolumn="34" begline="29" endcolumn="34" endline="29" loc="29.34 - 29.34"/></term><term lexeme="val" token="IDENTIFIER"><location begcolumn="9" begline="30" endcolumn="11" endline="30" loc="30.9 - 30.11"/></term><term lexeme="=" token="SIM_IS"><location begcolumn="12" begline="30" endcolumn="12" endline="30" loc="30.12 - 30.12"/></term><term lexeme="val" token="IDENTIFIER"><location begcolumn="13" begline="30" endcolumn="15" endline="30" loc="30.13 - 30.15"/></term><term lexeme="*" token="SIM_STAR"><location begcolumn="16" begline="30" endcolumn="16" endline="30" loc="30.16 - 30.16"/></term><term lexeme="10" token="CONST_INTEGER"><location begcolumn="17" begline="30" endcolumn="18" endline="30" loc="30.17 - 30.18"/></term><term lexeme="+" token="SIM_PLUS"><location begcolumn="19" begline="30" endcolumn="19" endline="30" loc="30.19 - 30.19"/></term><term lexeme="(" token="SIM_LPAR"><location begcolumn="20" begline="30" endcolumn="20" endline="30" loc="30.20 - 30.20"/></term><term lexeme="(" token="SIM_LPAR"><location begcolumn="21" begline="30" endcolumn="21" endline="30" loc="30.21 - 30.21"/></term><term lexeme="c" token="IDENTIFIER"><location begcolumn="22" begline="30" endcolumn="22" endline="30" loc="30.22 - 30.22"/></term><term lexeme=":" token="SIM_COL"><location begcolumn="23" begline="30" endcolumn="23" endline="30" loc="30.23 - 30.23"/></term><term lexeme="integer" token="KW_INTEGER"><location begcolumn="24" begline="30" endcolumn="30" endline="30" loc="30.24 - 30.30"/></term><term lexeme=")" token="SIM_RPAR"><location begcolumn="31" begline="30" endcolumn="31" endline="30" loc="30.31 - 30.31"/></term><term lexeme="-" token="SIM_MINUS"><location begcolumn="32" begline="30" endcolumn="32" endline="30" loc="30.32 - 30.32"/></term><term lexeme="(" token="SIM_LPAR"><location begcolumn="33" begline="30" endcolumn="33" endline="30" loc="30.33 - 30.33"/></term><term lexeme="'0'" token="CONST_CHAR"><location begcolumn="34" begline="30" endcolumn="36" endline="30" loc="30.34 - 30.36"/></term><term lexeme=":" token="SIM_COL"><location begcolumn="37" begline="30" endcolumn="37" endline="30" loc="30.37 - 30.37"/></term><term lexeme="integer" token="KW_INTEGER"><location begcolumn="38" begline="30" endcolumn="44" endline="30" loc="30.38 - 30.44"/></term><term lexeme=")" token="SIM_RPAR"><location begcolumn="45" begline="30" endcolumn="45" endline="30" loc="30.45 - 30.45"/></term><term lexeme=")" token="SIM_RPAR"><location begcolumn="46" begline="30" endcolumn="46" endline="30" loc="30.46 - 30.46"/></term><term lexeme=";" token="SIM_SCOL"><location begcolumn="47" begline="30" endcolumn="47" endline="30" loc="30.47 - 30.47"/></term><term lexeme="c" token="IDENTIFIER"><location begcolumn="9" begline="31" endcolumn="9" endline="31" loc="31.9 - 31.9"/></term><term lexeme="=" token="SIM_IS"><location begcolumn="10" begline="31" endcolumn="10" endline="31" loc="31.10 - 31.10"/></term><term lexeme="getChar" token="IDENTIFIER"><location begcolumn="11" begline="31" endcolumn="17" endline="31" loc="31.11 - 31.17"/></term><term lexeme="(" token="SIM_LPAR"><location begcolumn="18" begline="31" endcolumn="18" endline="31" loc="31.18 - 31.18"/></term><term lexeme=")" token="SIM_RPAR"><location begcolumn="19" begline="31" endcolumn="19" endline="31" loc="31.19 - 31.19"/></term><term lexeme=";" token="SIM_SCOL"><location begcolumn="20" begline="31" endcolumn="20" endline="31" loc="31.20 - 31.20"/></term><term lexeme="}" token="SIM_RSQLBR"><location begcolumn="7" begline="32" endcolumn="7" endline="32" loc="32.7 - 32.7"/></term><term lexeme=";" token="SIM_SCOL"><location begcolumn="8" begline="32" endcolumn="8" endline="32" loc="32.8 - 32.8"/></term><term lexeme="if" token="KW_IF"><location begcolumn="7" begline="33" endcolumn="8" endline="33" loc="33.7 - 33.8"/></term><term lexeme="(" token="SIM_LPAR"><location begcolumn="10" begline="33" endcolumn="10" endline="33" loc="33.10 - 33.10"/></term><term lexeme="c" token="IDENTIFIER"><location begcolumn="11" begline="33" endcolumn="11" endline="33" loc="33.11 - 33.11"/></term><term lexeme="!=" token="SIM_NEQU"><location begcolumn="12" begline="33" endcolumn="13" endline="33" loc="33.12 - 33.13"/></term><term lexeme="(" token="SIM_LPAR"><location begcolumn="14" begline="33" endcolumn="14" endline="33" loc="33.14 - 33.14"/></term><term lexeme="10" token="CONST_INTEGER"><location begcolumn="15" begline="33" endcolumn="16" endline="33" loc="33.15 - 33.16"/></term><term lexeme=":" token="SIM_COL"><location begcolumn="17" begline="33" endcolumn="17" endline="33" loc="33.17 - 33.17"/></term><term lexeme="char" token="KW_CHAR"><location begcolumn="18" begline="33" endcolumn="21" endline="33" loc="33.18 - 33.21"/></term><term lexeme=")" token="SIM_RPAR"><location begcolumn="22" begline="33" endcolumn="22" endline="33" loc="33.22 - 33.22"/></term><term lexeme=")" token="SIM_RPAR"><location begcolumn="23" begline="33" endcolumn="23" endline="33" loc="33.23 - 33.23"/></term><term lexeme="then" token="KW_THEN"><location begcolumn="25" begline="33" endcolumn="28" endline="33" loc="33.25 - 33.28"/></term><term lexeme="exit" token="IDENTIFIER"><location begcolumn="30" begline="33" endcolumn="33" endline="33" loc="33.30 - 33.33"/></term><term lexeme="(" token="SIM_LPAR"><location begcolumn="34" begline="33" endcolumn="34" endline="33" loc="33.34 - 33.34"/></term><term lexeme=")" token="SIM_RPAR"><location begcolumn="35" begline="33" endcolumn="35" endline="33" loc="33.35 - 33.35"/></term><term lexeme="else" token="KW_ELSE"><location begcolumn="37" begline="33" endcolumn="40" endline="33" loc="33.37 - 33.40"/></term><term lexeme="none" token="CONST_VOID"><location begcolumn="42" begline="33" endcolumn="45" endline="33" loc="33.42 - 33.45"/></term><term lexeme=";" token="SIM_SCOL"><location begcolumn="46" begline="33" endcolumn="46" endline="33" loc="33.46 - 33.46"/></term><term lexeme="sign" token="IDENTIFIER"><location begcolumn="7" begline="34" endcolumn="10" endline="34" loc="34.7 - 34.10"/></term><term lexeme="*" token="SIM_STAR"><location begcolumn="12" begline="34" endcolumn="12" endline="34" loc="34.12 - 34.12"/></term><term lexeme="val" token="IDENTIFIER"><location begcolumn="14" begline="34" endcolumn="16" endline="34" loc="34.14 - 34.16"/></term><term lexeme=";" token="SIM_SCOL"><location begcolumn="17" begline="34" endcolumn="17" endline="34" loc="34.17 - 34.17"/></term><term lexeme="}" token="SIM_RSQLBR"><location begcolumn="5" begline="35" endcolumn="5" endline="35" loc="35.5 - 35.5"/></term><term lexeme="where" token="KW_WHERE"><location begcolumn="5" begline="36" endcolumn="9" endline="36" loc="36.5 - 36.9"/></term><term lexeme="{" token="SIM_LSQLBR"><location begcolumn="5" begline="37" endcolumn="5" endline="37" loc="37.5 - 37.5"/></term><term lexeme="var" token="KW_VAR"><location begcolumn="7" begline="38" endcolumn="9" endline="38" loc="38.7 - 38.9"/></term><term lexeme="sign" token="IDENTIFIER"><location begcolumn="11" begline="38" endcolumn="14" endline="38" loc="38.11 - 38.14"/></term><term lexeme=":" token="SIM_COL"><location begcolumn="15" begline="38" endcolumn="15" endline="38" loc="38.15 - 38.15"/></term><term lexeme="integer" token="KW_INTEGER"><location begcolumn="16" begline="38" endcolumn="22" endline="38" loc="38.16 - 38.22"/></term><term lexeme="var" token="KW_VAR"><location begcolumn="7" begline="39" endcolumn="9" endline="39" loc="39.7 - 39.9"/></term><term lexeme="val" token="IDENTIFIER"><location begcolumn="11" begline="39" endcolumn="13" endline="39" loc="39.11 - 39.13"/></term><term lexeme=":" token="SIM_COL"><location begcolumn="14" begline="39" endcolumn="14" endline="39" loc="39.14 - 39.14"/></term><term lexeme="integer" token="KW_INTEGER"><location begcolumn="15" begline="39" endcolumn="21" endline="39" loc="39.15 - 39.21"/></term><term lexeme="var" token="KW_VAR"><location begcolumn="7" begline="40" endcolumn="9" endline="40" loc="40.7 - 40.9"/></term><term lexeme="c" token="IDENTIFIER"><location begcolumn="11" begline="40" endcolumn="11" endline="40" loc="40.11 - 40.11"/></term><term lexeme=":" token="SIM_COL"><location begcolumn="12" begline="40" endcolumn="12" endline="40" loc="40.12 - 40.12"/></term><term lexeme="char" token="KW_CHAR"><location begcolumn="13" begline="40" endcolumn="16" endline="40" loc="40.13 - 40.16"/></term><term lexeme="}" token="SIM_RSQLBR"><location begcolumn="5" begline="41" endcolumn="5" endline="41" loc="41.5 - 41.5"/></term><term lexeme="fun" token="KW_FUN"><location begcolumn="1" begline="43" endcolumn="3" endline="43" loc="43.1 - 43.3"/></term><term lexeme="putString" token="IDENTIFIER"><location begcolumn="5" begline="43" endcolumn="13" endline="43" loc="43.5 - 43.13"/></term><term lexeme="(" token="SIM_LPAR"><location begcolumn="14" begline="43" endcolumn="14" endline="43" loc="43.14 - 43.14"/></term><term lexeme="s" token="IDENTIFIER"><location begcolumn="15" begline="43" endcolumn="15" endline="43" loc="43.15 - 43.15"/></term><term lexeme=":" token="SIM_COL"><location begcolumn="16" begline="43" endcolumn="16" endline="43" loc="43.16 - 43.16"/></term><term lexeme="^" token="SIM_TOP"><location begcolumn="17" begline="43" endcolumn="17" endline="43" loc="43.17 - 43.17"/></term><term lexeme="char" token="KW_CHAR"><location begcolumn="18" begline="43" endcolumn="21" endline="43" loc="43.18 - 43.21"/></term><term lexeme=")" token="SIM_RPAR"><location begcolumn="22" begline="43" endcolumn="22" endline="43" loc="43.22 - 43.22"/></term><term lexeme=":" token="SIM_COL"><location begcolumn="23" begline="43" endcolumn="23" endline="43" loc="43.23 - 43.23"/></term><term lexeme="void" token="KW_VOID"><location begcolumn="24" begline="43" endcolumn="27" endline="43" loc="43.24 - 43.27"/></term><term lexeme="=" token="SIM_IS"><location begcolumn="29" begline="43" endcolumn="29" endline="43" loc="43.29 - 43.29"/></term><term lexeme="{" token="SIM_LSQLBR"><location begcolumn="5" begline="44" endcolumn="5" endline="44" loc="44.5 - 44.5"/></term><term lexeme="i" token="IDENTIFIER"><location begcolumn="7" begline="45" endcolumn="7" endline="45" loc="45.7 - 45.7"/></term><term lexeme="=" token="SIM_IS"><location begcolumn="8" begline="45" endcolumn="8" endline="45" loc="45.8 - 45.8"/></term><term lexeme="0" token="CONST_INTEGER"><location begcolumn="9" begline="45" endcolumn="9" endline="45" loc="45.9 - 45.9"/></term><term lexeme=";" token="SIM_SCOL"><location begcolumn="10" begline="45" endcolumn="10" endline="45" loc="45.10 - 45.10"/></term><term lexeme="while" token="KW_WHILE"><location begcolumn="7" begline="46" endcolumn="11" endline="46" loc="46.7 - 46.11"/></term><term lexeme="(" token="SIM_LPAR"><location begcolumn="13" begline="46" endcolumn="13" endline="46" loc="46.13 - 46.13"/></term><term lexeme="(" token="SIM_LPAR"><location begcolumn="14" begline="46" endcolumn="14" endline="46" loc="46.14 - 46.14"/></term><term lexeme="(" token="SIM_LPAR"><location begcolumn="15" begline="46" endcolumn="15" endline="46" loc="46.15 - 46.15"/></term><term lexeme="s" token="IDENTIFIER"><location begcolumn="16" begline="46" endcolumn="16" endline="46" loc="46.16 - 46.16"/></term><term lexeme=":" token="SIM_COL"><location begcolumn="17" begline="46" endcolumn="17" endline="46" loc="46.17 - 46.17"/></term><term lexeme="integer" token="KW_INTEGER"><location begcolumn="18" begline="46" endcolumn="24" endline="46" loc="46.18 - 46.24"/></term><term lexeme=")" token="SIM_RPAR"><location begcolumn="25" begline="46" endcolumn="25" endline="46" loc="46.25 - 46.25"/></term><term lexeme="+" token="SIM_PLUS"><location begcolumn="26" begline="46" endcolumn="26" endline="46" loc="46.26 - 46.26"/></term><term lexeme="(" token="SIM_LPAR"><location begcolumn="27" begline="46" endcolumn="27" endline="46" loc="46.27 - 46.27"/></term><term lexeme="i" token="IDENTIFIER"><location begcolumn="28" begline="46" endcolumn="28" endline="46" loc="46.28 - 46.28"/></term><term lexeme="*" token="SIM_STAR"><location begcolumn="29" begline="46" endcolumn="29" endline="46" loc="46.29 - 46.29"/></term><term lexeme="8" token="CONST_INTEGER"><location begcolumn="30" begline="46" endcolumn="30" endline="46" loc="46.30 - 46.30"/></term><term lexeme=")" token="SIM_RPAR"><location begcolumn="31" begline="46" endcolumn="31" endline="46" loc="46.31 - 46.31"/></term><term lexeme=":" token="SIM_COL"><location begcolumn="32" begline="46" endcolumn="32" endline="46" loc="46.32 - 46.32"/></term><term lexeme="^" token="SIM_TOP"><location begcolumn="33" begline="46" endcolumn="33" endline="46" loc="46.33 - 46.33"/></term><term lexeme="char" token="KW_CHAR"><location begcolumn="34" begline="46" endcolumn="37" endline="46" loc="46.34 - 46.37"/></term><term lexeme=")" token="SIM_RPAR"><location begcolumn="38" begline="46" endcolumn="38" endline="46" loc="46.38 - 46.38"/></term><term lexeme="^" token="SIM_TOP"><location begcolumn="39" begline="46" endcolumn="39" endline="46" loc="46.39 - 46.39"/></term><term lexeme="!=" token="SIM_NEQU"><location begcolumn="40" begline="46" endcolumn="41" endline="46" loc="46.40 - 46.41"/></term><term lexeme="(" token="SIM_LPAR"><location begcolumn="42" begline="46" endcolumn="42" endline="46" loc="46.42 - 46.42"/></term><term lexeme="0" token="CONST_INTEGER"><location begcolumn="43" begline="46" endcolumn="43" endline="46" loc="46.43 - 46.43"/></term><term lexeme=":" token="SIM_COL"><location begcolumn="44" begline="46" endcolumn="44" endline="46" loc="46.44 - 46.44"/></term><term lexeme="char" token="KW_CHAR"><location begcolumn="45" begline="46" endcolumn="48" endline="46" loc="46.45 - 46.48"/></term><term lexeme=")" token="SIM_RPAR"><location begcolumn="49" begline="46" endcolumn="49" endline="46" loc="46.49 - 46.49"/></term><term lexeme=")" token="SIM_RPAR"><location begcolumn="50" begline="46" endcolumn="50" endline="46" loc="46.50 - 46.50"/></term><term lexeme="do" token="KW_DO"><location begcolumn="52" begline="46" endcolumn="53" endline="46" loc="46.52 - 46.53"/></term><term lexeme="{" token="SIM_LSQLBR"><location begcolumn="55" begline="46" endcolumn="55" endline="46" loc="46.55 - 46.55"/></term><term lexeme="putChar" token="IDENTIFIER"><location begcolumn="9" begline="47" endcolumn="15" endline="47" loc="47.9 - 47.15"/></term><term lexeme="(" token="SIM_LPAR"><location begcolumn="16" begline="47" endcolumn="16" endline="47" loc="47.16 - 47.16"/></term><term lexeme="(" token="SIM_LPAR"><location begcolumn="17" begline="47" endcolumn="17" endline="47" loc="47.17 - 47.17"/></term><term lexeme="(" token="SIM_LPAR"><location begcolumn="18" begline="47" endcolumn="18" endline="47" loc="47.18 - 47.18"/></term><term lexeme="s" token="IDENTIFIER"><location begcolumn="19" begline="47" endcolumn="19" endline="47" loc="47.19 - 47.19"/></term><term lexeme=":" token="SIM_COL"><location begcolumn="20" begline="47" endcolumn="20" endline="47" loc="47.20 - 47.20"/></term><term lexeme="integer" token="KW_INTEGER"><location begcolumn="21" begline="47" endcolumn="27" endline="47" loc="47.21 - 47.27"/></term><term lexeme=")" token="SIM_RPAR"><location begcolumn="28" begline="47" endcolumn="28" endline="47" loc="47.28 - 47.28"/></term><term lexeme="+" token="SIM_PLUS"><location begcolumn="29" begline="47" endcolumn="29" endline="47" loc="47.29 - 47.29"/></term><term lexeme="(" token="SIM_LPAR"><location begcolumn="30" begline="47" endcolumn="30" endline="47" loc="47.30 - 47.30"/></term><term lexeme="i" token="IDENTIFIER"><location begcolumn="31" begline="47" endcolumn="31" endline="47" loc="47.31 - 47.31"/></term><term lexeme="*" token="SIM_STAR"><location begcolumn="32" begline="47" endcolumn="32" endline="47" loc="47.32 - 47.32"/></term><term lexeme="8" token="CONST_INTEGER"><location begcolumn="33" begline="47" endcolumn="33" endline="47" loc="47.33 - 47.33"/></term><term lexeme=")" token="SIM_RPAR"><location begcolumn="34" begline="47" endcolumn="34" endline="47" loc="47.34 - 47.34"/></term><term lexeme=":" token="SIM_COL"><location begcolumn="35" begline="47" endcolumn="35" endline="47" loc="47.35 - 47.35"/></term><term lexeme="^" token="SIM_TOP"><location begcolumn="36" begline="47" endcolumn="36" endline="47" loc="47.36 - 47.36"/></term><term lexeme="char" token="KW_CHAR"><location begcolumn="37" begline="47" endcolumn="40" endline="47" loc="47.37 - 47.40"/></term><term lexeme=")" token="SIM_RPAR"><location begcolumn="41" begline="47" endcolumn="41" endline="47" loc="47.41 - 47.41"/></term><term lexeme="^" token="SIM_TOP"><location begcolumn="42" begline="47" endcolumn="42" endline="47" loc="47.42 - 47.42"/></term><term lexeme=")" token="SIM_RPAR"><location begcolumn="43" begline="47" endcolumn="43" endline="47" loc="47.43 - 47.43"/></term><term lexeme=";" token="SIM_SCOL"><location begcolumn="44" begline="47" endcolumn="44" endline="47" loc="47.44 - 47.44"/></term><term lexeme="i" token="IDENTIFIER"><location begcolumn="9" begline="48" endcolumn="9" endline="48" loc="48.9 - 48.9"/></term><term lexeme="=" token="SIM_IS"><location begcolumn="10" begline="48" endcolumn="10" endline="48" loc="48.10 - 48.10"/></term><term lexeme="i" token="IDENTIFIER"><location begcolumn="11" begline="48" endcolumn="11" endline="48" loc="48.11 - 48.11"/></term><term lexeme="+" token="SIM_PLUS"><location begcolumn="12" begline="48" endcolumn="12" endline="48" loc="48.12 - 48.12"/></term><term lexeme="1" token="CONST_INTEGER"><location begcolumn="13" begline="48" endcolumn="13" endline="48" loc="48.13 - 48.13"/></term><term lexeme=";" token="SIM_SCOL"><location begcolumn="14" begline="48" endcolumn="14" endline="48" loc="48.14 - 48.14"/></term><term lexeme="}" token="SIM_RSQLBR"><location begcolumn="7" begline="49" endcolumn="7" endline="49" loc="49.7 - 49.7"/></term><term lexeme=";" token="SIM_SCOL"><location begcolumn="8" begline="49" endcolumn="8" endline="49" loc="49.8 - 49.8"/></term><term lexeme="none" token="CONST_VOID"><location begcolumn="7" begline="50" endcolumn="10" endline="50" loc="50.7 - 50.10"/></term><term lexeme=";" token="SIM_SCOL"><location begcolumn="11" begline="50" endcolumn="11" endline="50" loc="50.11 - 50.11"/></term><term lexeme="}" token="SIM_RSQLBR"><location begcolumn="5" begline="51" endcolumn="5" endline="51" loc="51.5 - 51.5"/></term><term lexeme="where" token="KW_WHERE"><location begcolumn="5" begline="52" endcolumn="9" endline="52" loc="52.5 - 52.9"/></term><term lexeme="{" token="SIM_LSQLBR"><location begcolumn="5" begline="53" endcolumn="5" endline="53" loc="53.5 - 53.5"/></term><term lexeme="var" token="KW_VAR"><location begcolumn="7" begline="54" endcolumn="9" endline="54" loc="54.7 - 54.9"/></term><term lexeme="i" token="IDENTIFIER"><location begcolumn="11" begline="54" endcolumn="11" endline="54" loc="54.11 - 54.11"/></term><term lexeme=":" token="SIM_COL"><location begcolumn="12" begline="54" endcolumn="12" endline="54" loc="54.12 - 54.12"/></term><term lexeme="integer" token="KW_INTEGER"><location begcolumn="13" begline="54" endcolumn="19" endline="54" loc="54.13 - 54.19"/></term><term lexeme="}" token="SIM_RSQLBR"><location begcolumn="5" begline="55" endcolumn="5" endline="55" loc="55.5 - 55.5"/></term><term lexeme="fun" token="KW_FUN"><location begcolumn="1" begline="59" endcolumn="3" endline="59" loc="59.1 - 59.3"/></term><term lexeme="perms" token="IDENTIFIER"><location begcolumn="5" begline="59" endcolumn="9" endline="59" loc="59.5 - 59.9"/></term><term lexeme="(" token="SIM_LPAR"><location begcolumn="10" begline="59" endcolumn="10" endline="59" loc="59.10 - 59.10"/></term><term lexeme="i" token="IDENTIFIER"><location begcolumn="11" begline="59" endcolumn="11" endline="59" loc="59.11 - 59.11"/></term><term lexeme=":" token="SIM_COL"><location begcolumn="12" begline="59" endcolumn="12" endline="59" loc="59.12 - 59.12"/></term><term lexeme="integer" token="KW_INTEGER"><location begcolumn="13" begline="59" endcolumn="19" endline="59" loc="59.13 - 59.19"/></term><term lexeme="," token="SIM_COM"><location begcolumn="20" begline="59" endcolumn="20" endline="59" loc="59.20 - 59.20"/></term><term lexeme="n" token="IDENTIFIER"><location begcolumn="21" begline="59" endcolumn="21" endline="59" loc="59.21 - 59.21"/></term><term lexeme=":" token="SIM_COL"><location begcolumn="22" begline="59" endcolumn="22" endline="59" loc="59.22 - 59.22"/></term><term lexeme="integer" token="KW_INTEGER"><location begcolumn="23" begline="59" endcolumn="29" endline="59" loc="59.23 - 59.29"/></term><term lexeme="," token="SIM_COM"><location begcolumn="30" begline="59" endcolumn="30" endline="59" loc="59.30 - 59.30"/></term><term lexeme="ns" token="IDENTIFIER"><location begcolumn="31" begline="59" endcolumn="32" endline="59" loc="59.31 - 59.32"/></term><term lexeme=":" token="SIM_COL"><location begcolumn="33" begline="59" endcolumn="33" endline="59" loc="59.33 - 59.33"/></term><term lexeme="^" token="SIM_TOP"><location begcolumn="34" begline="59" endcolumn="34" endline="59" loc="59.34 - 59.34"/></term><term lexeme="(" token="SIM_LPAR"><location begcolumn="35" begline="59" endcolumn="35" endline="59" loc="59.35 - 59.35"/></term><term lexeme="integer" token="KW_INTEGER"><location begcolumn="36" begline="59" endcolumn="42" endline="59" loc="59.36 - 59.42"/></term><term lexeme="[" token="SIM_LSQRBR"><location begcolumn="43" begline="59" endcolumn="43" endline="59" loc="59.43 - 59.43"/></term><term lexeme="32" token="CONST_INTEGER"><location begcolumn="44" begline="59" endcolumn="45" endline="59" loc="59.44 - 59.45"/></term><term lexeme="]" token="SIM_RSQRBR"><location begcolumn="46" begline="59" endcolumn="46" endline="59" loc="59.46 - 59.46"/></term><term lexeme=")" token="SIM_RPAR"><location begcolumn="47" begline="59" endcolumn="47" endline="59" loc="59.47 - 59.47"/></term><term lexeme=")" token="SIM_RPAR"><location begcolumn="48" begline="59" endcolumn="48" endline="59" loc="59.48 - 59.48"/></term><term lexeme=":" token="SIM_COL"><location begcolumn="49" begline="59" endcolumn="49" endline="59" loc="59.49 - 59.49"/></term><term lexeme="void" token="KW_VOID"><location begcolumn="50" begline="59" endcolumn="53" endline="59" loc="59.50 - 59.53"/></term><term lexeme="=" token="SIM_IS"><location begcolumn="55" begline="59" endcolumn="55" endline="59" loc="59.55 - 59.55"/></term><term lexeme="{" token="SIM_LSQLBR"><location begcolumn="5" begline="60" endcolumn="5" endline="60" loc="60.5 - 60.5"/></term><term lexeme="if" token="KW_IF"><location begcolumn="7" begline="61" endcolumn="8" endline="61" loc="61.7 - 61.8"/></term><term lexeme="i" token="IDENTIFIER"><location begcolumn="10" begline="61" endcolumn="10" endline="61" loc="61.10 - 61.10"/></term><term lexeme="==" token="SIM_EQU"><location begcolumn="11" begline="61" endcolumn="12" endline="61" loc="61.11 - 61.12"/></term><term lexeme="n" token="IDENTIFIER"><location begcolumn="13" begline="61" endcolumn="13" endline="61" loc="61.13 - 61.13"/></term><term lexeme="then" token="KW_THEN"><location begcolumn="15" begline="61" endcolumn="18" endline="61" loc="61.15 - 61.18"/></term><term lexeme="{" token="SIM_LSQLBR"><location begcolumn="9" begline="62" endcolumn="9" endline="62" loc="62.9 - 62.9"/></term><term lexeme="j" token="IDENTIFIER"><location begcolumn="11" begline="63" endcolumn="11" endline="63" loc="63.11 - 63.11"/></term><term lexeme="=" token="SIM_IS"><location begcolumn="12" begline="63" endcolumn="12" endline="63" loc="63.12 - 63.12"/></term><term lexeme="0" token="CONST_INTEGER"><location begcolumn="13" begline="63" endcolumn="13" endline="63" loc="63.13 - 63.13"/></term><term lexeme=";" token="SIM_SCOL"><location begcolumn="14" begline="63" endcolumn="14" endline="63" loc="63.14 - 63.14"/></term><term lexeme="while" token="KW_WHILE"><location begcolumn="11" begline="64" endcolumn="15" endline="64" loc="64.11 - 64.15"/></term><term lexeme="j" token="IDENTIFIER"><location begcolumn="17" begline="64" endcolumn="17" endline="64" loc="64.17 - 64.17"/></term><term lexeme="&lt;" token="SIM_LT"><location begcolumn="18" begline="64" endcolumn="18" endline="64" loc="64.18 - 64.18"/></term><term lexeme="n" token="IDENTIFIER"><location begcolumn="19" begline="64" endcolumn="19" endline="64" loc="64.19 - 64.19"/></term><term lexeme="do" token="KW_DO"><location begcolumn="21" begline="64" endcolumn="22" endline="64" loc="64.21 - 64.22"/></term><term lexeme="{" token="SIM_LSQLBR"><location begcolumn="24" begline="64" endcolumn="24" endline="64" loc="64.24 - 64.24"/></term><term lexeme="putInteger" token="IDENTIFIER"><location begcolumn="13" begline="65" endcolumn="22" endline="65" loc="65.13 - 65.22"/></term><term lexeme="(" token="SIM_LPAR"><location begcolumn="23" begline="65" endcolumn="23" endline="65" loc="65.23 - 65.23"/></term><term lexeme="ns" token="IDENTIFIER"><location begcolumn="24" begline="65" endcolumn="25" endline="65" loc="65.24 - 65.25"/></term><term lexeme="^" token="SIM_TOP"><location begcolumn="26" begline="65" endcolumn="26" endline="65" loc="65.26 - 65.26"/></term><term lexeme="[" token="SIM_LSQRBR"><location begcolumn="27" begline="65" endcolumn="27" endline="65" loc="65.27 - 65.27"/></term><term lexeme="j" token="IDENTIFIER"><location begcolumn="28" begline="65" endcolumn="28" endline="65" loc="65.28 - 65.28"/></term><term lexeme="]" token="SIM_RSQRBR"><location begcolumn="29" begline="65" endcolumn="29" endline="65" loc="65.29 - 65.29"/></term><term lexeme=")" token="SIM_RPAR"><location begcolumn="30" begline="65" endcolumn="30" endline="65" loc="65.30 - 65.30"/></term><term lexeme=";" token="SIM_SCOL"><location begcolumn="31" begline="65" endcolumn="31" endline="65" loc="65.31 - 65.31"/></term><term lexeme="putChar" token="IDENTIFIER"><location begcolumn="13" begline="66" endcolumn="19" endline="66" loc="66.13 - 66.19"/></term><term lexeme="(" token="SIM_LPAR"><location begcolumn="20" begline="66" endcolumn="20" endline="66" loc="66.20 - 66.20"/></term><term lexeme="' '" token="CONST_CHAR"><location begcolumn="21" begline="66" endcolumn="23" endline="66" loc="66.21 - 66.23"/></term><term lexeme=")" token="SIM_RPAR"><location begcolumn="24" begline="66" endcolumn="24" endline="66" loc="66.24 - 66.24"/></term><term lexeme=";" token="SIM_SCOL"><location begcolumn="25" begline="66" endcolumn="25" endline="66" loc="66.25 - 66.25"/></term><term lexeme="j" token="IDENTIFIER"><location begcolumn="13" begline="67" endcolumn="13" endline="67" loc="67.13 - 67.13"/></term><term lexeme="=" token="SIM_IS"><location begcolumn="14" begline="67" endcolumn="14" endline="67" loc="67.14 - 67.14"/></term><term lexeme="j" token="IDENTIFIER"><location begcolumn="15" begline="67" endcolumn="15" endline="67" loc="67.15 - 67.15"/></term><term lexeme="+" token="SIM_PLUS"><location begcolumn="16" begline="67" endcolumn="16" endline="67" loc="67.16 - 67.16"/></term><term lexeme="1" token="CONST_INTEGER"><location begcolumn="17" begline="67" endcolumn="17" endline="67" loc="67.17 - 67.17"/></term><term lexeme=";" token="SIM_SCOL"><location begcolumn="18" begline="67" endcolumn="18" endline="67" loc="67.18 - 67.18"/></term><term lexeme="}" token="SIM_RSQLBR"><location begcolumn="11" begline="68" endcolumn="11" endline="68" loc="68.11 - 68.11"/></term><term lexeme=";" token="SIM_SCOL"><location begcolumn="12" begline="68" endcolumn="12" endline="68" loc="68.12 - 68.12"/></term><term lexeme="putChar" token="IDENTIFIER"><location begcolumn="11" begline="69" endcolumn="17" endline="69" loc="69.11 - 69.17"/></term><term lexeme="(" token="SIM_LPAR"><location begcolumn="18" begline="69" endcolumn="18" endline="69" loc="69.18 - 69.18"/></term><term lexeme="(" token="SIM_LPAR"><location begcolumn="19" begline="69" endcolumn="19" endline="69" loc="69.19 - 69.19"/></term><term lexeme="10" token="CONST_INTEGER"><location begcolumn="20" begline="69" endcolumn="21" endline="69" loc="69.20 - 69.21"/></term><term lexeme=":" token="SIM_COL"><location begcolumn="22" begline="69" endcolumn="22" endline="69" loc="69.22 - 69.22"/></term><term lexeme="char" token="KW_CHAR"><location begcolumn="23" begline="69" endcolumn="26" endline="69" loc="69.23 - 69.26"/></term><term lexeme=")" token="SIM_RPAR"><location begcolumn="27" begline="69" endcolumn="27" endline="69" loc="69.27 - 69.27"/></term><term lexeme=")" token="SIM_RPAR"><location begcolumn="28" begline="69" endcolumn="28" endline="69" loc="69.28 - 69.28"/></term><term lexeme=";" token="SIM_SCOL"><location begcolumn="29" begline="69" endcolumn="29" endline="69" loc="69.29 - 69.29"/></term><term lexeme="}" token="SIM_RSQLBR"><location begcolumn="9" begline="70" endcolumn="9" endline="70" loc="70.9 - 70.9"/></term><term lexeme="where" token="KW_WHERE"><location begcolumn="11" begline="70" endcolumn="15" endline="70" loc="70.11 - 70.15"/></term><term lexeme="{" token="SIM_LSQLBR"><location begcolumn="17" begline="70" endcolumn="17" endline="70" loc="70.17 - 70.17"/></term><term lexeme="var" token="KW_VAR"><location begcolumn="19" begline="70" endcolumn="21" endline="70" loc="70.19 - 70.21"/></term><term lexeme="j" token="IDENTIFIER"><location begcolumn="23" begline="70" endcolumn="23" endline="70" loc="70.23 - 70.23"/></term><term lexeme=":" token="SIM_COL"><location begcolumn="24" begline="70" endcolumn="24" endline="70" loc="70.24 - 70.24"/></term><term lexeme="integer" token="KW_INTEGER"><location begcolumn="25" begline="70" endcolumn="31" endline="70" loc="70.25 - 70.31"/></term><term lexeme="}" token="SIM_RSQLBR"><location begcolumn="33" begline="70" endcolumn="33" endline="70" loc="70.33 - 70.33"/></term><term lexeme="else" token="KW_ELSE"><location begcolumn="7" begline="71" endcolumn="10" endline="71" loc="71.7 - 71.10"/></term><term lexeme="{" token="SIM_LSQLBR"><location begcolumn="9" begline="72" endcolumn="9" endline="72" loc="72.9 - 72.9"/></term><term lexeme="j" token="IDENTIFIER"><location begcolumn="11" begline="73" endcolumn="11" endline="73" loc="73.11 - 73.11"/></term><term lexeme="=" token="SIM_IS"><location begcolumn="12" begline="73" endcolumn="12" endline="73" loc="73.12 - 73.12"/></term><term lexeme="i" token="IDENTIFIER"><location begcolumn="13" begline="73" endcolumn="13" endline="73" loc="73.13 - 73.13"/></term><term lexeme=";" token="SIM_SCOL"><location begcolumn="14" begline="73" endcolumn="14" endline="73" loc="73.14 - 73.14"/></term><term lexeme="while" token="KW_WHILE"><location begcolumn="11" begline="74" endcolumn="15" endline="74" loc="74.11 - 74.15"/></term><term lexeme="j" token="IDENTIFIER"><location begcolumn="17" begline="74" endcolumn="17" endline="74" loc="74.17 - 74.17"/></term><term lexeme="&lt;" token="SIM_LT"><location begcolumn="18" begline="74" endcolumn="18" endline="74" loc="74.18 - 74.18"/></term><term lexeme="n" token="IDENTIFIER"><location begcolumn="19" begline="74" endcolumn="19" endline="74" loc="74.19 - 74.19"/></term><term lexeme="do" token="KW_DO"><location begcolumn="21" begline="74" endcolumn="22" endline="74" loc="74.21 - 74.22"/></term><term lexeme="{" token="SIM_LSQLBR"><location begcolumn="24" begline="74" endcolumn="24" endline="74" loc="74.24 - 74.24"/></term><term lexeme="{" token="SIM_LSQLBR"><location begcolumn="13" begline="75" endcolumn="13" endline="75" loc="75.13 - 75.13"/></term><term lexeme="tmp" token="IDENTIFIER"><location begcolumn="15" begline="75" endcolumn="17" endline="75" loc="75.15 - 75.17"/></term><term lexeme="=" token="SIM_IS"><location begcolumn="18" begline="75" endcolumn="18" endline="75" loc="75.18 - 75.18"/></term><term lexeme="ns" token="IDENTIFIER"><location begcolumn="19" begline="75" endcolumn="20" endline="75" loc="75.19 - 75.20"/></term><term lexeme="^" token="SIM_TOP"><location begcolumn="21" begline="75" endcolumn="21" endline="75" loc="75.21 - 75.21"/></term><term lexeme="[" token="SIM_LSQRBR"><location begcolumn="22" begline="75" endcolumn="22" endline="75" loc="75.22 - 75.22"/></term><term lexeme="i" token="IDENTIFIER"><location begcolumn="23" begline="75" endcolumn="23" endline="75" loc="75.23 - 75.23"/></term><term lexeme="]" token="SIM_RSQRBR"><location begcolumn="24" begline="75" endcolumn="24" endline="75" loc="75.24 - 75.24"/></term><term lexeme=";" token="SIM_SCOL"><location begcolumn="25" begline="75" endcolumn="25" endline="75" loc="75.25 - 75.25"/></term><term lexeme="ns" token="IDENTIFIER"><location begcolumn="26" begline="75" endcolumn="27" endline="75" loc="75.26 - 75.27"/></term><term lexeme="^" token="SIM_TOP"><location begcolumn="28" begline="75" endcolumn="28" endline="75" loc="75.28 - 75.28"/></term><term lexeme="[" token="SIM_LSQRBR"><location begcolumn="29" begline="75" endcolumn="29" endline="75" loc="75.29 - 75.29"/></term><term lexeme="i" token="IDENTIFIER"><location begcolumn="30" begline="75" endcolumn="30" endline="75" loc="75.30 - 75.30"/></term><term lexeme="]" token="SIM_RSQRBR"><location begcolumn="31" begline="75" endcolumn="31" endline="75" loc="75.31 - 75.31"/></term><term lexeme="=" token="SIM_IS"><location begcolumn="32" begline="75" endcolumn="32" endline="75" loc="75.32 - 75.32"/></term><term lexeme="ns" token="IDENTIFIER"><location begcolumn="33" begline="75" endcolumn="34" endline="75" loc="75.33 - 75.34"/></term><term lexeme="^" token="SIM_TOP"><location begcolumn="35" begline="75" endcolumn="35" endline="75" loc="75.35 - 75.35"/></term><term lexeme="[" token="SIM_LSQRBR"><location begcolumn="36" begline="75" endcolumn="36" endline="75" loc="75.36 - 75.36"/></term><term lexeme="j" token="IDENTIFIER"><location begcolumn="37" begline="75" endcolumn="37" endline="75" loc="75.37 - 75.37"/></term><term lexeme="]" token="SIM_RSQRBR"><location begcolumn="38" begline="75" endcolumn="38" endline="75" loc="75.38 - 75.38"/></term><term lexeme=";" token="SIM_SCOL"><location begcolumn="39" begline="75" endcolumn="39" endline="75" loc="75.39 - 75.39"/></term><term lexeme="ns" token="IDENTIFIER"><location begcolumn="40" begline="75" endcolumn="41" endline="75" loc="75.40 - 75.41"/></term><term lexeme="^" token="SIM_TOP"><location begcolumn="42" begline="75" endcolumn="42" endline="75" loc="75.42 - 75.42"/></term><term lexeme="[" token="SIM_LSQRBR"><location begcolumn="43" begline="75" endcolumn="43" endline="75" loc="75.43 - 75.43"/></term><term lexeme="j" token="IDENTIFIER"><location begcolumn="44" begline="75" endcolumn="44" endline="75" loc="75.44 - 75.44"/></term><term lexeme="]" token="SIM_RSQRBR"><location begcolumn="45" begline="75" endcolumn="45" endline="75" loc="75.45 - 75.45"/></term><term lexeme="=" token="SIM_IS"><location begcolumn="46" begline="75" endcolumn="46" endline="75" loc="75.46 - 75.46"/></term><term lexeme="tmp" token="IDENTIFIER"><location begcolumn="47" begline="75" endcolumn="49" endline="75" loc="75.47 - 75.49"/></term><term lexeme=";" token="SIM_SCOL"><location begcolumn="50" begline="75" endcolumn="50" endline="75" loc="75.50 - 75.50"/></term><term lexeme="}" token="SIM_RSQLBR"><location begcolumn="52" begline="75" endcolumn="52" endline="75" loc="75.52 - 75.52"/></term><term lexeme="where" token="KW_WHERE"><location begcolumn="54" begline="75" endcolumn="58" endline="75" loc="75.54 - 75.58"/></term><term lexeme="{" token="SIM_LSQLBR"><location begcolumn="60" begline="75" endcolumn="60" endline="75" loc="75.60 - 75.60"/></term><term lexeme="var" token="KW_VAR"><location begcolumn="62" begline="75" endcolumn="64" endline="75" loc="75.62 - 75.64"/></term><term lexeme="tmp" token="IDENTIFIER"><location begcolumn="66" begline="75" endcolumn="68" endline="75" loc="75.66 - 75.68"/></term><term lexeme=":" token="SIM_COL"><location begcolumn="69" begline="75" endcolumn="69" endline="75" loc="75.69 - 75.69"/></term><term lexeme="integer" token="KW_INTEGER"><location begcolumn="70" begline="75" endcolumn="76" endline="75" loc="75.70 - 75.76"/></term><term lexeme="}" token="SIM_RSQLBR"><location begcolumn="78" begline="75" endcolumn="78" endline="75" loc="75.78 - 75.78"/></term><term lexeme=";" token="SIM_SCOL"><location begcolumn="79" begline="75" endcolumn="79" endline="75" loc="75.79 - 75.79"/></term><term lexeme="perms" token="IDENTIFIER"><location begcolumn="13" begline="76" endcolumn="17" endline="76" loc="76.13 - 76.17"/></term><term lexeme="(" token="SIM_LPAR"><location begcolumn="18" begline="76" endcolumn="18" endline="76" loc="76.18 - 76.18"/></term><term lexeme="i" token="IDENTIFIER"><location begcolumn="19" begline="76" endcolumn="19" endline="76" loc="76.19 - 76.19"/></term><term lexeme="+" token="SIM_PLUS"><location begcolumn="20" begline="76" endcolumn="20" endline="76" loc="76.20 - 76.20"/></term><term lexeme="1" token="CONST_INTEGER"><location begcolumn="21" begline="76" endcolumn="21" endline="76" loc="76.21 - 76.21"/></term><term lexeme="," token="SIM_COM"><location begcolumn="22" begline="76" endcolumn="22" endline="76" loc="76.22 - 76.22"/></term><term lexeme="n" token="IDENTIFIER"><location begcolumn="23" begline="76" endcolumn="23" endline="76" loc="76.23 - 76.23"/></term><term lexeme="," token="SIM_COM"><location begcolumn="24" begline="76" endcolumn="24" endline="76" loc="76.24 - 76.24"/></term><term lexeme="ns" token="IDENTIFIER"><location begcolumn="25" begline="76" endcolumn="26" endline="76" loc="76.25 - 76.26"/></term><term lexeme=")" token="SIM_RPAR"><location begcolumn="27" begline="76" endcolumn="27" endline="76" loc="76.27 - 76.27"/></term><term lexeme=";" token="SIM_SCOL"><location begcolumn="28" begline="76" endcolumn="28" endline="76" loc="76.28 - 76.28"/></term><term lexeme="{" token="SIM_LSQLBR"><location begcolumn="13" begline="77" endcolumn="13" endline="77" loc="77.13 - 77.13"/></term><term lexeme="tmp" token="IDENTIFIER"><location begcolumn="15" begline="77" endcolumn="17" endline="77" loc="77.15 - 77.17"/></term><term lexeme="=" token="SIM_IS"><location begcolumn="18" begline="77" endcolumn="18" endline="77" loc="77.18 - 77.18"/></term><term lexeme="ns" token="IDENTIFIER"><location begcolumn="19" begline="77" endcolumn="20" endline="77" loc="77.19 - 77.20"/></term><term lexeme="^" token="SIM_TOP"><location begcolumn="21" begline="77" endcolumn="21" endline="77" loc="77.21 - 77.21"/></term><term lexeme="[" token="SIM_LSQRBR"><location begcolumn="22" begline="77" endcolumn="22" endline="77" loc="77.22 - 77.22"/></term><term lexeme="i" token="IDENTIFIER"><location begcolumn="23" begline="77" endcolumn="23" endline="77" loc="77.23 - 77.23"/></term><term lexeme="]" token="SIM_RSQRBR"><location begcolumn="24" begline="77" endcolumn="24" endline="77" loc="77.24 - 77.24"/></term><term lexeme=";" token="SIM_SCOL"><location begcolumn="25" begline="77" endcolumn="25" endline="77" loc="77.25 - 77.25"/></term><term lexeme="ns" token="IDENTIFIER"><location begcolumn="26" begline="77" endcolumn="27" endline="77" loc="77.26 - 77.27"/></term><term lexeme="^" token="SIM_TOP"><location begcolumn="28" begline="77" endcolumn="28" endline="77" loc="77.28 - 77.28"/></term><term lexeme="[" token="SIM_LSQRBR"><location begcolumn="29" begline="77" endcolumn="29" endline="77" loc="77.29 - 77.29"/></term><term lexeme="i" token="IDENTIFIER"><location begcolumn="30" begline="77" endcolumn="30" endline="77" loc="77.30 - 77.30"/></term><term lexeme="]" token="SIM_RSQRBR"><location begcolumn="31" begline="77" endcolumn="31" endline="77" loc="77.31 - 77.31"/></term><term lexeme="=" token="SIM_IS"><location begcolumn="32" begline="77" endcolumn="32" endline="77" loc="77.32 - 77.32"/></term><term lexeme="ns" token="IDENTIFIER"><location begcolumn="33" begline="77" endcolumn="34" endline="77" loc="77.33 - 77.34"/></term><term lexeme="^" token="SIM_TOP"><location begcolumn="35" begline="77" endcolumn="35" endline="77" loc="77.35 - 77.35"/></term><term lexeme="[" token="SIM_LSQRBR"><location begcolumn="36" begline="77" endcolumn="36" endline="77" loc="77.36 - 77.36"/></term><term lexeme="j" token="IDENTIFIER"><location begcolumn="37" begline="77" endcolumn="37" endline="77" loc="77.37 - 77.37"/></term><term lexeme="]" token="SIM_RSQRBR"><location begcolumn="38" begline="77" endcolumn="38" endline="77" loc="77.38 - 77.38"/></term><term lexeme=";" token="SIM_SCOL"><location begcolumn="39" begline="77" endcolumn="39" endline="77" loc="77.39 - 77.39"/></term><term lexeme="ns" token="IDENTIFIER"><location begcolumn="40" begline="77" endcolumn="41" endline="77" loc="77.40 - 77.41"/></term><term lexeme="^" token="SIM_TOP"><location begcolumn="42" begline="77" endcolumn="42" endline="77" loc="77.42 - 77.42"/></term><term lexeme="[" token="SIM_LSQRBR"><location begcolumn="43" begline="77" endcolumn="43" endline="77" loc="77.43 - 77.43"/></term><term lexeme="j" token="IDENTIFIER"><location begcolumn="44" begline="77" endcolumn="44" endline="77" loc="77.44 - 77.44"/></term><term lexeme="]" token="SIM_RSQRBR"><location begcolumn="45" begline="77" endcolumn="45" endline="77" loc="77.45 - 77.45"/></term><term lexeme="=" token="SIM_IS"><location begcolumn="46" begline="77" endcolumn="46" endline="77" loc="77.46 - 77.46"/></term><term lexeme="tmp" token="IDENTIFIER"><location begcolumn="47" begline="77" endcolumn="49" endline="77" loc="77.47 - 77.49"/></term><term lexeme=";" token="SIM_SCOL"><location begcolumn="50" begline="77" endcolumn="50" endline="77" loc="77.50 - 77.50"/></term><term lexeme="}" token="SIM_RSQLBR"><location begcolumn="52" begline="77" endcolumn="52" endline="77" loc="77.52 - 77.52"/></term><term lexeme="where" token="KW_WHERE"><location begcolumn="54" begline="77" endcolumn="58" endline="77" loc="77.54 - 77.58"/></term><term lexeme="{" token="SIM_LSQLBR"><location begcolumn="60" begline="77" endcolumn="60" endline="77" loc="77.60 - 77.60"/></term><term lexeme="var" token="KW_VAR"><location begcolumn="62" begline="77" endcolumn="64" endline="77" loc="77.62 - 77.64"/></term><term lexeme="tmp" token="IDENTIFIER"><location begcolumn="66" begline="77" endcolumn="68" endline="77" loc="77.66 - 77.68"/></term><term lexeme=":" token="SIM_COL"><location begcolumn="69" begline="77" endcolumn="69" endline="77" loc="77.69 - 77.69"/></term><term lexeme="integer" token="KW_INTEGER"><location begcolumn="70" begline="77" endcolumn="76" endline="77" loc="77.70 - 77.76"/></term><term lexeme="}" token="SIM_RSQLBR"><location begcolumn="78" begline="77" endcolumn="78" endline="77" loc="77.78 - 77.78"/></term><term lexeme=";" token="SIM_SCOL"><location begcolumn="79" begline="77" endcolumn="79" endline="77" loc="77.79 - 77.79"/></term><term lexeme="j" token="IDENTIFIER"><location begcolumn="13" begline="78" endcolumn="13" endline="78" loc="78.13 - 78.13"/></term><term lexeme="=" token="SIM_IS"><location begcolumn="14" begline="78" endcolumn="14" endline="78" loc="78.14 - 78.14"/></term><term lexeme="j" token="IDENTIFIER"><location begcolumn="15" begline="78" endcolumn="15" endline="78" loc="78.15 - 78.15"/></term><term lexeme="+" token="SIM_PLUS"><location begcolumn="16" begline="78" endcolumn="16" endline="78" loc="78.16 - 78.16"/></term><term lexeme="1" token="CONST_INTEGER"><location begcolumn="17" begline="78" endcolumn="17" endline="78" loc="78.17 - 78.17"/></term><term lexeme=";" token="SIM_SCOL"><location begcolumn="18" begline="78" endcolumn="18" endline="78" loc="78.18 - 78.18"/></term><term lexeme="}" token="SIM_RSQLBR"><location begcolumn="11" begline="79" endcolumn="11" endline="79" loc="79.11 - 79.11"/></term><term lexeme=";" token="SIM_SCOL"><location begcolumn="12" begline="79" endcolumn="12" endline="79" loc="79.12 - 79.12"/></term><term lexeme="}" token="SIM_RSQLBR"><location begcolumn="9" begline="80" endcolumn="9" endline="80" loc="80.9 - 80.9"/></term><term lexeme="where" token="KW_WHERE"><location begcolumn="11" begline="80" endcolumn="15" endline="80" loc="80.11 - 80.15"/></term><term lexeme="{" token="SIM_LSQLBR"><location begcolumn="17" begline="80" endcolumn="17" endline="80" loc="80.17 - 80.17"/></term><term lexeme="var" token="KW_VAR"><location begcolumn="19" begline="80" endcolumn="21" endline="80" loc="80.19 - 80.21"/></term><term lexeme="j" token="IDENTIFIER"><location begcolumn="23" begline="80" endcolumn="23" endline="80" loc="80.23 - 80.23"/></term><term lexeme=":" token="SIM_COL"><location begcolumn="24" begline="80" endcolumn="24" endline="80" loc="80.24 - 80.24"/></term><term lexeme="integer" token="KW_INTEGER"><location begcolumn="25" begline="80" endcolumn="31" endline="80" loc="80.25 - 80.31"/></term><term lexeme="}" token="SIM_RSQLBR"><location begcolumn="33" begline="80" endcolumn="33" endline="80" loc="80.33 - 80.33"/></term><term lexeme=";" token="SIM_SCOL"><location begcolumn="34" begline="80" endcolumn="34" endline="80" loc="80.34 - 80.34"/></term><term lexeme="}" token="SIM_RSQLBR"><location begcolumn="5" begline="81" endcolumn="5" endline="81" loc="81.5 - 81.5"/></term><term lexeme="fun" token="KW_FUN"><location begcolumn="1" begline="83" endcolumn="3" endline="83" loc="83.1 - 83.3"/></term><term lexeme="main" token="IDENTIFIER"><location begcolumn="5" begline="83" endcolumn="8" endline="83" loc="83.5 - 83.8"/></term><term lexeme="(" token="SIM_LPAR"><location begcolumn="9" begline="83" endcolumn="9" endline="83" loc="83.9 - 83.9"/></term><term lexeme=")" token="SIM_RPAR"><location begcolumn="10" begline="83" endcolumn="10" endline="83" loc="83.10 - 83.10"/></term><term lexeme=":" token="SIM_COL"><location begcolumn="11" begline="83" endcolumn="11" endline="83" loc="83.11 - 83.11"/></term><term lexeme="integer" token="KW_INTEGER"><location begcolumn="12" begline="83" endcolumn="18" endline="83" loc="83.12 - 83.18"/></term><term lexeme="=" token="SIM_IS"><location begcolumn="20" begline="83" endcolumn="20" endline="83" loc="83.20 - 83.20"/></term><term lexeme="{" token="SIM_LSQLBR"><location begcolumn="5" begline="84" endcolumn="5" endline="84" loc="84.5 - 84.5"/></term><term lexeme="n" token="IDENTIFIER"><location begcolumn="7" begline="85" endcolumn="7" endline="85" loc="85.7 - 85.7"/></term><term lexeme="=" token="SIM_IS"><location begcolumn="8" begline="85" endcolumn="8" endline="85" loc="85.8 - 85.8"/></term><term lexeme="getInteger" token="IDENTIFIER"><location begcolumn="9" begline="85" endcolumn="18" endline="85" loc="85.9 - 85.18"/></term><term lexeme="(" token="SIM_LPAR"><location begcolumn="19" begline="85" endcolumn="19" endline="85" loc="85.19 - 85.19"/></term><term lexeme=")" token="SIM_RPAR"><location begcolumn="20" begline="85" endcolumn="20" endline="85" loc="85.20 - 85.20"/></term><term lexeme=";" token="SIM_SCOL"><location begcolumn="21" begline="85" endcolumn="21" endline="85" loc="85.21 - 85.21"/></term><term lexeme="{" token="SIM_LSQLBR"><location begcolumn="7" begline="86" endcolumn="7" endline="86" loc="86.7 - 86.7"/></term><term lexeme="i" token="IDENTIFIER"><location begcolumn="9" begline="87" endcolumn="9" endline="87" loc="87.9 - 87.9"/></term><term lexeme="=" token="SIM_IS"><location begcolumn="10" begline="87" endcolumn="10" endline="87" loc="87.10 - 87.10"/></term><term lexeme="0" token="CONST_INTEGER"><location begcolumn="11" begline="87" endcolumn="11" endline="87" loc="87.11 - 87.11"/></term><term lexeme=";" token="SIM_SCOL"><location begcolumn="12" begline="87" endcolumn="12" endline="87" loc="87.12 - 87.12"/></term><term lexeme="while" token="KW_WHILE"><location begcolumn="9" begline="88" endcolumn="13" endline="88" loc="88.9 - 88.13"/></term><term lexeme="i" token="IDENTIFIER"><location begcolumn="15" begline="88" endcolumn="15" endline="88" loc="88.15 - 88.15"/></term><term lexeme="&lt;" token="SIM_LT"><location begcolumn="16" begline="88" endcolumn="16" endline="88" loc="88.16 - 88.16"/></term><term lexeme="n" token="IDENTIFIER"><location begcolumn="17" begline="88" endcolumn="17" endline="88" loc="88.17 - 88.17"/></term><term lexeme="do" token="KW_DO"><location begcolumn="19" begline="88" endcolumn="20" endline="88" loc="88.19 - 88.20"/></term><term lexeme="{" token="SIM_LSQLBR"><location begcolumn="22" begline="88" endcolumn="22" endline="88" loc="88.22 - 88.22"/></term><term lexeme="ns" token="IDENTIFIER"><location begcolumn="11" begline="89" endcolumn="12" endline="89" loc="89.11 - 89.12"/></term><term lexeme="[" token="SIM_LSQRBR"><location begcolumn="13" begline="89" endcolumn="13" endline="89" loc="89.13 - 89.13"/></term><term lexeme="i" token="IDENTIFIER"><location begcolumn="14" begline="89" endcolumn="14" endline="89" loc="89.14 - 89.14"/></term><term lexeme="]" token="SIM_RSQRBR"><location begcolumn="15" begline="89" endcolumn="15" endline="89" loc="89.15 - 89.15"/></term><term lexeme="=" token="SIM_IS"><location begcolumn="16" begline="89" endcolumn="16" endline="89" loc="89.16 - 89.16"/></term><term lexeme="i" token="IDENTIFIER"><location begcolumn="17" begline="89" endcolumn="17" endline="89" loc="89.17 - 89.17"/></term><term lexeme=";" token="SIM_SCOL"><location begcolumn="18" begline="89" endcolumn="18" endline="89" loc="89.18 - 89.18"/></term><term lexeme="i" token="IDENTIFIER"><location begcolumn="11" begline="90" endcolumn="11" endline="90" loc="90.11 - 90.11"/></term><term lexeme="=" token="SIM_IS"><location begcolumn="12" begline="90" endcolumn="12" endline="90" loc="90.12 - 90.12"/></term><term lexeme="i" token="IDENTIFIER"><location begcolumn="13" begline="90" endcolumn="13" endline="90" loc="90.13 - 90.13"/></term><term lexeme="+" token="SIM_PLUS"><location begcolumn="14" begline="90" endcolumn="14" endline="90" loc="90.14 - 90.14"/></term><term lexeme="1" token="CONST_INTEGER"><location begcolumn="15" begline="90" endcolumn="15" endline="90" loc="90.15 - 90.15"/></term><term lexeme=";" token="SIM_SCOL"><location begcolumn="16" begline="90" endcolumn="16" endline="90" loc="90.16 - 90.16"/></term><term lexeme="}" token="SIM_RSQLBR"><location begcolumn="9" begline="91" endcolumn="9" endline="91" loc="91.9 - 91.9"/></term><term lexeme=";" token="SIM_SCOL"><location begcolumn="10" begline="91" endcolumn="10" endline="91" loc="91.10 - 91.10"/></term><term lexeme="}" token="SIM_RSQLBR"><location begcolumn="7" begline="92" endcolumn="7" endline="92" loc="92.7 - 92.7"/></term><term lexeme="where" token="KW_WHERE"><location begcolumn="9" begline="92" endcolumn="13" endline="92" loc="92.9 - 92.13"/></term><term lexeme="{" token="SIM_LSQLBR"><location begcolumn="15" begline="92" endcolumn="15" endline="92" loc="92.15 - 92.15"/></term><term lexeme="var" token="KW_VAR"><location begcolumn="17" begline="92" endcolumn="19" endline="92" loc="92.17 - 92.19"/></term><term lexeme="i" token="IDENTIFIER"><location begcolumn="21" begline="92" endcolumn="21" endline="92" loc="92.21 - 92.21"/></term><term lexeme=":" token="SIM_COL"><location begcolumn="22" begline="92" endcolumn="22" endline="92" loc="92.22 - 92.22"/></term><term lexeme="integer" token="KW_INTEGER"><location begcolumn="23" begline="92" endcolumn="29" endline="92" loc="92.23 - 92.29"/></term><term lexeme="}" token="SIM_RSQLBR"><location begcolumn="31" begline="92" endcolumn="31" endline="92" loc="92.31 - 92.31"/></term><term lexeme=";" token="SIM_SCOL"><location begcolumn="32" begline="92" endcolumn="32" endline="92" loc="92.32 - 92.32"/></term><term lexeme="perms" token="IDENTIFIER"><location begcolumn="7" begline="93" endcolumn="11" endline="93" loc="93.7 - 93.11"/></term><term lexeme="(" token="SIM_LPAR"><location begcolumn="12" begline="93" endcolumn="12" endline="93" loc="93.12 - 93.12"/></term><term lexeme="0" token="CONST_INTEGER"><location begcolumn="13" begline="93" endcolumn="13" endline="93" loc="93.13 - 93.13"/></term><term lexeme="," token="SIM_COM"><location begcolumn="14" begline="93" endcolumn="14" endline="93" loc="93.14 - 93.14"/></term><term lexeme="n" token="IDENTIFIER"><location begcolumn="15" begline="93" endcolumn="15" endline="93" loc="93.15 - 93.15"/></term><term lexeme="," token="SIM_COM"><location begcolumn="16" begline="93" endcolumn="16" endline="93" loc="93.16 - 93.16"/></term><term lexeme="^" token="SIM_TOP"><location begcolumn="17" begline="93" endcolumn="17" endline="93" loc="93.17 - 93.17"/></term><term lexeme="ns" token="IDENTIFIER"><location begcolumn="18" begline="93" endcolumn="19" endline="93" loc="93.18 - 93.19"/></term><term lexeme=")" token="SIM_RPAR"><location begcolumn="20" begline="93" endcolumn="20" endline="93" loc="93.20 - 93.20"/></term><term lexeme=";" token="SIM_SCOL"><location begcolumn="21" begline="93" endcolumn="21" endline="93" loc="93.21 - 93.21"/></term><term lexeme="0" token="CONST_INTEGER"><location begcolumn="7" begline="94" endcolumn="7" endline="94" loc="94.7 - 94.7"/></term><term lexeme=";" token="SIM_SCOL"><location begcolumn="8" begline="94" endcolumn="8" endline="94" loc="94.8 - 94.8"/></term><term lexeme="}" token="SIM_RSQLBR"><location begcolumn="5" begline="95" endcolumn="5" endline="95" loc="95.5 - 95.5"/></term><term lexeme="where" token="KW_WHERE"><location begcolumn="5" begline="96" endcolumn="9" endline="96" loc="96.5 - 96.9"/></term><term lexeme="{" token="SIM_LSQLBR"><location begcolumn="5" begline="97" endcolumn="5" endline="97" loc="97.5 - 97.5"/></term><term lexeme="var" token="KW_VAR"><location begcolumn="7" begline="98" endcolumn="9" endline="98" loc="98.7 - 98.9"/></term><term lexeme="n" token="IDENTIFIER"><location begcolumn="11" begline="98" endcolumn="11" endline="98" loc="98.11 - 98.11"/></term><term lexeme=":" token="SIM_COL"><location begcolumn="12" begline="98" endcolumn="12" endline="98" loc="98.12 - 98.12"/></term><term lexeme="integer" token="KW_INTEGER"><location begcolumn="13" begline="98" endcolumn="19" endline="98" loc="98.13 - 98.19"/></term><term lexeme="var" token="KW_VAR"><location begcolumn="7" begline="99" endcolumn="9" endline="99" loc="99.7 - 99.9"/></term><term lexeme="ns" token="IDENTIFIER"><location begcolumn="11" begline="99" endcolumn="12" endline="99" loc="99.11 - 99.12"/></term><term lexeme=":" token="SIM_COL"><location begcolumn="13" begline="99" endcolumn="13" endline="99" loc="99.13 - 99.13"/></term><term lexeme="integer" token="KW_INTEGER"><location begcolumn="14" begline="99" endcolumn="20" endline="99" loc="99.14 - 99.20"/></term><term lexeme="[" token="SIM_LSQRBR"><location begcolumn="21" begline="99" endcolumn="21" endline="99" loc="99.21 - 99.21"/></term><term lexeme="32" token="CONST_INTEGER"><location begcolumn="22" begline="99" endcolumn="23" endline="99" loc="99.22 - 99.23"/></term><term lexeme="]" token="SIM_RSQRBR"><location begcolumn="24" begline="99" endcolumn="24" endline="99" loc="99.24 - 99.24"/></term><term lexeme="}" token="SIM_RSQLBR"><location begcolumn="5" begline="100" endcolumn="5" endline="100" loc="100.5 - 100.5"/></term><term lexeme="" token="EOF"/></lexan>