<?xml version="1.0" encoding="UTF-8" standalone="no"?><?xml-stylesheet type="text/xsl" href="../lib/xsl/imclin.xsl"?><imclin><datachunk init="" label="_id" size="8"/><datachunk init="" label="_r1" size="16"/><datachunk init="" label="_neki" size="8"/><datachunk init="" label="_arr" size="80"/><datachunk init="" label="_a" size="8"/><datachunk init="" label="_n" size="8"/><datachunk init="" label="_pointer1" size="8"/><datachunk init="" label="_n1" size="8"/><datachunk init="" label="_record1" size="16"/><codechunk entrylabel="L15" exitlabel="L16"><frame FP="T0" RV="T1" argssize="0" depth="0" label="_main" locssize="0" size="16"/><stmt><imc instruction="LABEL(L15)"/></stmt><stmt><imc instruction="MOVE"><imc instruction="TEMP(80)"/><imc instruction="NAME(_r1)"/></imc></stmt><stmt><imc instruction="MOVE"><imc instruction="TEMP(81)"/><imc instruction="CONST(0)"/></imc></stmt><stmt><imc instruction="MOVE"><imc instruction="TEMP(82)"/><imc instruction="MEM"><imc instruction="BINOP(ADD)"><imc instruction="TEMP(80)"/><imc instruction="TEMP(81)"/></imc></imc></imc></stmt><stmt><imc instruction="MOVE"><imc instruction="TEMP(1)"/><imc instruction="TEMP(82)"/></imc></stmt><stmt><imc instruction="JUMP(L16)"/></stmt></codechunk><codechunk entrylabel="L17" exitlabel="L18"><frame FP="T2" RV="T3" argssize="0" depth="0" label="_main22" locssize="0" size="16"/><stmt><imc instruction="LABEL(L17)"/></stmt><stmt><imc instruction="MOVE"><imc instruction="TEMP(83)"/><imc instruction="NAME(_r1)"/></imc></stmt><stmt><imc instruction="MOVE"><imc instruction="TEMP(84)"/><imc instruction="CONST(8)"/></imc></stmt><stmt><imc instruction="MOVE"><imc instruction="TEMP(85)"/><imc instruction="MEM"><imc instruction="BINOP(ADD)"><imc instruction="TEMP(83)"/><imc instruction="TEMP(84)"/></imc></imc></imc></stmt><stmt><imc instruction="MOVE"><imc instruction="TEMP(3)"/><imc instruction="TEMP(85)"/></imc></stmt><stmt><imc instruction="JUMP(L18)"/></stmt></codechunk><codechunk entrylabel="L19" exitlabel="L20"><frame FP="T4" RV="T5" argssize="0" depth="0" label="_main2" locssize="8" size="24"/><stmt><imc instruction="LABEL(L19)"/></stmt><stmt><imc instruction="MOVE"><imc instruction="TEMP(86)"/><imc instruction="TEMP(4)"/></imc></stmt><stmt><imc instruction="MOVE"><imc instruction="TEMP(87)"/><imc instruction="CONST(-8)"/></imc></stmt><stmt><imc instruction="MOVE"><imc instruction="TEMP(88)"/><imc instruction="MEM"><imc instruction="BINOP(ADD)"><imc instruction="TEMP(86)"/><imc instruction="TEMP(87)"/></imc></imc></imc></stmt><stmt><imc instruction="MOVE"><imc instruction="TEMP(5)"/><imc instruction="TEMP(88)"/></imc></stmt><stmt><imc instruction="JUMP(L20)"/></stmt></codechunk><codechunk entrylabel="L21" exitlabel="L22"><frame FP="T6" RV="T7" argssize="0" depth="0" label="_ptr" locssize="0" size="16"/><stmt><imc instruction="LABEL(L21)"/></stmt><stmt><imc instruction="MOVE"><imc instruction="TEMP(89)"/><imc instruction="MEM"><imc instruction="NAME(_neki)"/></imc></imc></stmt><stmt><imc instruction="MOVE"><imc instruction="TEMP(7)"/><imc instruction="TEMP(89)"/></imc></stmt><stmt><imc instruction="JUMP(L22)"/></stmt></codechunk><codechunk entrylabel="L23" exitlabel="L24"><frame FP="T8" RV="T9" argssize="0" depth="0" label="_array" locssize="0" size="16"/><stmt><imc instruction="LABEL(L23)"/></stmt><stmt><imc instruction="MOVE"><imc instruction="TEMP(90)"/><imc instruction="NAME(_arr)"/></imc></stmt><stmt><imc instruction="MOVE"><imc instruction="TEMP(91)"/><imc instruction="CONST(0)"/></imc></stmt><stmt><imc instruction="MOVE"><imc instruction="TEMP(92)"/><imc instruction="CONST(8)"/></imc></stmt><stmt><imc instruction="MOVE"><imc instruction="TEMP(93)"/><imc instruction="BINOP(MUL)"><imc instruction="TEMP(91)"/><imc instruction="TEMP(92)"/></imc></imc></stmt><stmt><imc instruction="MOVE"><imc instruction="TEMP(94)"/><imc instruction="MEM"><imc instruction="BINOP(ADD)"><imc instruction="TEMP(90)"/><imc instruction="TEMP(93)"/></imc></imc></imc></stmt><stmt><imc instruction="MOVE"><imc instruction="TEMP(9)"/><imc instruction="TEMP(94)"/></imc></stmt><stmt><imc instruction="JUMP(L24)"/></stmt></codechunk><codechunk entrylabel="L25" exitlabel="L26"><frame FP="T10" RV="T11" argssize="0" depth="0" label="_aray2" locssize="0" size="16"/><stmt><imc instruction="LABEL(L25)"/></stmt><stmt><imc instruction="MOVE"><imc instruction="TEMP(95)"/><imc instruction="NAME(_arr)"/></imc></stmt><stmt><imc instruction="MOVE"><imc instruction="TEMP(96)"/><imc instruction="CONST(10)"/></imc></stmt><stmt><imc instruction="MOVE"><imc instruction="TEMP(97)"/><imc instruction="CONST(8)"/></imc></stmt><stmt><imc instruction="MOVE"><imc instruction="TEMP(98)"/><imc instruction="BINOP(MUL)"><imc instruction="TEMP(96)"/><imc instruction="TEMP(97)"/></imc></imc></stmt><stmt><imc instruction="MOVE"><imc instruction="TEMP(99)"/><imc instruction="MEM"><imc instruction="BINOP(ADD)"><imc instruction="TEMP(95)"/><imc instruction="TEMP(98)"/></imc></imc></imc></stmt><stmt><imc instruction="MOVE"><imc instruction="TEMP(11)"/><imc instruction="TEMP(99)"/></imc></stmt><stmt><imc instruction="JUMP(L26)"/></stmt></codechunk><codechunk entrylabel="L27" exitlabel="L28"><frame FP="T12" RV="T13" argssize="0" depth="0" label="_f" locssize="0" size="16"/><stmt><imc instruction="LABEL(L27)"/></stmt><stmt><imc instruction="MOVE"><imc instruction="TEMP(100)"/><imc instruction="NAME(_a)"/></imc></stmt><stmt><imc instruction="MOVE"><imc instruction="TEMP(101)"/><imc instruction="TEMP(12)"/></imc></stmt><stmt><imc instruction="MOVE"><imc instruction="TEMP(102)"/><imc instruction="CONST(8)"/></imc></stmt><stmt><imc instruction="MOVE"><imc instruction="TEMP(103)"/><imc instruction="MEM"><imc instruction="BINOP(ADD)"><imc instruction="TEMP(101)"/><imc instruction="TEMP(102)"/></imc></imc></imc></stmt><stmt><imc instruction="MOVE"><imc instruction="MEM"><imc instruction="TEMP(100)"/></imc><imc instruction="TEMP(103)"/></imc></stmt><stmt><imc instruction="MOVE"><imc instruction="TEMP(104)"/><imc instruction="MEM"><imc instruction="NAME(_a)"/></imc></imc></stmt><stmt><imc instruction="MOVE"><imc instruction="TEMP(105)"/><imc instruction="CONST(1)"/></imc></stmt><stmt><imc instruction="MOVE"><imc instruction="TEMP(106)"/><imc instruction="BINOP(ADD)"><imc instruction="TEMP(104)"/><imc instruction="TEMP(105)"/></imc></imc></stmt><stmt><imc instruction="MOVE"><imc instruction="TEMP(13)"/><imc instruction="TEMP(106)"/></imc></stmt><stmt><imc instruction="JUMP(L28)"/></stmt></codechunk><codechunk entrylabel="L29" exitlabel="L30"><frame FP="T14" RV="T15" argssize="0" depth="0" label="_f1" locssize="0" size="16"/><stmt><imc instruction="LABEL(L29)"/></stmt><stmt><imc instruction="MOVE"><imc instruction="TEMP(107)"/><imc instruction="MEM"><imc instruction="NAME(_a)"/></imc></imc></stmt><stmt><imc instruction="MOVE"><imc instruction="TEMP(108)"/><imc instruction="CONST(1)"/></imc></stmt><stmt><imc instruction="MOVE"><imc instruction="TEMP(109)"/><imc instruction="BINOP(ADD)"><imc instruction="TEMP(107)"/><imc instruction="TEMP(108)"/></imc></imc></stmt><stmt><imc instruction="MOVE"><imc instruction="TEMP(15)"/><imc instruction="TEMP(109)"/></imc></stmt><stmt><imc instruction="JUMP(L30)"/></stmt></codechunk><codechunk entrylabel="L31" exitlabel="L32"><frame FP="T16" RV="T17" argssize="0" depth="0" label="_f2" locssize="0" size="16"/><stmt><imc instruction="LABEL(L31)"/></stmt><stmt><imc instruction="MOVE"><imc instruction="TEMP(110)"/><imc instruction="NAME(_a)"/></imc></stmt><stmt><imc instruction="MOVE"><imc instruction="TEMP(111)"/><imc instruction="TEMP(16)"/></imc></stmt><stmt><imc instruction="MOVE"><imc instruction="TEMP(112)"/><imc instruction="CONST(8)"/></imc></stmt><stmt><imc instruction="MOVE"><imc instruction="TEMP(113)"/><imc instruction="MEM"><imc instruction="BINOP(ADD)"><imc instruction="TEMP(111)"/><imc instruction="TEMP(112)"/></imc></imc></imc></stmt><stmt><imc instruction="MOVE"><imc instruction="MEM"><imc instruction="TEMP(110)"/></imc><imc instruction="TEMP(113)"/></imc></stmt><stmt><imc instruction="MOVE"><imc instruction="TEMP(114)"/><imc instruction="CONST(0)"/></imc></stmt><stmt><imc instruction="MOVE"><imc instruction="TEMP(17)"/><imc instruction="TEMP(114)"/></imc></stmt><stmt><imc instruction="JUMP(L32)"/></stmt></codechunk><codechunk entrylabel="L33" exitlabel="L34"><frame FP="T18" RV="T19" argssize="0" depth="0" label="_arr2" locssize="0" size="16"/><stmt><imc instruction="LABEL(L33)"/></stmt><stmt><imc instruction="MOVE"><imc instruction="TEMP(115)"/><imc instruction="TEMP(18)"/></imc></stmt><stmt><imc instruction="MOVE"><imc instruction="TEMP(116)"/><imc instruction="CONST(8)"/></imc></stmt><stmt><imc instruction="MOVE"><imc instruction="TEMP(117)"/><imc instruction="MEM"><imc instruction="BINOP(ADD)"><imc instruction="TEMP(115)"/><imc instruction="TEMP(116)"/></imc></imc></imc></stmt><stmt><imc instruction="MOVE"><imc instruction="TEMP(118)"/><imc instruction="CONST(1)"/></imc></stmt><stmt><imc instruction="MOVE"><imc instruction="TEMP(119)"/><imc instruction="CONST(8)"/></imc></stmt><stmt><imc instruction="MOVE"><imc instruction="TEMP(120)"/><imc instruction="BINOP(MUL)"><imc instruction="TEMP(118)"/><imc instruction="TEMP(119)"/></imc></imc></stmt><stmt><imc instruction="MOVE"><imc instruction="TEMP(121)"/><imc instruction="MEM"><imc instruction="BINOP(ADD)"><imc instruction="TEMP(117)"/><imc instruction="TEMP(120)"/></imc></imc></imc></stmt><stmt><imc instruction="MOVE"><imc instruction="TEMP(19)"/><imc instruction="TEMP(121)"/></imc></stmt><stmt><imc instruction="JUMP(L34)"/></stmt></codechunk><codechunk entrylabel="L35" exitlabel="L36"><frame FP="T20" RV="T21" argssize="0" depth="0" label="_rec" locssize="0" size="16"/><stmt><imc instruction="LABEL(L35)"/></stmt><stmt><imc instruction="MOVE"><imc instruction="TEMP(122)"/><imc instruction="TEMP(20)"/></imc></stmt><stmt><imc instruction="MOVE"><imc instruction="TEMP(123)"/><imc instruction="CONST(8)"/></imc></stmt><stmt><imc instruction="MOVE"><imc instruction="TEMP(124)"/><imc instruction="MEM"><imc instruction="BINOP(ADD)"><imc instruction="TEMP(122)"/><imc instruction="TEMP(123)"/></imc></imc></imc></stmt><stmt><imc instruction="MOVE"><imc instruction="TEMP(125)"/><imc instruction="CONST(8)"/></imc></stmt><stmt><imc instruction="MOVE"><imc instruction="TEMP(126)"/><imc instruction="BINOP(ADD)"><imc instruction="TEMP(124)"/><imc instruction="TEMP(125)"/></imc></imc></stmt><stmt><imc instruction="MOVE"><imc instruction="TEMP(127)"/><imc instruction="CONST(6)"/></imc></stmt><stmt><imc instruction="MOVE"><imc instruction="TEMP(128)"/><imc instruction="CONST(8)"/></imc></stmt><stmt><imc instruction="MOVE"><imc instruction="TEMP(129)"/><imc instruction="BINOP(MUL)"><imc instruction="TEMP(127)"/><imc instruction="TEMP(128)"/></imc></imc></stmt><stmt><imc instruction="MOVE"><imc instruction="TEMP(130)"/><imc instruction="MEM"><imc instruction="BINOP(ADD)"><imc instruction="TEMP(126)"/><imc instruction="TEMP(129)"/></imc></imc></imc></stmt><stmt><imc instruction="MOVE"><imc instruction="TEMP(21)"/><imc instruction="TEMP(130)"/></imc></stmt><stmt><imc instruction="JUMP(L36)"/></stmt></codechunk><codechunk entrylabel="L37" exitlabel="L38"><frame FP="T22" RV="T23" argssize="0" depth="0" label="_delnew" locssize="0" size="16"/><stmt><imc instruction="LABEL(L37)"/></stmt><stmt><imc instruction="ESTMT"><imc instruction="CALL(_del)"><imc instruction="NAME(_n)"/></imc></imc></stmt><stmt><imc instruction="ESTMT"><imc instruction="CALL(_new)"><imc instruction="CONST(4)"/></imc></imc></stmt><stmt><imc instruction="MOVE"><imc instruction="TEMP(131)"/><imc instruction="CONST(4)"/></imc></stmt><stmt><imc instruction="MOVE"><imc instruction="TEMP(23)"/><imc instruction="TEMP(131)"/></imc></stmt><stmt><imc instruction="JUMP(L38)"/></stmt></codechunk><codechunk entrylabel="L39" exitlabel="L40"><frame FP="T24" RV="T25" argssize="0" depth="0" label="_atomExpr" locssize="0" size="16"/><stmt><imc instruction="LABEL(L39)"/></stmt><stmt><imc instruction="ESTMT"><imc instruction="CONST(0)"/></imc></stmt><stmt><imc instruction="ESTMT"><imc instruction="CONST(0)"/></imc></stmt><stmt><imc instruction="ESTMT"><imc instruction="CONST(1)"/></imc></stmt><stmt><imc instruction="ESTMT"><imc instruction="CONST(0)"/></imc></stmt><stmt><imc instruction="ESTMT"><imc instruction="CONST(97)"/></imc></stmt><stmt><imc instruction="ESTMT"><imc instruction="CONST(65)"/></imc></stmt><stmt><imc instruction="MOVE"><imc instruction="TEMP(132)"/><imc instruction="CONST(10)"/></imc></stmt><stmt><imc instruction="MOVE"><imc instruction="TEMP(25)"/><imc instruction="TEMP(132)"/></imc></stmt><stmt><imc instruction="JUMP(L40)"/></stmt></codechunk><codechunk entrylabel="L41" exitlabel="L42"><frame FP="T26" RV="T27" argssize="0" depth="0" label="_pfxExp" locssize="0" size="16"/><stmt><imc instruction="LABEL(L41)"/></stmt><stmt><imc instruction="ESTMT"><imc instruction="UNOP(NOT)"><imc instruction="CONST(1)"/></imc></imc></stmt><stmt><imc instruction="ESTMT"><imc instruction="CONST(45)"/></imc></stmt><stmt><imc instruction="ESTMT"><imc instruction="MEM"><imc instruction="MEM"><imc instruction="NAME(_pointer1)"/></imc></imc></imc></stmt><stmt><imc instruction="MOVE"><imc instruction="TEMP(133)"/><imc instruction="UNOP(NEG)"><imc instruction="CONST(10)"/></imc></imc></stmt><stmt><imc instruction="MOVE"><imc instruction="TEMP(27)"/><imc instruction="TEMP(133)"/></imc></stmt><stmt><imc instruction="JUMP(L42)"/></stmt></codechunk><codechunk entrylabel="L43" exitlabel="L44"><frame FP="T28" RV="T29" argssize="0" depth="0" label="_binExpr" locssize="0" size="16"/><stmt><imc instruction="LABEL(L43)"/></stmt><stmt><imc instruction="MOVE"><imc instruction="TEMP(134)"/><imc instruction="CONST(1)"/></imc></stmt><stmt><imc instruction="MOVE"><imc instruction="TEMP(135)"/><imc instruction="CONST(2)"/></imc></stmt><stmt><imc instruction="ESTMT"><imc instruction="BINOP(ADD)"><imc instruction="TEMP(134)"/><imc instruction="TEMP(135)"/></imc></imc></stmt><stmt><imc instruction="MOVE"><imc instruction="TEMP(136)"/><imc instruction="UNOP(NEG)"><imc instruction="CONST(3)"/></imc></imc></stmt><stmt><imc instruction="MOVE"><imc instruction="TEMP(137)"/><imc instruction="CONST(4)"/></imc></stmt><stmt><imc instruction="ESTMT"><imc instruction="BINOP(SUB)"><imc instruction="TEMP(136)"/><imc instruction="TEMP(137)"/></imc></imc></stmt><stmt><imc instruction="MOVE"><imc instruction="TEMP(138)"/><imc instruction="CONST(66)"/></imc></stmt><stmt><imc instruction="MOVE"><imc instruction="TEMP(139)"/><imc instruction="CONST(6)"/></imc></stmt><stmt><imc instruction="ESTMT"><imc instruction="BINOP(MOD)"><imc instruction="TEMP(138)"/><imc instruction="TEMP(139)"/></imc></imc></stmt><stmt><imc instruction="MOVE"><imc instruction="TEMP(140)"/><imc instruction="CONST(1)"/></imc></stmt><stmt><imc instruction="MOVE"><imc instruction="TEMP(141)"/><imc instruction="CONST(2)"/></imc></stmt><stmt><imc instruction="ESTMT"><imc instruction="BINOP(LTH)"><imc instruction="TEMP(140)"/><imc instruction="TEMP(141)"/></imc></imc></stmt><stmt><imc instruction="MOVE"><imc instruction="TEMP(142)"/><imc instruction="CONST(2)"/></imc></stmt><stmt><imc instruction="MOVE"><imc instruction="TEMP(143)"/><imc instruction="CONST(3)"/></imc></stmt><stmt><imc instruction="ESTMT"><imc instruction="BINOP(GTH)"><imc instruction="TEMP(142)"/><imc instruction="TEMP(143)"/></imc></imc></stmt><stmt><imc instruction="MOVE"><imc instruction="TEMP(144)"/><imc instruction="CONST(1)"/></imc></stmt><stmt><imc instruction="MOVE"><imc instruction="TEMP(145)"/><imc instruction="CONST(4)"/></imc></stmt><stmt><imc instruction="ESTMT"><imc instruction="BINOP(LEQ)"><imc instruction="TEMP(144)"/><imc instruction="TEMP(145)"/></imc></imc></stmt><stmt><imc instruction="MOVE"><imc instruction="TEMP(146)"/><imc instruction="CONST(1)"/></imc></stmt><stmt><imc instruction="MOVE"><imc instruction="TEMP(147)"/><imc instruction="CONST(5)"/></imc></stmt><stmt><imc instruction="ESTMT"><imc instruction="BINOP(GEQ)"><imc instruction="TEMP(146)"/><imc instruction="TEMP(147)"/></imc></imc></stmt><stmt><imc instruction="MOVE"><imc instruction="TEMP(148)"/><imc instruction="CONST(1)"/></imc></stmt><stmt><imc instruction="MOVE"><imc instruction="TEMP(149)"/><imc instruction="CONST(0)"/></imc></stmt><stmt><imc instruction="ESTMT"><imc instruction="BINOP(AND)"><imc instruction="TEMP(148)"/><imc instruction="TEMP(149)"/></imc></imc></stmt><stmt><imc instruction="MOVE"><imc instruction="TEMP(150)"/><imc instruction="CONST(0)"/></imc></stmt><stmt><imc instruction="MOVE"><imc instruction="TEMP(151)"/><imc instruction="CONST(0)"/></imc></stmt><stmt><imc instruction="ESTMT"><imc instruction="BINOP(OR)"><imc instruction="TEMP(150)"/><imc instruction="TEMP(151)"/></imc></imc></stmt><stmt><imc instruction="MOVE"><imc instruction="TEMP(152)"/><imc instruction="CONST(1)"/></imc></stmt><stmt><imc instruction="MOVE"><imc instruction="TEMP(153)"/><imc instruction="CONST(2)"/></imc></stmt><stmt><imc instruction="ESTMT"><imc instruction="BINOP(EQU)"><imc instruction="TEMP(152)"/><imc instruction="TEMP(153)"/></imc></imc></stmt><stmt><imc instruction="MOVE"><imc instruction="TEMP(154)"/><imc instruction="CONST(1)"/></imc></stmt><stmt><imc instruction="MOVE"><imc instruction="TEMP(155)"/><imc instruction="CONST(2)"/></imc></stmt><stmt><imc instruction="ESTMT"><imc instruction="BINOP(NEQ)"><imc instruction="TEMP(154)"/><imc instruction="TEMP(155)"/></imc></imc></stmt><stmt><imc instruction="MOVE"><imc instruction="TEMP(156)"/><imc instruction="CONST(2)"/></imc></stmt><stmt><imc instruction="MOVE"><imc instruction="TEMP(157)"/><imc instruction="CONST(7)"/></imc></stmt><stmt><imc instruction="MOVE"><imc instruction="TEMP(158)"/><imc instruction="BINOP(MUL)"><imc instruction="TEMP(156)"/><imc instruction="TEMP(157)"/></imc></imc></stmt><stmt><imc instruction="MOVE"><imc instruction="TEMP(159)"/><imc instruction="CONST(3)"/></imc></stmt><stmt><imc instruction="ESTMT"><imc instruction="BINOP(MUL)"><imc instruction="TEMP(158)"/><imc instruction="TEMP(159)"/></imc></imc></stmt><stmt><imc instruction="MOVE"><imc instruction="TEMP(160)"/><imc instruction="CONST(4)"/></imc></stmt><stmt><imc instruction="MOVE"><imc instruction="TEMP(161)"/><imc instruction="CONST(2)"/></imc></stmt><stmt><imc instruction="MOVE"><imc instruction="TEMP(162)"/><imc instruction="BINOP(DIV)"><imc instruction="TEMP(160)"/><imc instruction="TEMP(161)"/></imc></imc></stmt><stmt><imc instruction="MOVE"><imc instruction="TEMP(29)"/><imc instruction="TEMP(162)"/></imc></stmt><stmt><imc instruction="JUMP(L44)"/></stmt></codechunk><codechunk entrylabel="L45" exitlabel="L46"><frame FP="T30" RV="T31" argssize="0" depth="0" label="_newdel" locssize="0" size="16"/><stmt><imc instruction="LABEL(L45)"/></stmt><stmt><imc instruction="ESTMT"><imc instruction="CALL(_new)"><imc instruction="CONST(1)"/></imc></imc></stmt><stmt><imc instruction="ESTMT"><imc instruction="CALL(_del)"><imc instruction="MEM"><imc instruction="NAME(_pointer1)"/></imc></imc></imc></stmt><stmt><imc instruction="MOVE"><imc instruction="TEMP(163)"/><imc instruction="CONST(1)"/></imc></stmt><stmt><imc instruction="MOVE"><imc instruction="TEMP(31)"/><imc instruction="TEMP(163)"/></imc></stmt><stmt><imc instruction="JUMP(L46)"/></stmt></codechunk><codechunk entrylabel="L47" exitlabel="L48"><frame FP="T32" RV="T33" argssize="0" depth="0" label="_name" locssize="8" size="24"/><stmt><imc instruction="LABEL(L47)"/></stmt><stmt><imc instruction="ESTMT"><imc instruction="MEM"><imc instruction="NAME(_n1)"/></imc></imc></stmt><stmt><imc instruction="MOVE"><imc instruction="TEMP(164)"/><imc instruction="TEMP(32)"/></imc></stmt><stmt><imc instruction="MOVE"><imc instruction="TEMP(165)"/><imc instruction="CONST(-8)"/></imc></stmt><stmt><imc instruction="MOVE"><imc instruction="TEMP(166)"/><imc instruction="MEM"><imc instruction="BINOP(ADD)"><imc instruction="TEMP(164)"/><imc instruction="TEMP(165)"/></imc></imc></imc></stmt><stmt><imc instruction="MOVE"><imc instruction="TEMP(167)"/><imc instruction="MEM"><imc instruction="NAME(_n1)"/></imc></imc></stmt><stmt><imc instruction="MOVE"><imc instruction="TEMP(168)"/><imc instruction="BINOP(ADD)"><imc instruction="TEMP(166)"/><imc instruction="TEMP(167)"/></imc></imc></stmt><stmt><imc instruction="MOVE"><imc instruction="TEMP(33)"/><imc instruction="TEMP(168)"/></imc></stmt><stmt><imc instruction="JUMP(L48)"/></stmt></codechunk><codechunk entrylabel="L49" exitlabel="L50"><frame FP="T34" RV="T35" argssize="0" depth="1" label="L0" locssize="0" size="16"/><stmt><imc instruction="LABEL(L49)"/></stmt><stmt><imc instruction="MOVE"><imc instruction="TEMP(169)"/><imc instruction="MEM"><imc instruction="TEMP(34)"/></imc></imc></stmt><stmt><imc instruction="MOVE"><imc instruction="TEMP(170)"/><imc instruction="CONST(-16)"/></imc></stmt><stmt><imc instruction="MOVE"><imc instruction="TEMP(171)"/><imc instruction="MEM"><imc instruction="BINOP(ADD)"><imc instruction="TEMP(169)"/><imc instruction="TEMP(170)"/></imc></imc></imc></stmt><stmt><imc instruction="MOVE"><imc instruction="TEMP(35)"/><imc instruction="TEMP(171)"/></imc></stmt><stmt><imc instruction="JUMP(L50)"/></stmt></codechunk><codechunk entrylabel="L51" exitlabel="L52"><frame FP="T36" RV="T37" argssize="8" depth="0" label="_name2" locssize="16" size="40"/><stmt><imc instruction="LABEL(L51)"/></stmt><stmt><imc instruction="ESTMT"><imc instruction="MEM"><imc instruction="NAME(_n1)"/></imc></imc></stmt><stmt><imc instruction="MOVE"><imc instruction="TEMP(172)"/><imc instruction="TEMP(36)"/></imc></stmt><stmt><imc instruction="MOVE"><imc instruction="TEMP(173)"/><imc instruction="CONST(-8)"/></imc></stmt><stmt><imc instruction="MOVE"><imc instruction="TEMP(174)"/><imc instruction="MEM"><imc instruction="BINOP(ADD)"><imc instruction="TEMP(172)"/><imc instruction="TEMP(173)"/></imc></imc></imc></stmt><stmt><imc instruction="MOVE"><imc instruction="TEMP(175)"/><imc instruction="MEM"><imc instruction="NAME(_n1)"/></imc></imc></stmt><stmt><imc instruction="ESTMT"><imc instruction="BINOP(ADD)"><imc instruction="TEMP(174)"/><imc instruction="TEMP(175)"/></imc></imc></stmt><stmt><imc instruction="MOVE"><imc instruction="TEMP(176)"/><imc instruction="TEMP(36)"/></imc></stmt><stmt><imc instruction="MOVE"><imc instruction="TEMP(177)"/><imc instruction="CALL(L0)"><imc instruction="TEMP(176)"/></imc></imc></stmt><stmt><imc instruction="MOVE"><imc instruction="TEMP(178)"/><imc instruction="TEMP(177)"/></imc></stmt><stmt><imc instruction="MOVE"><imc instruction="TEMP(37)"/><imc instruction="TEMP(178)"/></imc></stmt><stmt><imc instruction="JUMP(L52)"/></stmt></codechunk><codechunk entrylabel="L53" exitlabel="L54"><frame FP="T38" RV="T39" argssize="0" depth="0" label="_array22" locssize="0" size="16"/><stmt><imc instruction="LABEL(L53)"/></stmt><stmt><imc instruction="MOVE"><imc instruction="TEMP(179)"/><imc instruction="NAME(_arr)"/></imc></stmt><stmt><imc instruction="MOVE"><imc instruction="TEMP(180)"/><imc instruction="CONST(0)"/></imc></stmt><stmt><imc instruction="MOVE"><imc instruction="TEMP(181)"/><imc instruction="CONST(8)"/></imc></stmt><stmt><imc instruction="MOVE"><imc instruction="TEMP(182)"/><imc instruction="BINOP(MUL)"><imc instruction="TEMP(180)"/><imc instruction="TEMP(181)"/></imc></imc></stmt><stmt><imc instruction="MOVE"><imc instruction="TEMP(183)"/><imc instruction="MEM"><imc instruction="BINOP(ADD)"><imc instruction="TEMP(179)"/><imc instruction="TEMP(182)"/></imc></imc></imc></stmt><stmt><imc instruction="MOVE"><imc instruction="TEMP(39)"/><imc instruction="TEMP(183)"/></imc></stmt><stmt><imc instruction="JUMP(L54)"/></stmt></codechunk><codechunk entrylabel="L55" exitlabel="L56"><frame FP="T40" RV="T41" argssize="0" depth="0" label="_aray222" locssize="0" size="16"/><stmt><imc instruction="LABEL(L55)"/></stmt><stmt><imc instruction="MOVE"><imc instruction="TEMP(184)"/><imc instruction="NAME(_arr)"/></imc></stmt><stmt><imc instruction="MOVE"><imc instruction="TEMP(185)"/><imc instruction="CONST(10)"/></imc></stmt><stmt><imc instruction="MOVE"><imc instruction="TEMP(186)"/><imc instruction="CONST(8)"/></imc></stmt><stmt><imc instruction="MOVE"><imc instruction="TEMP(187)"/><imc instruction="BINOP(MUL)"><imc instruction="TEMP(185)"/><imc instruction="TEMP(186)"/></imc></imc></stmt><stmt><imc instruction="MOVE"><imc instruction="TEMP(188)"/><imc instruction="MEM"><imc instruction="BINOP(ADD)"><imc instruction="TEMP(184)"/><imc instruction="TEMP(187)"/></imc></imc></imc></stmt><stmt><imc instruction="MOVE"><imc instruction="TEMP(41)"/><imc instruction="TEMP(188)"/></imc></stmt><stmt><imc instruction="JUMP(L56)"/></stmt></codechunk><codechunk entrylabel="L57" exitlabel="L58"><frame FP="T42" RV="T43" argssize="0" depth="0" label="_arr222" locssize="0" size="16"/><stmt><imc instruction="LABEL(L57)"/></stmt><stmt><imc instruction="MOVE"><imc instruction="TEMP(189)"/><imc instruction="TEMP(42)"/></imc></stmt><stmt><imc instruction="MOVE"><imc instruction="TEMP(190)"/><imc instruction="CONST(8)"/></imc></stmt><stmt><imc instruction="MOVE"><imc instruction="TEMP(191)"/><imc instruction="MEM"><imc instruction="BINOP(ADD)"><imc instruction="TEMP(189)"/><imc instruction="TEMP(190)"/></imc></imc></imc></stmt><stmt><imc instruction="MOVE"><imc instruction="TEMP(192)"/><imc instruction="CONST(1)"/></imc></stmt><stmt><imc instruction="MOVE"><imc instruction="TEMP(193)"/><imc instruction="CONST(8)"/></imc></stmt><stmt><imc instruction="MOVE"><imc instruction="TEMP(194)"/><imc instruction="BINOP(MUL)"><imc instruction="TEMP(192)"/><imc instruction="TEMP(193)"/></imc></imc></stmt><stmt><imc instruction="MOVE"><imc instruction="TEMP(195)"/><imc instruction="MEM"><imc instruction="BINOP(ADD)"><imc instruction="TEMP(191)"/><imc instruction="TEMP(194)"/></imc></imc></imc></stmt><stmt><imc instruction="MOVE"><imc instruction="TEMP(43)"/><imc instruction="TEMP(195)"/></imc></stmt><stmt><imc instruction="JUMP(L58)"/></stmt></codechunk><codechunk entrylabel="L59" exitlabel="L60"><frame FP="T44" RV="T45" argssize="0" depth="0" label="_recordFuni" locssize="0" size="16"/><stmt><imc instruction="LABEL(L59)"/></stmt><stmt><imc instruction="MOVE"><imc instruction="TEMP(196)"/><imc instruction="NAME(_record1)"/></imc></stmt><stmt><imc instruction="MOVE"><imc instruction="TEMP(197)"/><imc instruction="CONST(0)"/></imc></stmt><stmt><imc instruction="MOVE"><imc instruction="TEMP(198)"/><imc instruction="MEM"><imc instruction="BINOP(ADD)"><imc instruction="TEMP(196)"/><imc instruction="TEMP(197)"/></imc></imc></imc></stmt><stmt><imc instruction="MOVE"><imc instruction="TEMP(45)"/><imc instruction="TEMP(198)"/></imc></stmt><stmt><imc instruction="JUMP(L60)"/></stmt></codechunk><codechunk entrylabel="L61" exitlabel="L62"><frame FP="T46" RV="T47" argssize="0" depth="0" label="_recordFunj" locssize="0" size="16"/><stmt><imc instruction="LABEL(L61)"/></stmt><stmt><imc instruction="MOVE"><imc instruction="TEMP(199)"/><imc instruction="NAME(_record1)"/></imc></stmt><stmt><imc instruction="MOVE"><imc instruction="TEMP(200)"/><imc instruction="CONST(8)"/></imc></stmt><stmt><imc instruction="MOVE"><imc instruction="TEMP(201)"/><imc instruction="MEM"><imc instruction="BINOP(ADD)"><imc instruction="TEMP(199)"/><imc instruction="TEMP(200)"/></imc></imc></imc></stmt><stmt><imc instruction="MOVE"><imc instruction="TEMP(47)"/><imc instruction="TEMP(201)"/></imc></stmt><stmt><imc instruction="JUMP(L62)"/></stmt></codechunk><codechunk entrylabel="L63" exitlabel="L64"><frame FP="T48" RV="T49" argssize="0" depth="0" label="_f2C" locssize="0" size="16"/><stmt><imc instruction="LABEL(L63)"/></stmt><stmt><imc instruction="MOVE"><imc instruction="TEMP(202)"/><imc instruction="NAME(_a)"/></imc></stmt><stmt><imc instruction="MOVE"><imc instruction="TEMP(203)"/><imc instruction="TEMP(48)"/></imc></stmt><stmt><imc instruction="MOVE"><imc instruction="TEMP(204)"/><imc instruction="CONST(8)"/></imc></stmt><stmt><imc instruction="MOVE"><imc instruction="TEMP(205)"/><imc instruction="MEM"><imc instruction="BINOP(ADD)"><imc instruction="TEMP(203)"/><imc instruction="TEMP(204)"/></imc></imc></imc></stmt><stmt><imc instruction="MOVE"><imc instruction="MEM"><imc instruction="TEMP(202)"/></imc><imc instruction="TEMP(205)"/></imc></stmt><stmt><imc instruction="MOVE"><imc instruction="TEMP(206)"/><imc instruction="CONST(0)"/></imc></stmt><stmt><imc instruction="MOVE"><imc instruction="TEMP(49)"/><imc instruction="TEMP(206)"/></imc></stmt><stmt><imc instruction="JUMP(L64)"/></stmt></codechunk><codechunk entrylabel="L65" exitlabel="L66"><frame FP="T50" RV="T51" argssize="16" depth="0" label="_f3" locssize="0" size="32"/><stmt><imc instruction="LABEL(L65)"/></stmt><stmt><imc instruction="MOVE"><imc instruction="TEMP(207)"/><imc instruction="MEM"><imc instruction="TEMP(50)"/></imc></imc></stmt><stmt><imc instruction="MOVE"><imc instruction="TEMP(208)"/><imc instruction="CONST(3)"/></imc></stmt><stmt><imc instruction="MOVE"><imc instruction="TEMP(209)"/><imc instruction="CALL(_f2C)"><imc instruction="TEMP(207)"/><imc instruction="TEMP(208)"/></imc></imc></stmt><stmt><imc instruction="MOVE"><imc instruction="TEMP(210)"/><imc instruction="TEMP(209)"/></imc></stmt><stmt><imc instruction="MOVE"><imc instruction="TEMP(51)"/><imc instruction="TEMP(210)"/></imc></stmt><stmt><imc instruction="JUMP(L66)"/></stmt></codechunk><codechunk entrylabel="L67" exitlabel="L68"><frame FP="T52" RV="T53" argssize="0" depth="1" label="L1" locssize="0" size="16"/><stmt><imc instruction="LABEL(L67)"/></stmt><stmt><imc instruction="MOVE"><imc instruction="TEMP(211)"/><imc instruction="CONST(4)"/></imc></stmt><stmt><imc instruction="MOVE"><imc instruction="TEMP(53)"/><imc instruction="TEMP(211)"/></imc></stmt><stmt><imc instruction="JUMP(L68)"/></stmt></codechunk><codechunk entrylabel="L69" exitlabel="L70"><frame FP="T54" RV="T55" argssize="8" depth="0" label="_f4" locssize="0" size="24"/><stmt><imc instruction="LABEL(L69)"/></stmt><stmt><imc instruction="MOVE"><imc instruction="TEMP(212)"/><imc instruction="TEMP(54)"/></imc></stmt><stmt><imc instruction="MOVE"><imc instruction="TEMP(213)"/><imc instruction="CALL(L1)"><imc instruction="TEMP(212)"/></imc></imc></stmt><stmt><imc instruction="MOVE"><imc instruction="TEMP(214)"/><imc instruction="TEMP(213)"/></imc></stmt><stmt><imc instruction="MOVE"><imc instruction="TEMP(55)"/><imc instruction="TEMP(214)"/></imc></stmt><stmt><imc instruction="JUMP(L70)"/></stmt></codechunk><codechunk entrylabel="L71" exitlabel="L72"><frame FP="T56" RV="T57" argssize="0" depth="0" label="_fpod5" locssize="0" size="16"/><stmt><imc instruction="LABEL(L71)"/></stmt><stmt><imc instruction="MOVE"><imc instruction="TEMP(215)"/><imc instruction="CONST(5)"/></imc></stmt><stmt><imc instruction="MOVE"><imc instruction="TEMP(57)"/><imc instruction="TEMP(215)"/></imc></stmt><stmt><imc instruction="JUMP(L72)"/></stmt></codechunk><codechunk entrylabel="L73" exitlabel="L74"><frame FP="T58" RV="T59" argssize="8" depth="1" label="L2" locssize="0" size="24"/><stmt><imc instruction="LABEL(L73)"/></stmt><stmt><imc instruction="MOVE"><imc instruction="TEMP(216)"/><imc instruction="MEM"><imc instruction="MEM"><imc instruction="TEMP(58)"/></imc></imc></imc></stmt><stmt><imc instruction="MOVE"><imc instruction="TEMP(217)"/><imc instruction="CALL(_fpod5)"><imc instruction="TEMP(216)"/></imc></imc></stmt><stmt><imc instruction="MOVE"><imc instruction="TEMP(218)"/><imc instruction="TEMP(217)"/></imc></stmt><stmt><imc instruction="MOVE"><imc instruction="TEMP(59)"/><imc instruction="TEMP(218)"/></imc></stmt><stmt><imc instruction="JUMP(L74)"/></stmt></codechunk><codechunk entrylabel="L75" exitlabel="L76"><frame FP="T60" RV="T61" argssize="8" depth="0" label="_f42" locssize="0" size="24"/><stmt><imc instruction="LABEL(L75)"/></stmt><stmt><imc instruction="MOVE"><imc instruction="TEMP(219)"/><imc instruction="TEMP(60)"/></imc></stmt><stmt><imc instruction="MOVE"><imc instruction="TEMP(220)"/><imc instruction="CALL(L2)"><imc instruction="TEMP(219)"/></imc></imc></stmt><stmt><imc instruction="MOVE"><imc instruction="TEMP(221)"/><imc instruction="TEMP(220)"/></imc></stmt><stmt><imc instruction="MOVE"><imc instruction="TEMP(61)"/><imc instruction="TEMP(221)"/></imc></stmt><stmt><imc instruction="JUMP(L76)"/></stmt></codechunk><codechunk entrylabel="L77" exitlabel="L78"><frame FP="T62" RV="T63" argssize="0" depth="0" label="_stmts" locssize="0" size="16"/><stmt><imc instruction="LABEL(L77)"/></stmt><stmt><imc instruction="MOVE"><imc instruction="TEMP(222)"/><imc instruction="CONST(1)"/></imc></stmt><stmt><imc instruction="MOVE"><imc instruction="TEMP(223)"/><imc instruction="CONST(1)"/></imc></stmt><stmt><imc instruction="ESTMT"><imc instruction="BINOP(ADD)"><imc instruction="TEMP(222)"/><imc instruction="TEMP(223)"/></imc></imc></stmt><stmt><imc instruction="MOVE"><imc instruction="TEMP(224)"/><imc instruction="CONST(2)"/></imc></stmt><stmt><imc instruction="MOVE"><imc instruction="TEMP(225)"/><imc instruction="CONST(1)"/></imc></stmt><stmt><imc instruction="MOVE"><imc instruction="TEMP(226)"/><imc instruction="BINOP(ADD)"><imc instruction="TEMP(224)"/><imc instruction="TEMP(225)"/></imc></imc></stmt><stmt><imc instruction="MOVE"><imc instruction="TEMP(63)"/><imc instruction="TEMP(226)"/></imc></stmt><stmt><imc instruction="JUMP(L78)"/></stmt></codechunk><codechunk entrylabel="L79" exitlabel="L80"><frame FP="T64" RV="T65" argssize="0" depth="0" label="_castExpr" locssize="0" size="16"/><stmt><imc instruction="LABEL(L79)"/></stmt><stmt><imc instruction="MOVE"><imc instruction="TEMP(227)"/><imc instruction="CONST(300)"/></imc></stmt><stmt><imc instruction="MOVE"><imc instruction="TEMP(228)"/><imc instruction="CONST(256)"/></imc></stmt><stmt><imc instruction="ESTMT"><imc instruction="BINOP(MOD)"><imc instruction="TEMP(227)"/><imc instruction="TEMP(228)"/></imc></imc></stmt><stmt><imc instruction="MOVE"><imc instruction="TEMP(229)"/><imc instruction="CONST(97)"/></imc></stmt><stmt><imc instruction="MOVE"><imc instruction="TEMP(65)"/><imc instruction="TEMP(229)"/></imc></stmt><stmt><imc instruction="JUMP(L80)"/></stmt></codechunk><codechunk entrylabel="L81" exitlabel="L82"><frame FP="T66" RV="T67" argssize="0" depth="0" label="_eStmt" locssize="0" size="16"/><stmt><imc instruction="LABEL(L81)"/></stmt><stmt><imc instruction="MOVE"><imc instruction="TEMP(230)"/><imc instruction="TEMP(66)"/></imc></stmt><stmt><imc instruction="MOVE"><imc instruction="TEMP(231)"/><imc instruction="CONST(8)"/></imc></stmt><stmt><imc instruction="MOVE"><imc instruction="TEMP(232)"/><imc instruction="MEM"><imc instruction="BINOP(ADD)"><imc instruction="TEMP(230)"/><imc instruction="TEMP(231)"/></imc></imc></imc></stmt><stmt><imc instruction="MOVE"><imc instruction="TEMP(233)"/><imc instruction="TEMP(66)"/></imc></stmt><stmt><imc instruction="MOVE"><imc instruction="TEMP(234)"/><imc instruction="CONST(16)"/></imc></stmt><stmt><imc instruction="MOVE"><imc instruction="TEMP(235)"/><imc instruction="MEM"><imc instruction="BINOP(ADD)"><imc instruction="TEMP(233)"/><imc instruction="TEMP(234)"/></imc></imc></imc></stmt><stmt><imc instruction="MOVE"><imc instruction="TEMP(236)"/><imc instruction="BINOP(ADD)"><imc instruction="TEMP(232)"/><imc instruction="TEMP(235)"/></imc></imc></stmt><stmt><imc instruction="MOVE"><imc instruction="TEMP(67)"/><imc instruction="TEMP(236)"/></imc></stmt><stmt><imc instruction="JUMP(L82)"/></stmt></codechunk><codechunk entrylabel="L83" exitlabel="L84"><frame FP="T68" RV="T69" argssize="0" depth="0" label="_eStmt2" locssize="0" size="16"/><stmt><imc instruction="LABEL(L83)"/></stmt><stmt><imc instruction="MOVE"><imc instruction="TEMP(237)"/><imc instruction="TEMP(68)"/></imc></stmt><stmt><imc instruction="MOVE"><imc instruction="TEMP(238)"/><imc instruction="CONST(8)"/></imc></stmt><stmt><imc instruction="MOVE"><imc instruction="TEMP(239)"/><imc instruction="MEM"><imc instruction="BINOP(ADD)"><imc instruction="TEMP(237)"/><imc instruction="TEMP(238)"/></imc></imc></imc></stmt><stmt><imc instruction="MOVE"><imc instruction="TEMP(240)"/><imc instruction="TEMP(68)"/></imc></stmt><stmt><imc instruction="MOVE"><imc instruction="TEMP(241)"/><imc instruction="CONST(16)"/></imc></stmt><stmt><imc instruction="MOVE"><imc instruction="TEMP(242)"/><imc instruction="MEM"><imc instruction="BINOP(ADD)"><imc instruction="TEMP(240)"/><imc instruction="TEMP(241)"/></imc></imc></imc></stmt><stmt><imc instruction="ESTMT"><imc instruction="BINOP(ADD)"><imc instruction="TEMP(239)"/><imc instruction="TEMP(242)"/></imc></imc></stmt><stmt><imc instruction="MOVE"><imc instruction="TEMP(243)"/><imc instruction="CONST(2)"/></imc></stmt><stmt><imc instruction="MOVE"><imc instruction="TEMP(69)"/><imc instruction="TEMP(243)"/></imc></stmt><stmt><imc instruction="JUMP(L84)"/></stmt></codechunk><codechunk entrylabel="L85" exitlabel="L86"><frame FP="T70" RV="T71" argssize="0" depth="0" label="_assignStmt" locssize="0" size="16"/><stmt><imc instruction="LABEL(L85)"/></stmt><stmt><imc instruction="MOVE"><imc instruction="TEMP(244)"/><imc instruction="TEMP(70)"/></imc></stmt><stmt><imc instruction="MOVE"><imc instruction="TEMP(245)"/><imc instruction="CONST(8)"/></imc></stmt><stmt><imc instruction="MOVE"><imc instruction="TEMP(246)"/><imc instruction="BINOP(ADD)"><imc instruction="TEMP(244)"/><imc instruction="TEMP(245)"/></imc></imc></stmt><stmt><imc instruction="MOVE"><imc instruction="TEMP(247)"/><imc instruction="CONST(2)"/></imc></stmt><stmt><imc instruction="MOVE"><imc instruction="MEM"><imc instruction="TEMP(246)"/></imc><imc instruction="TEMP(247)"/></imc></stmt><stmt><imc instruction="MOVE"><imc instruction="TEMP(248)"/><imc instruction="TEMP(70)"/></imc></stmt><stmt><imc instruction="MOVE"><imc instruction="TEMP(249)"/><imc instruction="CONST(16)"/></imc></stmt><stmt><imc instruction="MOVE"><imc instruction="TEMP(250)"/><imc instruction="BINOP(ADD)"><imc instruction="TEMP(248)"/><imc instruction="TEMP(249)"/></imc></imc></stmt><stmt><imc instruction="MOVE"><imc instruction="TEMP(251)"/><imc instruction="CONST(3)"/></imc></stmt><stmt><imc instruction="MOVE"><imc instruction="MEM"><imc instruction="TEMP(250)"/></imc><imc instruction="TEMP(251)"/></imc></stmt><stmt><imc instruction="MOVE"><imc instruction="TEMP(252)"/><imc instruction="CONST(0)"/></imc></stmt><stmt><imc instruction="MOVE"><imc instruction="TEMP(71)"/><imc instruction="TEMP(252)"/></imc></stmt><stmt><imc instruction="JUMP(L86)"/></stmt></codechunk><codechunk entrylabel="L87" exitlabel="L88"><frame FP="T72" RV="T73" argssize="0" depth="0" label="_ifThenElse" locssize="0" size="16"/><stmt><imc instruction="LABEL(L87)"/></stmt><stmt><imc instruction="MOVE"><imc instruction="TEMP(253)"/><imc instruction="TEMP(72)"/></imc></stmt><stmt><imc instruction="MOVE"><imc instruction="TEMP(254)"/><imc instruction="CONST(8)"/></imc></stmt><stmt><imc instruction="MOVE"><imc instruction="TEMP(255)"/><imc instruction="MEM"><imc instruction="BINOP(ADD)"><imc instruction="TEMP(253)"/><imc instruction="TEMP(254)"/></imc></imc></imc></stmt><stmt><imc instruction="MOVE"><imc instruction="TEMP(256)"/><imc instruction="TEMP(72)"/></imc></stmt><stmt><imc instruction="MOVE"><imc instruction="TEMP(257)"/><imc instruction="CONST(16)"/></imc></stmt><stmt><imc instruction="MOVE"><imc instruction="TEMP(258)"/><imc instruction="MEM"><imc instruction="BINOP(ADD)"><imc instruction="TEMP(256)"/><imc instruction="TEMP(257)"/></imc></imc></imc></stmt><stmt><imc instruction="CJUMP(L3,L4)"><imc instruction="BINOP(GTH)"><imc instruction="TEMP(255)"/><imc instruction="TEMP(258)"/></imc></imc></stmt><stmt><imc instruction="MOVE"><imc instruction="TEMP(261)"/><imc instruction="TEMP(72)"/></imc></stmt><stmt><imc instruction="MOVE"><imc instruction="TEMP(262)"/><imc instruction="CONST(16)"/></imc></stmt><stmt><imc instruction="ESTMT"><imc instruction="MEM"><imc instruction="BINOP(ADD)"><imc instruction="TEMP(261)"/><imc instruction="TEMP(262)"/></imc></imc></imc></stmt><stmt><imc instruction="JUMP(L5)"/></stmt><stmt><imc instruction="LABEL(L3)"/></stmt><stmt><imc instruction="MOVE"><imc instruction="TEMP(259)"/><imc instruction="TEMP(72)"/></imc></stmt><stmt><imc instruction="MOVE"><imc instruction="TEMP(260)"/><imc instruction="CONST(8)"/></imc></stmt><stmt><imc instruction="ESTMT"><imc instruction="MEM"><imc instruction="BINOP(ADD)"><imc instruction="TEMP(259)"/><imc instruction="TEMP(260)"/></imc></imc></imc></stmt><stmt><imc instruction="JUMP(L5)"/></stmt><stmt><imc instruction="LABEL(L4)"/></stmt><stmt><imc instruction="MOVE"><imc instruction="TEMP(261)"/><imc instruction="TEMP(72)"/></imc></stmt><stmt><imc instruction="MOVE"><imc instruction="TEMP(262)"/><imc instruction="CONST(16)"/></imc></stmt><stmt><imc instruction="ESTMT"><imc instruction="MEM"><imc instruction="BINOP(ADD)"><imc instruction="TEMP(261)"/><imc instruction="TEMP(262)"/></imc></imc></imc></stmt><stmt><imc instruction="JUMP(L5)"/></stmt><stmt><imc instruction="LABEL(L5)"/></stmt><stmt><imc instruction="MOVE"><imc instruction="TEMP(263)"/><imc instruction="CONST(0)"/></imc></stmt><stmt><imc instruction="MOVE"><imc instruction="TEMP(73)"/><imc instruction="TEMP(263)"/></imc></stmt><stmt><imc instruction="JUMP(L88)"/></stmt></codechunk><codechunk entrylabel="L89" exitlabel="L90"><frame FP="T74" RV="T75" argssize="0" depth="0" label="_ifThenElse2" locssize="0" size="16"/><stmt><imc instruction="LABEL(L89)"/></stmt><stmt><imc instruction="MOVE"><imc instruction="TEMP(264)"/><imc instruction="CONST(2)"/></imc></stmt><stmt><imc instruction="MOVE"><imc instruction="TEMP(265)"/><imc instruction="CONST(0)"/></imc></stmt><stmt><imc instruction="CJUMP(L6,L7)"><imc instruction="BINOP(GTH)"><imc instruction="TEMP(264)"/><imc instruction="TEMP(265)"/></imc></imc></stmt><stmt><imc instruction="ESTMT"><imc instruction="CONST(0)"/></imc></stmt><stmt><imc instruction="JUMP(L8)"/></stmt><stmt><imc instruction="LABEL(L6)"/></stmt><stmt><imc instruction="ESTMT"><imc instruction="CONST(2)"/></imc></stmt><stmt><imc instruction="JUMP(L8)"/></stmt><stmt><imc instruction="LABEL(L7)"/></stmt><stmt><imc instruction="ESTMT"><imc instruction="CONST(0)"/></imc></stmt><stmt><imc instruction="JUMP(L8)"/></stmt><stmt><imc instruction="LABEL(L8)"/></stmt><stmt><imc instruction="MOVE"><imc instruction="TEMP(266)"/><imc instruction="CONST(0)"/></imc></stmt><stmt><imc instruction="MOVE"><imc instruction="TEMP(75)"/><imc instruction="TEMP(266)"/></imc></stmt><stmt><imc instruction="JUMP(L90)"/></stmt></codechunk><codechunk entrylabel="L91" exitlabel="L92"><frame FP="T76" RV="T77" argssize="0" depth="0" label="_whileStmt" locssize="0" size="16"/><stmt><imc instruction="LABEL(L91)"/></stmt><stmt><imc instruction="JUMP(L9)"/></stmt><stmt><imc instruction="LABEL(L9)"/></stmt><stmt><imc instruction="MOVE"><imc instruction="TEMP(267)"/><imc instruction="TEMP(76)"/></imc></stmt><stmt><imc instruction="MOVE"><imc instruction="TEMP(268)"/><imc instruction="CONST(8)"/></imc></stmt><stmt><imc instruction="MOVE"><imc instruction="TEMP(269)"/><imc instruction="MEM"><imc instruction="BINOP(ADD)"><imc instruction="TEMP(267)"/><imc instruction="TEMP(268)"/></imc></imc></imc></stmt><stmt><imc instruction="MOVE"><imc instruction="TEMP(270)"/><imc instruction="CONST(0)"/></imc></stmt><stmt><imc instruction="CJUMP(L10,L11)"><imc instruction="BINOP(GTH)"><imc instruction="TEMP(269)"/><imc instruction="TEMP(270)"/></imc></imc></stmt><stmt><imc instruction="MOVE"><imc instruction="TEMP(279)"/><imc instruction="CONST(0)"/></imc></stmt><stmt><imc instruction="MOVE"><imc instruction="TEMP(77)"/><imc instruction="TEMP(279)"/></imc></stmt><stmt><imc instruction="JUMP(L92)"/></stmt><stmt><imc instruction="LABEL(L10)"/></stmt><stmt><imc instruction="MOVE"><imc instruction="TEMP(271)"/><imc instruction="TEMP(76)"/></imc></stmt><stmt><imc instruction="MOVE"><imc instruction="TEMP(272)"/><imc instruction="CONST(8)"/></imc></stmt><stmt><imc instruction="MOVE"><imc instruction="TEMP(273)"/><imc instruction="BINOP(ADD)"><imc instruction="TEMP(271)"/><imc instruction="TEMP(272)"/></imc></imc></stmt><stmt><imc instruction="MOVE"><imc instruction="TEMP(274)"/><imc instruction="TEMP(76)"/></imc></stmt><stmt><imc instruction="MOVE"><imc instruction="TEMP(275)"/><imc instruction="CONST(8)"/></imc></stmt><stmt><imc instruction="MOVE"><imc instruction="TEMP(276)"/><imc instruction="MEM"><imc instruction="BINOP(ADD)"><imc instruction="TEMP(274)"/><imc instruction="TEMP(275)"/></imc></imc></imc></stmt><stmt><imc instruction="MOVE"><imc instruction="TEMP(277)"/><imc instruction="CONST(1)"/></imc></stmt><stmt><imc instruction="MOVE"><imc instruction="TEMP(278)"/><imc instruction="BINOP(SUB)"><imc instruction="TEMP(276)"/><imc instruction="TEMP(277)"/></imc></imc></stmt><stmt><imc instruction="MOVE"><imc instruction="MEM"><imc instruction="TEMP(273)"/></imc><imc instruction="TEMP(278)"/></imc></stmt><stmt><imc instruction="JUMP(L9)"/></stmt><stmt><imc instruction="LABEL(L11)"/></stmt><stmt><imc instruction="MOVE"><imc instruction="TEMP(279)"/><imc instruction="CONST(0)"/></imc></stmt><stmt><imc instruction="MOVE"><imc instruction="TEMP(77)"/><imc instruction="TEMP(279)"/></imc></stmt><stmt><imc instruction="JUMP(L92)"/></stmt></codechunk><codechunk entrylabel="L93" exitlabel="L94"><frame FP="T78" RV="T79" argssize="0" depth="0" label="_whileStmt2" locssize="0" size="16"/><stmt><imc instruction="LABEL(L93)"/></stmt><stmt><imc instruction="JUMP(L12)"/></stmt><stmt><imc instruction="LABEL(L12)"/></stmt><stmt><imc instruction="MOVE"><imc instruction="TEMP(280)"/><imc instruction="CONST(1)"/></imc></stmt><stmt><imc instruction="MOVE"><imc instruction="TEMP(281)"/><imc instruction="CONST(0)"/></imc></stmt><stmt><imc instruction="CJUMP(L13,L14)"><imc instruction="BINOP(GTH)"><imc instruction="TEMP(280)"/><imc instruction="TEMP(281)"/></imc></imc></stmt><stmt><imc instruction="MOVE"><imc instruction="TEMP(282)"/><imc instruction="CONST(0)"/></imc></stmt><stmt><imc instruction="MOVE"><imc instruction="TEMP(79)"/><imc instruction="TEMP(282)"/></imc></stmt><stmt><imc instruction="JUMP(L94)"/></stmt><stmt><imc instruction="LABEL(L13)"/></stmt><stmt><imc instruction="ESTMT"><imc instruction="CONST(11)"/></imc></stmt><stmt><imc instruction="JUMP(L12)"/></stmt><stmt><imc instruction="LABEL(L14)"/></stmt><stmt><imc instruction="MOVE"><imc instruction="TEMP(282)"/><imc instruction="CONST(0)"/></imc></stmt><stmt><imc instruction="MOVE"><imc instruction="TEMP(79)"/><imc instruction="TEMP(282)"/></imc></stmt><stmt><imc instruction="JUMP(L94)"/></stmt></codechunk></imclin>