<?xml version="1.0" encoding="UTF-8" standalone="no"?><?xml-stylesheet type="text/xsl" href="../lib/xsl/synan.xsl"?><synan><nont label="source"><nont label="decl"><term lexeme="fun" token="KW_FUN"><location begcolumn="1" begline="1" endcolumn="3" endline="1" loc="1.1 - 1.3"/></term><term lexeme="putChar" token="IDENTIFIER"><location begcolumn="5" begline="1" endcolumn="11" endline="1" loc="1.5 - 1.11"/></term><term lexeme="(" token="SIM_LPAR"><location begcolumn="12" begline="1" endcolumn="12" endline="1" loc="1.12 - 1.12"/></term><nont label="decl_p"><term lexeme="c" token="IDENTIFIER"><location begcolumn="13" begline="1" endcolumn="13" endline="1" loc="1.13 - 1.13"/></term><term lexeme=":" token="SIM_COL"><location begcolumn="14" begline="1" endcolumn="14" endline="1" loc="1.14 - 1.14"/></term><nont label="type"><term lexeme="char" token="KW_CHAR"><location begcolumn="15" begline="1" endcolumn="18" endline="1" loc="1.15 - 1.18"/></term><nont label="type_p"/></nont><nont label="decl_args"/></nont><term lexeme=")" token="SIM_RPAR"><location begcolumn="19" begline="1" endcolumn="19" endline="1" loc="1.19 - 1.19"/></term><term lexeme=":" token="SIM_COL"><location begcolumn="20" begline="1" endcolumn="20" endline="1" loc="1.20 - 1.20"/></term><nont label="type"><term lexeme="void" token="KW_VOID"><location begcolumn="21" begline="1" endcolumn="24" endline="1" loc="1.21 - 1.24"/></term><nont label="type_p"/></nont><term lexeme="=" token="SIM_IS"><location begcolumn="26" begline="1" endcolumn="26" endline="1" loc="1.26 - 1.26"/></term><nont label="declaration_binder"><nont label="disjunctive"><nont label="conjunctive"><nont label="relational"><nont label="additive"><nont label="multiplicative"><nont label="prefix"><nont label="postfix"><nont label="expr"><term lexeme="none" token="CONST_VOID"><location begcolumn="28" begline="1" endcolumn="31" endline="1" loc="1.28 - 1.31"/></term></nont><nont label="postfix_p"/></nont></nont><nont label="multiplicative_p"/></nont><nont label="additive_p"/></nont><nont label="relational_p"/></nont><nont label="conjunctive_p"/></nont><nont label="disjunctive_p"/></nont><nont label="declaration_binder_p"/></nont></nont><nont label="source_p"><nont label="decl"><term lexeme="fun" token="KW_FUN"><location begcolumn="1" begline="3" endcolumn="3" endline="3" loc="3.1 - 3.3"/></term><term lexeme="putString" token="IDENTIFIER"><location begcolumn="5" begline="3" endcolumn="13" endline="3" loc="3.5 - 3.13"/></term><term lexeme="(" token="SIM_LPAR"><location begcolumn="14" begline="3" endcolumn="14" endline="3" loc="3.14 - 3.14"/></term><nont label="decl_p"><term lexeme="s" token="IDENTIFIER"><location begcolumn="15" begline="3" endcolumn="15" endline="3" loc="3.15 - 3.15"/></term><term lexeme=":" token="SIM_COL"><location begcolumn="16" begline="3" endcolumn="16" endline="3" loc="3.16 - 3.16"/></term><nont label="type"><term lexeme="^" token="SIM_TOP"><location begcolumn="17" begline="3" endcolumn="17" endline="3" loc="3.17 - 3.17"/></term><nont label="type"><term lexeme="char" token="KW_CHAR"><location begcolumn="18" begline="3" endcolumn="21" endline="3" loc="3.18 - 3.21"/></term><nont label="type_p"/></nont><nont label="type_p"/></nont><nont label="decl_args"/></nont><term lexeme=")" token="SIM_RPAR"><location begcolumn="22" begline="3" endcolumn="22" endline="3" loc="3.22 - 3.22"/></term><term lexeme=":" token="SIM_COL"><location begcolumn="23" begline="3" endcolumn="23" endline="3" loc="3.23 - 3.23"/></term><nont label="type"><term lexeme="void" token="KW_VOID"><location begcolumn="24" begline="3" endcolumn="27" endline="3" loc="3.24 - 3.27"/></term><nont label="type_p"/></nont><term lexeme="=" token="SIM_IS"><location begcolumn="29" begline="3" endcolumn="29" endline="3" loc="3.29 - 3.29"/></term><nont label="declaration_binder"><nont label="disjunctive"><nont label="conjunctive"><nont label="relational"><nont label="additive"><nont label="multiplicative"><nont label="prefix"><nont label="postfix"><nont label="expr"><term lexeme="{" token="SIM_LSQLBR"><location begcolumn="5" begline="4" endcolumn="5" endline="4" loc="4.5 - 4.5"/></term><nont label="stmnt"><nont label="declaration_binder"><nont label="disjunctive"><nont label="conjunctive"><nont label="relational"><nont label="additive"><nont label="multiplicative"><nont label="prefix"><nont label="postfix"><nont label="expr"><term lexeme="i" token="IDENTIFIER"><location begcolumn="7" begline="5" endcolumn="7" endline="5" loc="5.7 - 5.7"/></term><nont label="expr_p"/></nont><nont label="postfix_p"/></nont></nont><nont label="multiplicative_p"/></nont><nont label="additive_p"/></nont><nont label="relational_p"/></nont><nont label="conjunctive_p"/></nont><nont label="disjunctive_p"/></nont><nont label="declaration_binder_p"/></nont><nont label="stmnt_p"><term lexeme="=" token="SIM_IS"><location begcolumn="8" begline="5" endcolumn="8" endline="5" loc="5.8 - 5.8"/></term><nont label="declaration_binder"><nont label="disjunctive"><nont label="conjunctive"><nont label="relational"><nont label="additive"><nont label="multiplicative"><nont label="prefix"><nont label="postfix"><nont label="expr"><term lexeme="0" token="CONST_INTEGER"><location begcolumn="9" begline="5" endcolumn="9" endline="5" loc="5.9 - 5.9"/></term></nont><nont label="postfix_p"/></nont></nont><nont label="multiplicative_p"/></nont><nont label="additive_p"/></nont><nont label="relational_p"/></nont><nont label="conjunctive_p"/></nont><nont label="disjunctive_p"/></nont><nont label="declaration_binder_p"/></nont></nont></nont><term lexeme=";" token="SIM_SCOL"><location begcolumn="10" begline="5" endcolumn="10" endline="5" loc="5.10 - 5.10"/></term><nont label="stmnt_args"><nont label="stmnt"><term lexeme="while" token="KW_WHILE"><location begcolumn="7" begline="6" endcolumn="11" endline="6" loc="6.7 - 6.11"/></term><nont label="declaration_binder"><nont label="disjunctive"><nont label="conjunctive"><nont label="relational"><nont label="additive"><nont label="multiplicative"><nont label="prefix"><nont label="postfix"><nont label="expr"><term lexeme="(" token="SIM_LPAR"><location begcolumn="13" begline="6" endcolumn="13" endline="6" loc="6.13 - 6.13"/></term><nont label="declaration_binder"><nont label="disjunctive"><nont label="conjunctive"><nont label="relational"><nont label="additive"><nont label="multiplicative"><nont label="prefix"><nont label="postfix"><nont label="expr"><term lexeme="(" token="SIM_LPAR"><location begcolumn="14" begline="6" endcolumn="14" endline="6" loc="6.14 - 6.14"/></term><nont label="declaration_binder"><nont label="disjunctive"><nont label="conjunctive"><nont label="relational"><nont label="additive"><nont label="multiplicative"><nont label="prefix"><nont label="postfix"><nont label="expr"><term lexeme="(" token="SIM_LPAR"><location begcolumn="15" begline="6" endcolumn="15" endline="6" loc="6.15 - 6.15"/></term><nont label="declaration_binder"><nont label="disjunctive"><nont label="conjunctive"><nont label="relational"><nont label="additive"><nont label="multiplicative"><nont label="prefix"><nont label="postfix"><nont label="expr"><term lexeme="s" token="IDENTIFIER"><location begcolumn="16" begline="6" endcolumn="16" endline="6" loc="6.16 - 6.16"/></term><nont label="expr_p"/></nont><nont label="postfix_p"/></nont></nont><nont label="multiplicative_p"/></nont><nont label="additive_p"/></nont><nont label="relational_p"/></nont><nont label="conjunctive_p"/></nont><nont label="disjunctive_p"/></nont><nont label="declaration_binder_p"/></nont><nont label="expr_pp"><term lexeme=":" token="SIM_COL"><location begcolumn="17" begline="6" endcolumn="17" endline="6" loc="6.17 - 6.17"/></term><nont label="type"><term lexeme="integer" token="KW_INTEGER"><location begcolumn="18" begline="6" endcolumn="24" endline="6" loc="6.18 - 6.24"/></term><nont label="type_p"/></nont></nont><term lexeme=")" token="SIM_RPAR"><location begcolumn="25" begline="6" endcolumn="25" endline="6" loc="6.25 - 6.25"/></term></nont><nont label="postfix_p"/></nont></nont><nont label="multiplicative_p"/></nont><nont label="additive_p"><term lexeme="+" token="SIM_PLUS"><location begcolumn="26" begline="6" endcolumn="26" endline="6" loc="6.26 - 6.26"/></term><nont label="multiplicative"><nont label="prefix"><nont label="postfix"><nont label="expr"><term lexeme="(" token="SIM_LPAR"><location begcolumn="27" begline="6" endcolumn="27" endline="6" loc="6.27 - 6.27"/></term><nont label="declaration_binder"><nont label="disjunctive"><nont label="conjunctive"><nont label="relational"><nont label="additive"><nont label="multiplicative"><nont label="prefix"><nont label="postfix"><nont label="expr"><term lexeme="i" token="IDENTIFIER"><location begcolumn="28" begline="6" endcolumn="28" endline="6" loc="6.28 - 6.28"/></term><nont label="expr_p"/></nont><nont label="postfix_p"/></nont></nont><nont label="multiplicative_p"><term lexeme="*" token="SIM_STAR"><location begcolumn="29" begline="6" endcolumn="29" endline="6" loc="6.29 - 6.29"/></term><nont label="prefix"><nont label="postfix"><nont label="expr"><term lexeme="8" token="CONST_INTEGER"><location begcolumn="30" begline="6" endcolumn="30" endline="6" loc="6.30 - 6.30"/></term></nont><nont label="postfix_p"/></nont></nont><nont label="multiplicative_p"/></nont></nont><nont label="additive_p"/></nont><nont label="relational_p"/></nont><nont label="conjunctive_p"/></nont><nont label="disjunctive_p"/></nont><nont label="declaration_binder_p"/></nont><nont label="expr_pp"/><term lexeme=")" token="SIM_RPAR"><location begcolumn="31" begline="6" endcolumn="31" endline="6" loc="6.31 - 6.31"/></term></nont><nont label="postfix_p"/></nont></nont><nont label="multiplicative_p"/></nont><nont label="additive_p"/></nont></nont><nont label="relational_p"/></nont><nont label="conjunctive_p"/></nont><nont label="disjunctive_p"/></nont><nont label="declaration_binder_p"/></nont><nont label="expr_pp"><term lexeme=":" token="SIM_COL"><location begcolumn="32" begline="6" endcolumn="32" endline="6" loc="6.32 - 6.32"/></term><nont label="type"><term lexeme="^" token="SIM_TOP"><location begcolumn="33" begline="6" endcolumn="33" endline="6" loc="6.33 - 6.33"/></term><nont label="type"><term lexeme="char" token="KW_CHAR"><location begcolumn="34" begline="6" endcolumn="37" endline="6" loc="6.34 - 6.37"/></term><nont label="type_p"/></nont><nont label="type_p"/></nont></nont><term lexeme=")" token="SIM_RPAR"><location begcolumn="38" begline="6" endcolumn="38" endline="6" loc="6.38 - 6.38"/></term></nont><nont label="postfix_p"><term lexeme="^" token="SIM_TOP"><location begcolumn="39" begline="6" endcolumn="39" endline="6" loc="6.39 - 6.39"/></term><nont label="postfix_p"/></nont></nont></nont><nont label="multiplicative_p"/></nont><nont label="additive_p"/></nont><nont label="relational_p"><term lexeme="!=" token="SIM_NEQU"><location begcolumn="40" begline="6" endcolumn="41" endline="6" loc="6.40 - 6.41"/></term><nont label="additive"><nont label="multiplicative"><nont label="prefix"><nont label="postfix"><nont label="expr"><term lexeme="(" token="SIM_LPAR"><location begcolumn="42" begline="6" endcolumn="42" endline="6" loc="6.42 - 6.42"/></term><nont label="declaration_binder"><nont label="disjunctive"><nont label="conjunctive"><nont label="relational"><nont label="additive"><nont label="multiplicative"><nont label="prefix"><nont label="postfix"><nont label="expr"><term lexeme="0" token="CONST_INTEGER"><location begcolumn="43" begline="6" endcolumn="43" endline="6" loc="6.43 - 6.43"/></term></nont><nont label="postfix_p"/></nont></nont><nont label="multiplicative_p"/></nont><nont label="additive_p"/></nont><nont label="relational_p"/></nont><nont label="conjunctive_p"/></nont><nont label="disjunctive_p"/></nont><nont label="declaration_binder_p"/></nont><nont label="expr_pp"><term lexeme=":" token="SIM_COL"><location begcolumn="44" begline="6" endcolumn="44" endline="6" loc="6.44 - 6.44"/></term><nont label="type"><term lexeme="char" token="KW_CHAR"><location begcolumn="45" begline="6" endcolumn="48" endline="6" loc="6.45 - 6.48"/></term><nont label="type_p"/></nont></nont><term lexeme=")" token="SIM_RPAR"><location begcolumn="49" begline="6" endcolumn="49" endline="6" loc="6.49 - 6.49"/></term></nont><nont label="postfix_p"/></nont></nont><nont label="multiplicative_p"/></nont><nont label="additive_p"/></nont></nont></nont><nont label="conjunctive_p"/></nont><nont label="disjunctive_p"/></nont><nont label="declaration_binder_p"/></nont><nont label="expr_pp"/><term lexeme=")" token="SIM_RPAR"><location begcolumn="50" begline="6" endcolumn="50" endline="6" loc="6.50 - 6.50"/></term></nont><nont label="postfix_p"/></nont></nont><nont label="multiplicative_p"/></nont><nont label="additive_p"/></nont><nont label="relational_p"/></nont><nont label="conjunctive_p"/></nont><nont label="disjunctive_p"/></nont><nont label="declaration_binder_p"/></nont><term lexeme="do" token="KW_DO"><location begcolumn="52" begline="6" endcolumn="53" endline="6" loc="6.52 - 6.53"/></term><nont label="stmnt"><nont label="declaration_binder"><nont label="disjunctive"><nont label="conjunctive"><nont label="relational"><nont label="additive"><nont label="multiplicative"><nont label="prefix"><nont label="postfix"><nont label="expr"><term lexeme="{" token="SIM_LSQLBR"><location begcolumn="55" begline="6" endcolumn="55" endline="6" loc="6.55 - 6.55"/></term><nont label="stmnt"><nont label="declaration_binder"><nont label="disjunctive"><nont label="conjunctive"><nont label="relational"><nont label="additive"><nont label="multiplicative"><nont label="prefix"><nont label="postfix"><nont label="expr"><term lexeme="putChar" token="IDENTIFIER"><location begcolumn="9" begline="7" endcolumn="15" endline="7" loc="7.9 - 7.15"/></term><nont label="expr_p"><term lexeme="(" token="SIM_LPAR"><location begcolumn="16" begline="7" endcolumn="16" endline="7" loc="7.16 - 7.16"/></term><nont label="declaration_binder"><nont label="disjunctive"><nont label="conjunctive"><nont label="relational"><nont label="additive"><nont label="multiplicative"><nont label="prefix"><nont label="postfix"><nont label="expr"><term lexeme="(" token="SIM_LPAR"><location begcolumn="17" begline="7" endcolumn="17" endline="7" loc="7.17 - 7.17"/></term><nont label="declaration_binder"><nont label="disjunctive"><nont label="conjunctive"><nont label="relational"><nont label="additive"><nont label="multiplicative"><nont label="prefix"><nont label="postfix"><nont label="expr"><term lexeme="(" token="SIM_LPAR"><location begcolumn="18" begline="7" endcolumn="18" endline="7" loc="7.18 - 7.18"/></term><nont label="declaration_binder"><nont label="disjunctive"><nont label="conjunctive"><nont label="relational"><nont label="additive"><nont label="multiplicative"><nont label="prefix"><nont label="postfix"><nont label="expr"><term lexeme="s" token="IDENTIFIER"><location begcolumn="19" begline="7" endcolumn="19" endline="7" loc="7.19 - 7.19"/></term><nont label="expr_p"/></nont><nont label="postfix_p"/></nont></nont><nont label="multiplicative_p"/></nont><nont label="additive_p"/></nont><nont label="relational_p"/></nont><nont label="conjunctive_p"/></nont><nont label="disjunctive_p"/></nont><nont label="declaration_binder_p"/></nont><nont label="expr_pp"><term lexeme=":" token="SIM_COL"><location begcolumn="20" begline="7" endcolumn="20" endline="7" loc="7.20 - 7.20"/></term><nont label="type"><term lexeme="integer" token="KW_INTEGER"><location begcolumn="21" begline="7" endcolumn="27" endline="7" loc="7.21 - 7.27"/></term><nont label="type_p"/></nont></nont><term lexeme=")" token="SIM_RPAR"><location begcolumn="28" begline="7" endcolumn="28" endline="7" loc="7.28 - 7.28"/></term></nont><nont label="postfix_p"/></nont></nont><nont label="multiplicative_p"/></nont><nont label="additive_p"><term lexeme="+" token="SIM_PLUS"><location begcolumn="29" begline="7" endcolumn="29" endline="7" loc="7.29 - 7.29"/></term><nont label="multiplicative"><nont label="prefix"><nont label="postfix"><nont label="expr"><term lexeme="(" token="SIM_LPAR"><location begcolumn="30" begline="7" endcolumn="30" endline="7" loc="7.30 - 7.30"/></term><nont label="declaration_binder"><nont label="disjunctive"><nont label="conjunctive"><nont label="relational"><nont label="additive"><nont label="multiplicative"><nont label="prefix"><nont label="postfix"><nont label="expr"><term lexeme="i" token="IDENTIFIER"><location begcolumn="31" begline="7" endcolumn="31" endline="7" loc="7.31 - 7.31"/></term><nont label="expr_p"/></nont><nont label="postfix_p"/></nont></nont><nont label="multiplicative_p"><term lexeme="*" token="SIM_STAR"><location begcolumn="32" begline="7" endcolumn="32" endline="7" loc="7.32 - 7.32"/></term><nont label="prefix"><nont label="postfix"><nont label="expr"><term lexeme="8" token="CONST_INTEGER"><location begcolumn="33" begline="7" endcolumn="33" endline="7" loc="7.33 - 7.33"/></term></nont><nont label="postfix_p"/></nont></nont><nont label="multiplicative_p"/></nont></nont><nont label="additive_p"/></nont><nont label="relational_p"/></nont><nont label="conjunctive_p"/></nont><nont label="disjunctive_p"/></nont><nont label="declaration_binder_p"/></nont><nont label="expr_pp"/><term lexeme=")" token="SIM_RPAR"><location begcolumn="34" begline="7" endcolumn="34" endline="7" loc="7.34 - 7.34"/></term></nont><nont label="postfix_p"/></nont></nont><nont label="multiplicative_p"/></nont><nont label="additive_p"/></nont></nont><nont label="relational_p"/></nont><nont label="conjunctive_p"/></nont><nont label="disjunctive_p"/></nont><nont label="declaration_binder_p"/></nont><nont label="expr_pp"><term lexeme=":" token="SIM_COL"><location begcolumn="35" begline="7" endcolumn="35" endline="7" loc="7.35 - 7.35"/></term><nont label="type"><term lexeme="^" token="SIM_TOP"><location begcolumn="36" begline="7" endcolumn="36" endline="7" loc="7.36 - 7.36"/></term><nont label="type"><term lexeme="char" token="KW_CHAR"><location begcolumn="37" begline="7" endcolumn="40" endline="7" loc="7.37 - 7.40"/></term><nont label="type_p"/></nont><nont label="type_p"/></nont></nont><term lexeme=")" token="SIM_RPAR"><location begcolumn="41" begline="7" endcolumn="41" endline="7" loc="7.41 - 7.41"/></term></nont><nont label="postfix_p"><term lexeme="^" token="SIM_TOP"><location begcolumn="42" begline="7" endcolumn="42" endline="7" loc="7.42 - 7.42"/></term><nont label="postfix_p"/></nont></nont></nont><nont label="multiplicative_p"/></nont><nont label="additive_p"/></nont><nont label="relational_p"/></nont><nont label="conjunctive_p"/></nont><nont label="disjunctive_p"/></nont><nont label="declaration_binder_p"/></nont><nont label="expr_args"/><term lexeme=")" token="SIM_RPAR"><location begcolumn="43" begline="7" endcolumn="43" endline="7" loc="7.43 - 7.43"/></term></nont></nont><nont label="postfix_p"/></nont></nont><nont label="multiplicative_p"/></nont><nont label="additive_p"/></nont><nont label="relational_p"/></nont><nont label="conjunctive_p"/></nont><nont label="disjunctive_p"/></nont><nont label="declaration_binder_p"/></nont><nont label="stmnt_p"/></nont><term lexeme=";" token="SIM_SCOL"><location begcolumn="44" begline="7" endcolumn="44" endline="7" loc="7.44 - 7.44"/></term><nont label="stmnt_args"><nont label="stmnt"><nont label="declaration_binder"><nont label="disjunctive"><nont label="conjunctive"><nont label="relational"><nont label="additive"><nont label="multiplicative"><nont label="prefix"><nont label="postfix"><nont label="expr"><term lexeme="i" token="IDENTIFIER"><location begcolumn="9" begline="8" endcolumn="9" endline="8" loc="8.9 - 8.9"/></term><nont label="expr_p"/></nont><nont label="postfix_p"/></nont></nont><nont label="multiplicative_p"/></nont><nont label="additive_p"/></nont><nont label="relational_p"/></nont><nont label="conjunctive_p"/></nont><nont label="disjunctive_p"/></nont><nont label="declaration_binder_p"/></nont><nont label="stmnt_p"><term lexeme="=" token="SIM_IS"><location begcolumn="10" begline="8" endcolumn="10" endline="8" loc="8.10 - 8.10"/></term><nont label="declaration_binder"><nont label="disjunctive"><nont label="conjunctive"><nont label="relational"><nont label="additive"><nont label="multiplicative"><nont label="prefix"><nont label="postfix"><nont label="expr"><term lexeme="i" token="IDENTIFIER"><location begcolumn="11" begline="8" endcolumn="11" endline="8" loc="8.11 - 8.11"/></term><nont label="expr_p"/></nont><nont label="postfix_p"/></nont></nont><nont label="multiplicative_p"/></nont><nont label="additive_p"><term lexeme="+" token="SIM_PLUS"><location begcolumn="12" begline="8" endcolumn="12" endline="8" loc="8.12 - 8.12"/></term><nont label="multiplicative"><nont label="prefix"><nont label="postfix"><nont label="expr"><term lexeme="1" token="CONST_INTEGER"><location begcolumn="13" begline="8" endcolumn="13" endline="8" loc="8.13 - 8.13"/></term></nont><nont label="postfix_p"/></nont></nont><nont label="multiplicative_p"/></nont><nont label="additive_p"/></nont></nont><nont label="relational_p"/></nont><nont label="conjunctive_p"/></nont><nont label="disjunctive_p"/></nont><nont label="declaration_binder_p"/></nont></nont></nont><term lexeme=";" token="SIM_SCOL"><location begcolumn="14" begline="8" endcolumn="14" endline="8" loc="8.14 - 8.14"/></term><nont label="stmnt_args"/></nont><term lexeme="}" token="SIM_RSQLBR"><location begcolumn="7" begline="9" endcolumn="7" endline="9" loc="9.7 - 9.7"/></term></nont><nont label="postfix_p"/></nont></nont><nont label="multiplicative_p"/></nont><nont label="additive_p"/></nont><nont label="relational_p"/></nont><nont label="conjunctive_p"/></nont><nont label="disjunctive_p"/></nont><nont label="declaration_binder_p"/></nont><nont label="stmnt_p"/></nont></nont><term lexeme=";" token="SIM_SCOL"><location begcolumn="8" begline="9" endcolumn="8" endline="9" loc="9.8 - 9.8"/></term><nont label="stmnt_args"><nont label="stmnt"><nont label="declaration_binder"><nont label="disjunctive"><nont label="conjunctive"><nont label="relational"><nont label="additive"><nont label="multiplicative"><nont label="prefix"><nont label="postfix"><nont label="expr"><term lexeme="none" token="CONST_VOID"><location begcolumn="7" begline="10" endcolumn="10" endline="10" loc="10.7 - 10.10"/></term></nont><nont label="postfix_p"/></nont></nont><nont label="multiplicative_p"/></nont><nont label="additive_p"/></nont><nont label="relational_p"/></nont><nont label="conjunctive_p"/></nont><nont label="disjunctive_p"/></nont><nont label="declaration_binder_p"/></nont><nont label="stmnt_p"/></nont><term lexeme=";" token="SIM_SCOL"><location begcolumn="11" begline="10" endcolumn="11" endline="10" loc="10.11 - 10.11"/></term><nont label="stmnt_args"/></nont></nont><term lexeme="}" token="SIM_RSQLBR"><location begcolumn="5" begline="11" endcolumn="5" endline="11" loc="11.5 - 11.5"/></term></nont><nont label="postfix_p"/></nont></nont><nont label="multiplicative_p"/></nont><nont label="additive_p"/></nont><nont label="relational_p"/></nont><nont label="conjunctive_p"/></nont><nont label="disjunctive_p"/></nont><nont label="declaration_binder_p"><term lexeme="where" token="KW_WHERE"><location begcolumn="5" begline="12" endcolumn="9" endline="12" loc="12.5 - 12.9"/></term><term lexeme="{" token="SIM_LSQLBR"><location begcolumn="11" begline="12" endcolumn="11" endline="12" loc="12.11 - 12.11"/></term><nont label="decl"><term lexeme="var" token="KW_VAR"><location begcolumn="7" begline="13" endcolumn="9" endline="13" loc="13.7 - 13.9"/></term><term lexeme="i" token="IDENTIFIER"><location begcolumn="11" begline="13" endcolumn="11" endline="13" loc="13.11 - 13.11"/></term><term lexeme=":" token="SIM_COL"><location begcolumn="12" begline="13" endcolumn="12" endline="13" loc="13.12 - 13.12"/></term><nont label="type"><term lexeme="integer" token="KW_INTEGER"><location begcolumn="13" begline="13" endcolumn="19" endline="13" loc="13.13 - 13.19"/></term><nont label="type_p"/></nont></nont><nont label="source_p"/><term lexeme="}" token="SIM_RSQLBR"><location begcolumn="5" begline="14" endcolumn="5" endline="14" loc="14.5 - 14.5"/></term><nont label="declaration_binder_p"/></nont></nont></nont><nont label="source_p"><nont label="decl"><term lexeme="fun" token="KW_FUN"><location begcolumn="1" begline="16" endcolumn="3" endline="16" loc="16.1 - 16.3"/></term><term lexeme="main" token="IDENTIFIER"><location begcolumn="5" begline="16" endcolumn="8" endline="16" loc="16.5 - 16.8"/></term><term lexeme="(" token="SIM_LPAR"><location begcolumn="9" begline="16" endcolumn="9" endline="16" loc="16.9 - 16.9"/></term><nont label="decl_p"/><term lexeme=")" token="SIM_RPAR"><location begcolumn="10" begline="16" endcolumn="10" endline="16" loc="16.10 - 16.10"/></term><term lexeme=":" token="SIM_COL"><location begcolumn="11" begline="16" endcolumn="11" endline="16" loc="16.11 - 16.11"/></term><nont label="type"><term lexeme="integer" token="KW_INTEGER"><location begcolumn="12" begline="16" endcolumn="18" endline="16" loc="16.12 - 16.18"/></term><nont label="type_p"/></nont><term lexeme="=" token="SIM_IS"><location begcolumn="20" begline="16" endcolumn="20" endline="16" loc="16.20 - 16.20"/></term><nont label="declaration_binder"><nont label="disjunctive"><nont label="conjunctive"><nont label="relational"><nont label="additive"><nont label="multiplicative"><nont label="prefix"><nont label="postfix"><nont label="expr"><term lexeme="{" token="SIM_LSQLBR"><location begcolumn="5" begline="17" endcolumn="5" endline="17" loc="17.5 - 17.5"/></term><nont label="stmnt"><nont label="declaration_binder"><nont label="disjunctive"><nont label="conjunctive"><nont label="relational"><nont label="additive"><nont label="multiplicative"><nont label="prefix"><nont label="postfix"><nont label="expr"><term lexeme="putString" token="IDENTIFIER"><location begcolumn="7" begline="17" endcolumn="15" endline="17" loc="17.7 - 17.15"/></term><nont label="expr_p"><term lexeme="(" token="SIM_LPAR"><location begcolumn="16" begline="17" endcolumn="16" endline="17" loc="17.16 - 17.16"/></term><nont label="declaration_binder"><nont label="disjunctive"><nont label="conjunctive"><nont label="relational"><nont label="additive"><nont label="multiplicative"><nont label="prefix"><nont label="postfix"><nont label="expr"><term lexeme="&quot;Hello, world.&quot;" token="CONST_STRING"><location begcolumn="17" begline="17" endcolumn="31" endline="17" loc="17.17 - 17.31"/></term></nont><nont label="postfix_p"/></nont></nont><nont label="multiplicative_p"/></nont><nont label="additive_p"/></nont><nont label="relational_p"/></nont><nont label="conjunctive_p"/></nont><nont label="disjunctive_p"/></nont><nont label="declaration_binder_p"/></nont><nont label="expr_args"/><term lexeme=")" token="SIM_RPAR"><location begcolumn="32" begline="17" endcolumn="32" endline="17" loc="17.32 - 17.32"/></term></nont></nont><nont label="postfix_p"/></nont></nont><nont label="multiplicative_p"/></nont><nont label="additive_p"/></nont><nont label="relational_p"/></nont><nont label="conjunctive_p"/></nont><nont label="disjunctive_p"/></nont><nont label="declaration_binder_p"/></nont><nont label="stmnt_p"/></nont><term lexeme=";" token="SIM_SCOL"><location begcolumn="33" begline="17" endcolumn="33" endline="17" loc="17.33 - 17.33"/></term><nont label="stmnt_args"><nont label="stmnt"><nont label="declaration_binder"><nont label="disjunctive"><nont label="conjunctive"><nont label="relational"><nont label="additive"><nont label="multiplicative"><nont label="prefix"><nont label="postfix"><nont label="expr"><term lexeme="putChar" token="IDENTIFIER"><location begcolumn="7" begline="18" endcolumn="13" endline="18" loc="18.7 - 18.13"/></term><nont label="expr_p"><term lexeme="(" token="SIM_LPAR"><location begcolumn="14" begline="18" endcolumn="14" endline="18" loc="18.14 - 18.14"/></term><nont label="declaration_binder"><nont label="disjunctive"><nont label="conjunctive"><nont label="relational"><nont label="additive"><nont label="multiplicative"><nont label="prefix"><nont label="postfix"><nont label="expr"><term lexeme="(" token="SIM_LPAR"><location begcolumn="15" begline="18" endcolumn="15" endline="18" loc="18.15 - 18.15"/></term><nont label="declaration_binder"><nont label="disjunctive"><nont label="conjunctive"><nont label="relational"><nont label="additive"><nont label="multiplicative"><nont label="prefix"><nont label="postfix"><nont label="expr"><term lexeme="10" token="CONST_INTEGER"><location begcolumn="16" begline="18" endcolumn="17" endline="18" loc="18.16 - 18.17"/></term></nont><nont label="postfix_p"/></nont></nont><nont label="multiplicative_p"/></nont><nont label="additive_p"/></nont><nont label="relational_p"/></nont><nont label="conjunctive_p"/></nont><nont label="disjunctive_p"/></nont><nont label="declaration_binder_p"/></nont><nont label="expr_pp"><term lexeme=":" token="SIM_COL"><location begcolumn="18" begline="18" endcolumn="18" endline="18" loc="18.18 - 18.18"/></term><nont label="type"><term lexeme="char" token="KW_CHAR"><location begcolumn="19" begline="18" endcolumn="22" endline="18" loc="18.19 - 18.22"/></term><nont label="type_p"/></nont></nont><term lexeme=")" token="SIM_RPAR"><location begcolumn="23" begline="18" endcolumn="23" endline="18" loc="18.23 - 18.23"/></term></nont><nont label="postfix_p"/></nont></nont><nont label="multiplicative_p"/></nont><nont label="additive_p"/></nont><nont label="relational_p"/></nont><nont label="conjunctive_p"/></nont><nont label="disjunctive_p"/></nont><nont label="declaration_binder_p"/></nont><nont label="expr_args"/><term lexeme=")" token="SIM_RPAR"><location begcolumn="24" begline="18" endcolumn="24" endline="18" loc="18.24 - 18.24"/></term></nont></nont><nont label="postfix_p"/></nont></nont><nont label="multiplicative_p"/></nont><nont label="additive_p"/></nont><nont label="relational_p"/></nont><nont label="conjunctive_p"/></nont><nont label="disjunctive_p"/></nont><nont label="declaration_binder_p"/></nont><nont label="stmnt_p"/></nont><term lexeme=";" token="SIM_SCOL"><location begcolumn="25" begline="18" endcolumn="25" endline="18" loc="18.25 - 18.25"/></term><nont label="stmnt_args"><nont label="stmnt"><nont label="declaration_binder"><nont label="disjunctive"><nont label="conjunctive"><nont label="relational"><nont label="additive"><nont label="multiplicative"><nont label="prefix"><nont label="postfix"><nont label="expr"><term lexeme="0" token="CONST_INTEGER"><location begcolumn="7" begline="19" endcolumn="7" endline="19" loc="19.7 - 19.7"/></term></nont><nont label="postfix_p"/></nont></nont><nont label="multiplicative_p"/></nont><nont label="additive_p"/></nont><nont label="relational_p"/></nont><nont label="conjunctive_p"/></nont><nont label="disjunctive_p"/></nont><nont label="declaration_binder_p"/></nont><nont label="stmnt_p"/></nont><term lexeme=";" token="SIM_SCOL"><location begcolumn="8" begline="19" endcolumn="8" endline="19" loc="19.8 - 19.8"/></term><nont label="stmnt_args"/></nont></nont><term lexeme="}" token="SIM_RSQLBR"><location begcolumn="10" begline="19" endcolumn="10" endline="19" loc="19.10 - 19.10"/></term></nont><nont label="postfix_p"/></nont></nont><nont label="multiplicative_p"/></nont><nont label="additive_p"/></nont><nont label="relational_p"/></nont><nont label="conjunctive_p"/></nont><nont label="disjunctive_p"/></nont><nont label="declaration_binder_p"/></nont></nont><nont label="source_p"/></nont></nont><term lexeme="" token="EOF"/></nont></synan>