<?xml version="1.0" encoding="UTF-8" standalone="no"?><?xml-stylesheet type="text/xsl" href="../lib/xsl/memory.xsl"?><memory><node id="78" label="{Decls}"><node id="5" label="FunDecl" lexeme="putChar"><node id="2" label="{Pars}"><node id="1" label="ParDecl" lexeme="c"><node id="0" label="AtomType" spec="CHAR"><location begcolumn="15" begline="1" endcolumn="18" endline="1" loc="1.15 - 1.18"/><isType><semtype type="CHAR"/></isType></node><location begcolumn="13" begline="1" endcolumn="18" endline="1" loc="1.13 - 1.18"/><access offset="8" size="8"/></node><location begcolumn="13" begline="1" endcolumn="18" endline="1" loc="1.13 - 1.18"/></node><node id="3" label="AtomType" spec="VOID"><location begcolumn="21" begline="1" endcolumn="24" endline="1" loc="1.21 - 1.24"/><isType><semtype type="VOID"/></isType></node><node id="4" label="AtomExpr" lexeme="none" spec="VOID"><location begcolumn="28" begline="1" endcolumn="31" endline="1" loc="1.28 - 1.31"/><ofType><semtype type="VOID"/></ofType></node><location begcolumn="1" begline="1" endcolumn="31" endline="1" loc="1.1 - 1.31"/><frame FP="T0" RV="T1" argssize="0" depth="0" label="_putChar" locssize="0" size="16"/></node><node id="60" label="FunDecl" lexeme="putString"><node id="9" label="{Pars}"><node id="8" label="ParDecl" lexeme="s"><node id="7" label="PtrType"><node id="6" label="AtomType" spec="CHAR"><location begcolumn="18" begline="3" endcolumn="21" endline="3" loc="3.18 - 3.21"/><isType><semtype type="CHAR"/></isType></node><location begcolumn="17" begline="3" endcolumn="21" endline="3" loc="3.17 - 3.21"/><isType><semtype type="PTR"><semtype type="CHAR"/></semtype></isType></node><location begcolumn="15" begline="3" endcolumn="21" endline="3" loc="3.15 - 3.21"/><access offset="8" size="8"/></node><location begcolumn="15" begline="3" endcolumn="21" endline="3" loc="3.15 - 3.21"/></node><node id="10" label="AtomType" spec="VOID"><location begcolumn="24" begline="3" endcolumn="27" endline="3" loc="3.24 - 3.27"/><isType><semtype type="VOID"/></isType></node><node id="59" label="WhereExpr"><node id="55" label="StmtExpr"><node id="54" label="{Stmts}"><node id="13" label="AssignStmt"><node id="11" label="NameExpr" lexeme="i"><location begcolumn="7" begline="5" endcolumn="7" endline="5" loc="5.7 - 5.7"/><declaredAt idx="57" location="13.7 - 13.19"/><ofType><semtype type="INTEGER"/></ofType><lvalue/></node><node id="12" label="AtomExpr" lexeme="0" spec="INTEGER"><location begcolumn="9" begline="5" endcolumn="9" endline="5" loc="5.9 - 5.9"/><ofType><semtype type="INTEGER"/></ofType></node><location begcolumn="7" begline="5" endcolumn="9" endline="5" loc="5.7 - 5.9"/><ofType><semtype type="VOID"/></ofType></node><node id="51" label="WhileStmt"><node id="28" label="BinExpr" spec="NEQ"><node id="24" label="SfxExpr" spec="PTR"><node id="23" label="CastExpr"><node id="20" label="BinExpr" spec="ADD"><node id="16" label="CastExpr"><node id="14" label="NameExpr" lexeme="s"><location begcolumn="16" begline="6" endcolumn="16" endline="6" loc="6.16 - 6.16"/><declaredAt idx="8" location="3.15 - 3.21"/><ofType><semtype type="PTR"><semtype type="CHAR"/></semtype></ofType></node><node id="15" label="AtomType" spec="INTEGER"><location begcolumn="18" begline="6" endcolumn="24" endline="6" loc="6.18 - 6.24"/><isType><semtype type="INTEGER"/></isType></node><location begcolumn="16" begline="6" endcolumn="24" endline="6" loc="6.16 - 6.24"/><ofType><semtype type="INTEGER"/></ofType></node><node id="19" label="BinExpr" spec="MUL"><node id="17" label="NameExpr" lexeme="i"><location begcolumn="28" begline="6" endcolumn="28" endline="6" loc="6.28 - 6.28"/><declaredAt idx="57" location="13.7 - 13.19"/><ofType><semtype type="INTEGER"/></ofType></node><node id="18" label="AtomExpr" lexeme="8" spec="INTEGER"><location begcolumn="30" begline="6" endcolumn="30" endline="6" loc="6.30 - 6.30"/><ofType><semtype type="INTEGER"/></ofType></node><location begcolumn="28" begline="6" endcolumn="30" endline="6" loc="6.28 - 6.30"/><ofType><semtype type="INTEGER"/></ofType></node><location begcolumn="16" begline="6" endcolumn="30" endline="6" loc="6.16 - 6.30"/><ofType><semtype type="INTEGER"/></ofType></node><node id="22" label="PtrType"><node id="21" label="AtomType" spec="CHAR"><location begcolumn="34" begline="6" endcolumn="37" endline="6" loc="6.34 - 6.37"/><isType><semtype type="CHAR"/></isType></node><location begcolumn="33" begline="6" endcolumn="37" endline="6" loc="6.33 - 6.37"/><isType><semtype type="PTR"><semtype type="CHAR"/></semtype></isType></node><location begcolumn="16" begline="6" endcolumn="37" endline="6" loc="6.16 - 6.37"/><ofType><semtype type="PTR"><semtype type="CHAR"/></semtype></ofType></node><location begcolumn="16" begline="6" endcolumn="39" endline="6" loc="6.16 - 6.39"/><ofType><semtype type="CHAR"/></ofType><lvalue/></node><node id="27" label="CastExpr"><node id="25" label="AtomExpr" lexeme="0" spec="INTEGER"><location begcolumn="43" begline="6" endcolumn="43" endline="6" loc="6.43 - 6.43"/><ofType><semtype type="INTEGER"/></ofType></node><node id="26" label="AtomType" spec="CHAR"><location begcolumn="45" begline="6" endcolumn="48" endline="6" loc="6.45 - 6.48"/><isType><semtype type="CHAR"/></isType></node><location begcolumn="43" begline="6" endcolumn="48" endline="6" loc="6.43 - 6.48"/><ofType><semtype type="CHAR"/></ofType></node><location begcolumn="16" begline="6" endcolumn="48" endline="6" loc="6.16 - 6.48"/><ofType><semtype type="BOOLEAN"/></ofType></node><node id="50" label="ExprStmt"><node id="49" label="StmtExpr"><node id="48" label="{Stmts}"><node id="42" label="ExprStmt"><node id="41" label="CallExpr" lexeme="putChar"><node id="40" label="{CallArgs}"><node id="39" label="SfxExpr" spec="PTR"><node id="38" label="CastExpr"><node id="35" label="BinExpr" spec="ADD"><node id="31" label="CastExpr"><node id="29" label="NameExpr" lexeme="s"><location begcolumn="19" begline="7" endcolumn="19" endline="7" loc="7.19 - 7.19"/><declaredAt idx="8" location="3.15 - 3.21"/><ofType><semtype type="PTR"><semtype type="CHAR"/></semtype></ofType></node><node id="30" label="AtomType" spec="INTEGER"><location begcolumn="21" begline="7" endcolumn="27" endline="7" loc="7.21 - 7.27"/><isType><semtype type="INTEGER"/></isType></node><location begcolumn="19" begline="7" endcolumn="27" endline="7" loc="7.19 - 7.27"/><ofType><semtype type="INTEGER"/></ofType></node><node id="34" label="BinExpr" spec="MUL"><node id="32" label="NameExpr" lexeme="i"><location begcolumn="31" begline="7" endcolumn="31" endline="7" loc="7.31 - 7.31"/><declaredAt idx="57" location="13.7 - 13.19"/><ofType><semtype type="INTEGER"/></ofType></node><node id="33" label="AtomExpr" lexeme="8" spec="INTEGER"><location begcolumn="33" begline="7" endcolumn="33" endline="7" loc="7.33 - 7.33"/><ofType><semtype type="INTEGER"/></ofType></node><location begcolumn="31" begline="7" endcolumn="33" endline="7" loc="7.31 - 7.33"/><ofType><semtype type="INTEGER"/></ofType></node><location begcolumn="19" begline="7" endcolumn="33" endline="7" loc="7.19 - 7.33"/><ofType><semtype type="INTEGER"/></ofType></node><node id="37" label="PtrType"><node id="36" label="AtomType" spec="CHAR"><location begcolumn="37" begline="7" endcolumn="40" endline="7" loc="7.37 - 7.40"/><isType><semtype type="CHAR"/></isType></node><location begcolumn="36" begline="7" endcolumn="40" endline="7" loc="7.36 - 7.40"/><isType><semtype type="PTR"><semtype type="CHAR"/></semtype></isType></node><location begcolumn="19" begline="7" endcolumn="40" endline="7" loc="7.19 - 7.40"/><ofType><semtype type="PTR"><semtype type="CHAR"/></semtype></ofType></node><location begcolumn="19" begline="7" endcolumn="42" endline="7" loc="7.19 - 7.42"/><ofType><semtype type="CHAR"/></ofType><lvalue/></node><location begcolumn="19" begline="7" endcolumn="42" endline="7" loc="7.19 - 7.42"/></node><location begcolumn="9" begline="7" endcolumn="43" endline="7" loc="7.9 - 7.43"/><declaredAt idx="5" location="1.1 - 1.31"/><ofType><semtype type="VOID"/></ofType></node><location begcolumn="9" begline="7" endcolumn="43" endline="7" loc="7.9 - 7.43"/><ofType><semtype type="VOID"/></ofType></node><node id="47" label="AssignStmt"><node id="43" label="NameExpr" lexeme="i"><location begcolumn="9" begline="8" endcolumn="9" endline="8" loc="8.9 - 8.9"/><declaredAt idx="57" location="13.7 - 13.19"/><ofType><semtype type="INTEGER"/></ofType><lvalue/></node><node id="46" label="BinExpr" spec="ADD"><node id="44" label="NameExpr" lexeme="i"><location begcolumn="11" begline="8" endcolumn="11" endline="8" loc="8.11 - 8.11"/><declaredAt idx="57" location="13.7 - 13.19"/><ofType><semtype type="INTEGER"/></ofType></node><node id="45" label="AtomExpr" lexeme="1" spec="INTEGER"><location begcolumn="13" begline="8" endcolumn="13" endline="8" loc="8.13 - 8.13"/><ofType><semtype type="INTEGER"/></ofType></node><location begcolumn="11" begline="8" endcolumn="13" endline="8" loc="8.11 - 8.13"/><ofType><semtype type="INTEGER"/></ofType></node><location begcolumn="9" begline="8" endcolumn="13" endline="8" loc="8.9 - 8.13"/><ofType><semtype type="VOID"/></ofType></node><location begcolumn="9" begline="7" endcolumn="13" endline="8" loc="7.9 - 8.13"/></node><location begcolumn="55" begline="6" endcolumn="7" endline="9" loc="6.55 - 9.7"/><ofType><semtype type="VOID"/></ofType></node><location begcolumn="55" begline="6" endcolumn="7" endline="9" loc="6.55 - 9.7"/><ofType><semtype type="VOID"/></ofType></node><location begcolumn="7" begline="6" endcolumn="7" endline="9" loc="6.7 - 9.7"/><ofType><semtype type="VOID"/></ofType></node><node id="53" label="ExprStmt"><node id="52" label="AtomExpr" lexeme="none" spec="VOID"><location begcolumn="7" begline="10" endcolumn="10" endline="10" loc="10.7 - 10.10"/><ofType><semtype type="VOID"/></ofType></node><location begcolumn="7" begline="10" endcolumn="10" endline="10" loc="10.7 - 10.10"/><ofType><semtype type="VOID"/></ofType></node><location begcolumn="7" begline="5" endcolumn="10" endline="10" loc="5.7 - 10.10"/></node><location begcolumn="5" begline="4" endcolumn="5" endline="11" loc="4.5 - 11.5"/><ofType><semtype type="VOID"/></ofType></node><node id="58" label="{Decls}"><node id="57" label="VarDecl" lexeme="i"><node id="56" label="AtomType" spec="INTEGER"><location begcolumn="13" begline="13" endcolumn="19" endline="13" loc="13.13 - 13.19"/><isType><semtype type="INTEGER"/></isType></node><location begcolumn="7" begline="13" endcolumn="19" endline="13" loc="13.7 - 13.19"/><access offset="-8" size="8"/></node><location begcolumn="7" begline="13" endcolumn="19" endline="13" loc="13.7 - 13.19"/></node><location begcolumn="5" begline="4" endcolumn="5" endline="14" loc="4.5 - 14.5"/><ofType><semtype type="VOID"/></ofType></node><location begcolumn="1" begline="3" endcolumn="5" endline="14" loc="3.1 - 14.5"/><frame FP="T2" RV="T3" argssize="16" depth="0" label="_putString" locssize="8" size="40"/></node><node id="77" label="FunDecl" lexeme="main"><node id="62" label="AtomType" spec="INTEGER"><location begcolumn="12" begline="16" endcolumn="18" endline="16" loc="16.12 - 16.18"/><isType><semtype type="INTEGER"/></isType></node><node id="76" label="StmtExpr"><node id="75" label="{Stmts}"><node id="66" label="ExprStmt"><node id="65" label="CallExpr" lexeme="putString"><node id="64" label="{CallArgs}"><node id="63" label="AtomExpr" lexeme="&quot;Hello, world.&quot;" spec="STRING"><location begcolumn="17" begline="17" endcolumn="31" endline="17" loc="17.17 - 17.31"/><ofType><semtype type="PTR"><semtype type="CHAR"/></semtype></ofType><access init="&quot;Hello, world.&quot;" label="L1" size="119"/></node><location begcolumn="17" begline="17" endcolumn="31" endline="17" loc="17.17 - 17.31"/></node><location begcolumn="7" begline="17" endcolumn="32" endline="17" loc="17.7 - 17.32"/><declaredAt idx="60" location="3.1 - 14.5"/><ofType><semtype type="VOID"/></ofType></node><location begcolumn="7" begline="17" endcolumn="32" endline="17" loc="17.7 - 17.32"/><ofType><semtype type="VOID"/></ofType></node><node id="72" label="ExprStmt"><node id="71" label="CallExpr" lexeme="putChar"><node id="70" label="{CallArgs}"><node id="69" label="CastExpr"><node id="67" label="AtomExpr" lexeme="10" spec="INTEGER"><location begcolumn="16" begline="18" endcolumn="17" endline="18" loc="18.16 - 18.17"/><ofType><semtype type="INTEGER"/></ofType></node><node id="68" label="AtomType" spec="CHAR"><location begcolumn="19" begline="18" endcolumn="22" endline="18" loc="18.19 - 18.22"/><isType><semtype type="CHAR"/></isType></node><location begcolumn="16" begline="18" endcolumn="22" endline="18" loc="18.16 - 18.22"/><ofType><semtype type="CHAR"/></ofType></node><location begcolumn="16" begline="18" endcolumn="22" endline="18" loc="18.16 - 18.22"/></node><location begcolumn="7" begline="18" endcolumn="24" endline="18" loc="18.7 - 18.24"/><declaredAt idx="5" location="1.1 - 1.31"/><ofType><semtype type="VOID"/></ofType></node><location begcolumn="7" begline="18" endcolumn="24" endline="18" loc="18.7 - 18.24"/><ofType><semtype type="VOID"/></ofType></node><node id="74" label="ExprStmt"><node id="73" label="AtomExpr" lexeme="0" spec="INTEGER"><location begcolumn="7" begline="19" endcolumn="7" endline="19" loc="19.7 - 19.7"/><ofType><semtype type="INTEGER"/></ofType></node><location begcolumn="7" begline="19" endcolumn="7" endline="19" loc="19.7 - 19.7"/><ofType><semtype type="INTEGER"/></ofType></node><location begcolumn="7" begline="17" endcolumn="7" endline="19" loc="17.7 - 19.7"/></node><location begcolumn="5" begline="17" endcolumn="10" endline="19" loc="17.5 - 19.10"/><ofType><semtype type="INTEGER"/></ofType></node><location begcolumn="1" begline="16" endcolumn="10" endline="19" loc="16.1 - 19.10"/><frame FP="T4" RV="T5" argssize="16" depth="0" label="_main" locssize="0" size="32"/></node><location begcolumn="1" begline="1" endcolumn="10" endline="19" loc="1.1 - 19.10"/></node></memory>