<?xml version="1.0" encoding="UTF-8" standalone="no"?><?xml-stylesheet type="text/xsl" href="../lib/xsl/imclin.xsl"?><imclin><codechunk entrylabel="L3" exitlabel="L4"><frame FP="T0" RV="T1" argssize="0" depth="0" label="_main" locssize="32" size="48"/><stmt><imc instruction="LABEL(L3)"/></stmt><stmt><imc instruction="MOVE"><imc instruction="TEMP(2)"/><imc instruction="TEMP(0)"/></imc></stmt><stmt><imc instruction="MOVE"><imc instruction="TEMP(3)"/><imc instruction="CONST(-8)"/></imc></stmt><stmt><imc instruction="MOVE"><imc instruction="TEMP(4)"/><imc instruction="BINOP(ADD)"><imc instruction="TEMP(2)"/><imc instruction="TEMP(3)"/></imc></imc></stmt><stmt><imc instruction="MOVE"><imc instruction="TEMP(5)"/><imc instruction="CONST(2)"/></imc></stmt><stmt><imc instruction="MOVE"><imc instruction="MEM"><imc instruction="TEMP(4)"/></imc><imc instruction="TEMP(5)"/></imc></stmt><stmt><imc instruction="MOVE"><imc instruction="TEMP(6)"/><imc instruction="TEMP(0)"/></imc></stmt><stmt><imc instruction="MOVE"><imc instruction="TEMP(7)"/><imc instruction="CONST(-16)"/></imc></stmt><stmt><imc instruction="MOVE"><imc instruction="TEMP(8)"/><imc instruction="BINOP(ADD)"><imc instruction="TEMP(6)"/><imc instruction="TEMP(7)"/></imc></imc></stmt><stmt><imc instruction="MOVE"><imc instruction="TEMP(9)"/><imc instruction="CONST(1)"/></imc></stmt><stmt><imc instruction="MOVE"><imc instruction="MEM"><imc instruction="TEMP(8)"/></imc><imc instruction="TEMP(9)"/></imc></stmt><stmt><imc instruction="MOVE"><imc instruction="TEMP(10)"/><imc instruction="TEMP(0)"/></imc></stmt><stmt><imc instruction="MOVE"><imc instruction="TEMP(11)"/><imc instruction="CONST(-24)"/></imc></stmt><stmt><imc instruction="MOVE"><imc instruction="TEMP(12)"/><imc instruction="BINOP(ADD)"><imc instruction="TEMP(10)"/><imc instruction="TEMP(11)"/></imc></imc></stmt><stmt><imc instruction="MOVE"><imc instruction="TEMP(13)"/><imc instruction="CONST(2)"/></imc></stmt><stmt><imc instruction="MOVE"><imc instruction="MEM"><imc instruction="TEMP(12)"/></imc><imc instruction="TEMP(13)"/></imc></stmt><stmt><imc instruction="MOVE"><imc instruction="TEMP(14)"/><imc instruction="TEMP(0)"/></imc></stmt><stmt><imc instruction="MOVE"><imc instruction="TEMP(15)"/><imc instruction="CONST(-8)"/></imc></stmt><stmt><imc instruction="MOVE"><imc instruction="TEMP(16)"/><imc instruction="MEM"><imc instruction="BINOP(ADD)"><imc instruction="TEMP(14)"/><imc instruction="TEMP(15)"/></imc></imc></imc></stmt><stmt><imc instruction="MOVE"><imc instruction="TEMP(17)"/><imc instruction="CONST(2)"/></imc></stmt><stmt><imc instruction="CJUMP(L0,L1)"><imc instruction="BINOP(EQU)"><imc instruction="TEMP(16)"/><imc instruction="TEMP(17)"/></imc></imc></stmt><stmt><imc instruction="MOVE"><imc instruction="TEMP(24)"/><imc instruction="TEMP(0)"/></imc></stmt><stmt><imc instruction="MOVE"><imc instruction="TEMP(25)"/><imc instruction="CONST(-32)"/></imc></stmt><stmt><imc instruction="MOVE"><imc instruction="TEMP(26)"/><imc instruction="BINOP(ADD)"><imc instruction="TEMP(24)"/><imc instruction="TEMP(25)"/></imc></imc></stmt><stmt><imc instruction="MOVE"><imc instruction="TEMP(27)"/><imc instruction="TEMP(0)"/></imc></stmt><stmt><imc instruction="MOVE"><imc instruction="TEMP(28)"/><imc instruction="CONST(-24)"/></imc></stmt><stmt><imc instruction="MOVE"><imc instruction="TEMP(29)"/><imc instruction="MEM"><imc instruction="BINOP(ADD)"><imc instruction="TEMP(27)"/><imc instruction="TEMP(28)"/></imc></imc></imc></stmt><stmt><imc instruction="MOVE"><imc instruction="MEM"><imc instruction="TEMP(26)"/></imc><imc instruction="TEMP(29)"/></imc></stmt><stmt><imc instruction="JUMP(L2)"/></stmt><stmt><imc instruction="LABEL(L0)"/></stmt><stmt><imc instruction="MOVE"><imc instruction="TEMP(18)"/><imc instruction="TEMP(0)"/></imc></stmt><stmt><imc instruction="MOVE"><imc instruction="TEMP(19)"/><imc instruction="CONST(-32)"/></imc></stmt><stmt><imc instruction="MOVE"><imc instruction="TEMP(20)"/><imc instruction="BINOP(ADD)"><imc instruction="TEMP(18)"/><imc instruction="TEMP(19)"/></imc></imc></stmt><stmt><imc instruction="MOVE"><imc instruction="TEMP(21)"/><imc instruction="TEMP(0)"/></imc></stmt><stmt><imc instruction="MOVE"><imc instruction="TEMP(22)"/><imc instruction="CONST(-16)"/></imc></stmt><stmt><imc instruction="MOVE"><imc instruction="TEMP(23)"/><imc instruction="MEM"><imc instruction="BINOP(ADD)"><imc instruction="TEMP(21)"/><imc instruction="TEMP(22)"/></imc></imc></imc></stmt><stmt><imc instruction="MOVE"><imc instruction="MEM"><imc instruction="TEMP(20)"/></imc><imc instruction="TEMP(23)"/></imc></stmt><stmt><imc instruction="JUMP(L2)"/></stmt><stmt><imc instruction="LABEL(L1)"/></stmt><stmt><imc instruction="MOVE"><imc instruction="TEMP(24)"/><imc instruction="TEMP(0)"/></imc></stmt><stmt><imc instruction="MOVE"><imc instruction="TEMP(25)"/><imc instruction="CONST(-32)"/></imc></stmt><stmt><imc instruction="MOVE"><imc instruction="TEMP(26)"/><imc instruction="BINOP(ADD)"><imc instruction="TEMP(24)"/><imc instruction="TEMP(25)"/></imc></imc></stmt><stmt><imc instruction="MOVE"><imc instruction="TEMP(27)"/><imc instruction="TEMP(0)"/></imc></stmt><stmt><imc instruction="MOVE"><imc instruction="TEMP(28)"/><imc instruction="CONST(-24)"/></imc></stmt><stmt><imc instruction="MOVE"><imc instruction="TEMP(29)"/><imc instruction="MEM"><imc instruction="BINOP(ADD)"><imc instruction="TEMP(27)"/><imc instruction="TEMP(28)"/></imc></imc></imc></stmt><stmt><imc instruction="MOVE"><imc instruction="MEM"><imc instruction="TEMP(26)"/></imc><imc instruction="TEMP(29)"/></imc></stmt><stmt><imc instruction="JUMP(L2)"/></stmt><stmt><imc instruction="LABEL(L2)"/></stmt><stmt><imc instruction="MOVE"><imc instruction="TEMP(30)"/><imc instruction="TEMP(0)"/></imc></stmt><stmt><imc instruction="MOVE"><imc instruction="TEMP(31)"/><imc instruction="CONST(-32)"/></imc></stmt><stmt><imc instruction="MOVE"><imc instruction="TEMP(32)"/><imc instruction="MEM"><imc instruction="BINOP(ADD)"><imc instruction="TEMP(30)"/><imc instruction="TEMP(31)"/></imc></imc></imc></stmt><stmt><imc instruction="MOVE"><imc instruction="TEMP(1)"/><imc instruction="TEMP(32)"/></imc></stmt><stmt><imc instruction="JUMP(L4)"/></stmt></codechunk></imclin>