<?xml version="1.0" encoding="UTF-8" standalone="no"?><?xml-stylesheet type="text/xsl" href="../lib/xsl/lexan.xsl"?><lexan><term lexeme="fun" token="KW_FUN"><location begcolumn="1" begline="1" endcolumn="3" endline="1" loc="1.1 - 1.3"/></term><term lexeme="main" token="IDENTIFIER"><location begcolumn="5" begline="1" endcolumn="8" endline="1" loc="1.5 - 1.8"/></term><term lexeme="(" token="SIM_LPAR"><location begcolumn="9" begline="1" endcolumn="9" endline="1" loc="1.9 - 1.9"/></term><term lexeme=")" token="SIM_RPAR"><location begcolumn="10" begline="1" endcolumn="10" endline="1" loc="1.10 - 1.10"/></term><term lexeme=":" token="SIM_COL"><location begcolumn="11" begline="1" endcolumn="11" endline="1" loc="1.11 - 1.11"/></term><term lexeme="integer" token="KW_INTEGER"><location begcolumn="12" begline="1" endcolumn="18" endline="1" loc="1.12 - 1.18"/></term><term lexeme="=" token="SIM_IS"><location begcolumn="20" begline="1" endcolumn="20" endline="1" loc="1.20 - 1.20"/></term><term lexeme="{" token="SIM_LSQLBR"><location begcolumn="22" begline="1" endcolumn="22" endline="1" loc="1.22 - 1.22"/></term><term lexeme="x" token="IDENTIFIER"><location begcolumn="5" begline="2" endcolumn="5" endline="2" loc="2.5 - 2.5"/></term><term lexeme="=" token="SIM_IS"><location begcolumn="7" begline="2" endcolumn="7" endline="2" loc="2.7 - 2.7"/></term><term lexeme="2" token="CONST_INTEGER"><location begcolumn="9" begline="2" endcolumn="9" endline="2" loc="2.9 - 2.9"/></term><term lexeme=";" token="SIM_SCOL"><location begcolumn="10" begline="2" endcolumn="10" endline="2" loc="2.10 - 2.10"/></term><term lexeme="a" token="IDENTIFIER"><location begcolumn="5" begline="3" endcolumn="5" endline="3" loc="3.5 - 3.5"/></term><term lexeme="=" token="SIM_IS"><location begcolumn="7" begline="3" endcolumn="7" endline="3" loc="3.7 - 3.7"/></term><term lexeme="1" token="CONST_INTEGER"><location begcolumn="9" begline="3" endcolumn="9" endline="3" loc="3.9 - 3.9"/></term><term lexeme=";" token="SIM_SCOL"><location begcolumn="10" begline="3" endcolumn="10" endline="3" loc="3.10 - 3.10"/></term><term lexeme="b" token="IDENTIFIER"><location begcolumn="5" begline="4" endcolumn="5" endline="4" loc="4.5 - 4.5"/></term><term lexeme="=" token="SIM_IS"><location begcolumn="7" begline="4" endcolumn="7" endline="4" loc="4.7 - 4.7"/></term><term lexeme="2" token="CONST_INTEGER"><location begcolumn="9" begline="4" endcolumn="9" endline="4" loc="4.9 - 4.9"/></term><term lexeme=";" token="SIM_SCOL"><location begcolumn="10" begline="4" endcolumn="10" endline="4" loc="4.10 - 4.10"/></term><term lexeme="if" token="KW_IF"><location begcolumn="5" begline="5" endcolumn="6" endline="5" loc="5.5 - 5.6"/></term><term lexeme="x" token="IDENTIFIER"><location begcolumn="8" begline="5" endcolumn="8" endline="5" loc="5.8 - 5.8"/></term><term lexeme="==" token="SIM_EQU"><location begcolumn="10" begline="5" endcolumn="11" endline="5" loc="5.10 - 5.11"/></term><term lexeme="2" token="CONST_INTEGER"><location begcolumn="13" begline="5" endcolumn="13" endline="5" loc="5.13 - 5.13"/></term><term lexeme="then" token="KW_THEN"><location begcolumn="15" begline="5" endcolumn="18" endline="5" loc="5.15 - 5.18"/></term><term lexeme="c" token="IDENTIFIER"><location begcolumn="20" begline="5" endcolumn="20" endline="5" loc="5.20 - 5.20"/></term><term lexeme="=" token="SIM_IS"><location begcolumn="21" begline="5" endcolumn="21" endline="5" loc="5.21 - 5.21"/></term><term lexeme="a" token="IDENTIFIER"><location begcolumn="22" begline="5" endcolumn="22" endline="5" loc="5.22 - 5.22"/></term><term lexeme="else" token="KW_ELSE"><location begcolumn="24" begline="5" endcolumn="27" endline="5" loc="5.24 - 5.27"/></term><term lexeme="c" token="IDENTIFIER"><location begcolumn="29" begline="5" endcolumn="29" endline="5" loc="5.29 - 5.29"/></term><term lexeme="=" token="SIM_IS"><location begcolumn="30" begline="5" endcolumn="30" endline="5" loc="5.30 - 5.30"/></term><term lexeme="b" token="IDENTIFIER"><location begcolumn="31" begline="5" endcolumn="31" endline="5" loc="5.31 - 5.31"/></term><term lexeme=";" token="SIM_SCOL"><location begcolumn="32" begline="5" endcolumn="32" endline="5" loc="5.32 - 5.32"/></term><term lexeme="c" token="IDENTIFIER"><location begcolumn="5" begline="6" endcolumn="5" endline="6" loc="6.5 - 6.5"/></term><term lexeme=";" token="SIM_SCOL"><location begcolumn="6" begline="6" endcolumn="6" endline="6" loc="6.6 - 6.6"/></term><term lexeme="}" token="SIM_RSQLBR"><location begcolumn="1" begline="7" endcolumn="1" endline="7" loc="7.1 - 7.1"/></term><term lexeme="where" token="KW_WHERE"><location begcolumn="3" begline="7" endcolumn="7" endline="7" loc="7.3 - 7.7"/></term><term lexeme="{" token="SIM_LSQLBR"><location begcolumn="9" begline="7" endcolumn="9" endline="7" loc="7.9 - 7.9"/></term><term lexeme="var" token="KW_VAR"><location begcolumn="5" begline="8" endcolumn="7" endline="8" loc="8.5 - 8.7"/></term><term lexeme="x" token="IDENTIFIER"><location begcolumn="9" begline="8" endcolumn="9" endline="8" loc="8.9 - 8.9"/></term><term lexeme=":" token="SIM_COL"><location begcolumn="11" begline="8" endcolumn="11" endline="8" loc="8.11 - 8.11"/></term><term lexeme="integer" token="KW_INTEGER"><location begcolumn="13" begline="8" endcolumn="19" endline="8" loc="8.13 - 8.19"/></term><term lexeme="var" token="KW_VAR"><location begcolumn="5" begline="9" endcolumn="7" endline="9" loc="9.5 - 9.7"/></term><term lexeme="a" token="IDENTIFIER"><location begcolumn="9" begline="9" endcolumn="9" endline="9" loc="9.9 - 9.9"/></term><term lexeme=":" token="SIM_COL"><location begcolumn="11" begline="9" endcolumn="11" endline="9" loc="9.11 - 9.11"/></term><term lexeme="integer" token="KW_INTEGER"><location begcolumn="13" begline="9" endcolumn="19" endline="9" loc="9.13 - 9.19"/></term><term lexeme="var" token="KW_VAR"><location begcolumn="5" begline="10" endcolumn="7" endline="10" loc="10.5 - 10.7"/></term><term lexeme="b" token="IDENTIFIER"><location begcolumn="9" begline="10" endcolumn="9" endline="10" loc="10.9 - 10.9"/></term><term lexeme=":" token="SIM_COL"><location begcolumn="11" begline="10" endcolumn="11" endline="10" loc="10.11 - 10.11"/></term><term lexeme="integer" token="KW_INTEGER"><location begcolumn="13" begline="10" endcolumn="19" endline="10" loc="10.13 - 10.19"/></term><term lexeme="var" token="KW_VAR"><location begcolumn="5" begline="11" endcolumn="7" endline="11" loc="11.5 - 11.7"/></term><term lexeme="c" token="IDENTIFIER"><location begcolumn="9" begline="11" endcolumn="9" endline="11" loc="11.9 - 11.9"/></term><term lexeme=":" token="SIM_COL"><location begcolumn="11" begline="11" endcolumn="11" endline="11" loc="11.11 - 11.11"/></term><term lexeme="integer" token="KW_INTEGER"><location begcolumn="13" begline="11" endcolumn="19" endline="11" loc="11.13 - 11.19"/></term><term lexeme="}" token="SIM_RSQLBR"><location begcolumn="1" begline="12" endcolumn="1" endline="12" loc="12.1 - 12.1"/></term><term lexeme="" token="EOF"/></lexan>