<?xml version="1.0" encoding="UTF-8" standalone="no"?><?xml-stylesheet type="text/xsl" href="../lib/xsl/abstr.xsl"?><abstr><node id="521" label="{Decls}"><node id="3" label="FunDecl" lexeme="exit"><node id="1" label="AtomType" spec="VOID"><location begcolumn="12" begline="1" endcolumn="15" endline="1" loc="1.12 - 1.15"/></node><node id="2" label="AtomExpr" lexeme="none" spec="VOID"><location begcolumn="19" begline="1" endcolumn="22" endline="1" loc="1.19 - 1.22"/></node><location begcolumn="1" begline="1" endcolumn="22" endline="1" loc="1.1 - 1.22"/></node><node id="9" label="FunDecl" lexeme="putChar"><node id="6" label="{Pars}"><node id="5" label="ParDecl" lexeme="c"><node id="4" label="AtomType" spec="CHAR"><location begcolumn="15" begline="2" endcolumn="18" endline="2" loc="2.15 - 2.18"/></node><location begcolumn="13" begline="2" endcolumn="18" endline="2" loc="2.13 - 2.18"/></node><location begcolumn="13" begline="2" endcolumn="18" endline="2" loc="2.13 - 2.18"/></node><node id="7" label="AtomType" spec="VOID"><location begcolumn="21" begline="2" endcolumn="24" endline="2" loc="2.21 - 2.24"/></node><node id="8" label="AtomExpr" lexeme="none" spec="VOID"><location begcolumn="28" begline="2" endcolumn="31" endline="2" loc="2.28 - 2.31"/></node><location begcolumn="1" begline="2" endcolumn="31" endline="2" loc="2.1 - 2.31"/></node><node id="15" label="FunDecl" lexeme="getChar"><node id="11" label="AtomType" spec="CHAR"><location begcolumn="15" begline="3" endcolumn="18" endline="3" loc="3.15 - 3.18"/></node><node id="14" label="CastExpr"><node id="12" label="AtomExpr" lexeme="0" spec="INTEGER"><location begcolumn="23" begline="3" endcolumn="23" endline="3" loc="3.23 - 3.23"/></node><node id="13" label="AtomType" spec="CHAR"><location begcolumn="25" begline="3" endcolumn="28" endline="3" loc="3.25 - 3.28"/></node><location begcolumn="23" begline="3" endcolumn="28" endline="3" loc="3.23 - 3.28"/></node><location begcolumn="1" begline="3" endcolumn="28" endline="3" loc="3.1 - 3.28"/></node><node id="87" label="FunDecl" lexeme="putInteger"><node id="18" label="{Pars}"><node id="17" label="ParDecl" lexeme="i"><node id="16" label="AtomType" spec="INTEGER"><location begcolumn="18" begline="5" endcolumn="24" endline="5" loc="5.18 - 5.24"/></node><location begcolumn="16" begline="5" endcolumn="24" endline="5" loc="5.16 - 5.24"/></node><location begcolumn="16" begline="5" endcolumn="24" endline="5" loc="5.16 - 5.24"/></node><node id="19" label="AtomType" spec="VOID"><location begcolumn="27" begline="5" endcolumn="30" endline="5" loc="5.27 - 5.30"/></node><node id="86" label="WhereExpr"><node id="50" label="StmtExpr"><node id="49" label="{Stmts}"><node id="36" label="IfStmt"><node id="22" label="BinExpr" spec="LTH"><node id="20" label="NameExpr" lexeme="i"><location begcolumn="11" begline="7" endcolumn="11" endline="7" loc="7.11 - 7.11"/></node><node id="21" label="AtomExpr" lexeme="0" spec="INTEGER"><location begcolumn="13" begline="7" endcolumn="13" endline="7" loc="7.13 - 7.13"/></node><location begcolumn="11" begline="7" endcolumn="13" endline="7" loc="7.11 - 7.13"/></node><node id="33" label="ExprStmt"><node id="32" label="StmtExpr"><node id="31" label="{Stmts}"><node id="26" label="ExprStmt"><node id="25" label="CallExpr" lexeme="putChar"><node id="24" label="{CallArgs}"><node id="23" label="AtomExpr" lexeme="'-'" spec="CHAR"><location begcolumn="31" begline="7" endcolumn="33" endline="7" loc="7.31 - 7.33"/></node><location begcolumn="31" begline="7" endcolumn="33" endline="7" loc="7.31 - 7.33"/></node><location begcolumn="23" begline="7" endcolumn="34" endline="7" loc="7.23 - 7.34"/></node><location begcolumn="23" begline="7" endcolumn="34" endline="7" loc="7.23 - 7.34"/></node><node id="30" label="AssignStmt"><node id="27" label="NameExpr" lexeme="i"><location begcolumn="37" begline="7" endcolumn="37" endline="7" loc="7.37 - 7.37"/></node><node id="29" label="PfxExpr" spec="SUB"><node id="28" label="NameExpr" lexeme="i"><location begcolumn="40" begline="7" endcolumn="40" endline="7" loc="7.40 - 7.40"/></node><location begcolumn="39" begline="7" endcolumn="40" endline="7" loc="7.39 - 7.40"/></node><location begcolumn="37" begline="7" endcolumn="40" endline="7" loc="7.37 - 7.40"/></node><location begcolumn="23" begline="7" endcolumn="40" endline="7" loc="7.23 - 7.40"/></node><location begcolumn="21" begline="7" endcolumn="43" endline="7" loc="7.21 - 7.43"/></node><location begcolumn="21" begline="7" endcolumn="43" endline="7" loc="7.21 - 7.43"/></node><node id="35" label="ExprStmt"><node id="34" label="AtomExpr" lexeme="none" spec="VOID"><location begcolumn="50" begline="7" endcolumn="53" endline="7" loc="7.50 - 7.53"/></node><location begcolumn="50" begline="7" endcolumn="53" endline="7" loc="7.50 - 7.53"/></node><location begcolumn="7" begline="7" endcolumn="53" endline="7" loc="7.7 - 7.53"/></node><node id="48" label="IfStmt"><node id="39" label="BinExpr" spec="EQU"><node id="37" label="NameExpr" lexeme="i"><location begcolumn="11" begline="8" endcolumn="11" endline="8" loc="8.11 - 8.11"/></node><node id="38" label="AtomExpr" lexeme="0" spec="INTEGER"><location begcolumn="14" begline="8" endcolumn="14" endline="8" loc="8.14 - 8.14"/></node><location begcolumn="11" begline="8" endcolumn="14" endline="8" loc="8.11 - 8.14"/></node><node id="43" label="ExprStmt"><node id="42" label="CallExpr" lexeme="putChar"><node id="41" label="{CallArgs}"><node id="40" label="AtomExpr" lexeme="'0'" spec="CHAR"><location begcolumn="30" begline="8" endcolumn="32" endline="8" loc="8.30 - 8.32"/></node><location begcolumn="30" begline="8" endcolumn="32" endline="8" loc="8.30 - 8.32"/></node><location begcolumn="22" begline="8" endcolumn="33" endline="8" loc="8.22 - 8.33"/></node><location begcolumn="22" begline="8" endcolumn="33" endline="8" loc="8.22 - 8.33"/></node><node id="47" label="ExprStmt"><node id="46" label="CallExpr" lexeme="put"><node id="45" label="{CallArgs}"><node id="44" label="NameExpr" lexeme="i"><location begcolumn="44" begline="8" endcolumn="44" endline="8" loc="8.44 - 8.44"/></node><location begcolumn="44" begline="8" endcolumn="44" endline="8" loc="8.44 - 8.44"/></node><location begcolumn="40" begline="8" endcolumn="45" endline="8" loc="8.40 - 8.45"/></node><location begcolumn="40" begline="8" endcolumn="45" endline="8" loc="8.40 - 8.45"/></node><location begcolumn="7" begline="8" endcolumn="45" endline="8" loc="8.7 - 8.45"/></node><location begcolumn="7" begline="7" endcolumn="45" endline="8" loc="7.7 - 8.45"/></node><location begcolumn="5" begline="6" endcolumn="5" endline="9" loc="6.5 - 9.5"/></node><node id="85" label="{Decls}"><node id="84" label="FunDecl" lexeme="put"><node id="53" label="{Pars}"><node id="52" label="ParDecl" lexeme="i"><node id="51" label="AtomType" spec="INTEGER"><location begcolumn="17" begline="12" endcolumn="23" endline="12" loc="12.17 - 12.23"/></node><location begcolumn="15" begline="12" endcolumn="23" endline="12" loc="12.15 - 12.23"/></node><location begcolumn="15" begline="12" endcolumn="23" endline="12" loc="12.15 - 12.23"/></node><node id="54" label="AtomType" spec="VOID"><location begcolumn="26" begline="12" endcolumn="29" endline="12" loc="12.26 - 12.29"/></node><node id="83" label="StmtExpr"><node id="82" label="{Stmts}"><node id="81" label="IfStmt"><node id="57" label="BinExpr" spec="EQU"><node id="55" label="NameExpr" lexeme="i"><location begcolumn="17" begline="14" endcolumn="17" endline="14" loc="14.17 - 14.17"/></node><node id="56" label="AtomExpr" lexeme="0" spec="INTEGER"><location begcolumn="20" begline="14" endcolumn="20" endline="14" loc="14.20 - 14.20"/></node><location begcolumn="17" begline="14" endcolumn="20" endline="14" loc="14.17 - 14.20"/></node><node id="59" label="ExprStmt"><node id="58" label="AtomExpr" lexeme="none" spec="VOID"><location begcolumn="28" begline="14" endcolumn="31" endline="14" loc="14.28 - 14.31"/></node><location begcolumn="28" begline="14" endcolumn="31" endline="14" loc="14.28 - 14.31"/></node><node id="80" label="ExprStmt"><node id="79" label="StmtExpr"><node id="78" label="{Stmts}"><node id="65" label="ExprStmt"><node id="64" label="CallExpr" lexeme="put"><node id="63" label="{CallArgs}"><node id="62" label="BinExpr" spec="DIV"><node id="60" label="NameExpr" lexeme="i"><location begcolumn="19" begline="15" endcolumn="19" endline="15" loc="15.19 - 15.19"/></node><node id="61" label="AtomExpr" lexeme="10" spec="INTEGER"><location begcolumn="21" begline="15" endcolumn="22" endline="15" loc="15.21 - 15.22"/></node><location begcolumn="19" begline="15" endcolumn="22" endline="15" loc="15.19 - 15.22"/></node><location begcolumn="19" begline="15" endcolumn="22" endline="15" loc="15.19 - 15.22"/></node><location begcolumn="15" begline="15" endcolumn="23" endline="15" loc="15.15 - 15.23"/></node><location begcolumn="15" begline="15" endcolumn="23" endline="15" loc="15.15 - 15.23"/></node><node id="77" label="ExprStmt"><node id="76" label="CallExpr" lexeme="putChar"><node id="75" label="{CallArgs}"><node id="74" label="CastExpr"><node id="72" label="BinExpr" spec="ADD"><node id="68" label="BinExpr" spec="MOD"><node id="66" label="NameExpr" lexeme="i"><location begcolumn="25" begline="16" endcolumn="25" endline="16" loc="16.25 - 16.25"/></node><node id="67" label="AtomExpr" lexeme="10" spec="INTEGER"><location begcolumn="27" begline="16" endcolumn="28" endline="16" loc="16.27 - 16.28"/></node><location begcolumn="25" begline="16" endcolumn="28" endline="16" loc="16.25 - 16.28"/></node><node id="71" label="CastExpr"><node id="69" label="AtomExpr" lexeme="'0'" spec="CHAR"><location begcolumn="31" begline="16" endcolumn="33" endline="16" loc="16.31 - 16.33"/></node><node id="70" label="AtomType" spec="INTEGER"><location begcolumn="35" begline="16" endcolumn="41" endline="16" loc="16.35 - 16.41"/></node><location begcolumn="31" begline="16" endcolumn="41" endline="16" loc="16.31 - 16.41"/></node><location begcolumn="25" begline="16" endcolumn="41" endline="16" loc="16.25 - 16.41"/></node><node id="73" label="AtomType" spec="CHAR"><location begcolumn="45" begline="16" endcolumn="48" endline="16" loc="16.45 - 16.48"/></node><location begcolumn="25" begline="16" endcolumn="48" endline="16" loc="16.25 - 16.48"/></node><location begcolumn="25" begline="16" endcolumn="48" endline="16" loc="16.25 - 16.48"/></node><location begcolumn="15" begline="16" endcolumn="50" endline="16" loc="16.15 - 16.50"/></node><location begcolumn="15" begline="16" endcolumn="50" endline="16" loc="16.15 - 16.50"/></node><location begcolumn="15" begline="15" endcolumn="50" endline="16" loc="15.15 - 16.50"/></node><location begcolumn="38" begline="14" endcolumn="13" endline="17" loc="14.38 - 17.13"/></node><location begcolumn="38" begline="14" endcolumn="13" endline="17" loc="14.38 - 17.13"/></node><location begcolumn="13" begline="14" endcolumn="13" endline="17" loc="14.13 - 17.13"/></node><location begcolumn="13" begline="14" endcolumn="13" endline="17" loc="14.13 - 17.13"/></node><location begcolumn="11" begline="13" endcolumn="11" endline="18" loc="13.11 - 18.11"/></node><location begcolumn="7" begline="12" endcolumn="11" endline="18" loc="12.7 - 18.11"/></node><location begcolumn="7" begline="12" endcolumn="11" endline="18" loc="12.7 - 18.11"/></node><location begcolumn="5" begline="6" endcolumn="5" endline="19" loc="6.5 - 19.5"/></node><location begcolumn="1" begline="5" endcolumn="5" endline="19" loc="5.1 - 19.5"/></node><node id="194" label="FunDecl" lexeme="getInteger"><node id="89" label="AtomType" spec="INTEGER"><location begcolumn="18" begline="21" endcolumn="24" endline="21" loc="21.18 - 21.24"/></node><node id="193" label="WhereExpr"><node id="185" label="StmtExpr"><node id="184" label="{Stmts}"><node id="92" label="AssignStmt"><node id="90" label="NameExpr" lexeme="sign"><location begcolumn="7" begline="23" endcolumn="10" endline="23" loc="23.7 - 23.10"/></node><node id="91" label="AtomExpr" lexeme="1" spec="INTEGER"><location begcolumn="12" begline="23" endcolumn="12" endline="23" loc="23.12 - 23.12"/></node><location begcolumn="7" begline="23" endcolumn="12" endline="23" loc="23.7 - 23.12"/></node><node id="95" label="AssignStmt"><node id="93" label="NameExpr" lexeme="val"><location begcolumn="7" begline="24" endcolumn="9" endline="24" loc="24.7 - 24.9"/></node><node id="94" label="AtomExpr" lexeme="0" spec="INTEGER"><location begcolumn="11" begline="24" endcolumn="11" endline="24" loc="24.11 - 24.11"/></node><location begcolumn="7" begline="24" endcolumn="11" endline="24" loc="24.7 - 24.11"/></node><node id="99" label="AssignStmt"><node id="96" label="NameExpr" lexeme="c"><location begcolumn="7" begline="25" endcolumn="7" endline="25" loc="25.7 - 25.7"/></node><node id="98" label="CallExpr" lexeme="getChar"><location begcolumn="11" begline="25" endcolumn="19" endline="25" loc="25.11 - 25.19"/></node><location begcolumn="7" begline="25" endcolumn="19" endline="25" loc="25.7 - 25.19"/></node><node id="140" label="IfStmt"><node id="102" label="BinExpr" spec="EQU"><node id="100" label="NameExpr" lexeme="c"><location begcolumn="11" begline="26" endcolumn="11" endline="26" loc="26.11 - 26.11"/></node><node id="101" label="AtomExpr" lexeme="'+'" spec="CHAR"><location begcolumn="14" begline="26" endcolumn="16" endline="26" loc="26.14 - 26.16"/></node><location begcolumn="11" begline="26" endcolumn="16" endline="26" loc="26.11 - 26.16"/></node><node id="112" label="ExprStmt"><node id="111" label="StmtExpr"><node id="110" label="{Stmts}"><node id="106" label="AssignStmt"><node id="103" label="NameExpr" lexeme="sign"><location begcolumn="26" begline="26" endcolumn="29" endline="26" loc="26.26 - 26.29"/></node><node id="105" label="PfxExpr" spec="ADD"><node id="104" label="AtomExpr" lexeme="1" spec="INTEGER"><location begcolumn="32" begline="26" endcolumn="32" endline="26" loc="26.32 - 26.32"/></node><location begcolumn="31" begline="26" endcolumn="32" endline="26" loc="26.31 - 26.32"/></node><location begcolumn="26" begline="26" endcolumn="32" endline="26" loc="26.26 - 26.32"/></node><node id="109" label="AssignStmt"><node id="107" label="NameExpr" lexeme="c"><location begcolumn="35" begline="26" endcolumn="35" endline="26" loc="26.35 - 26.35"/></node><node id="108" label="AtomExpr" lexeme="'0'" spec="CHAR"><location begcolumn="37" begline="26" endcolumn="39" endline="26" loc="26.37 - 26.39"/></node><location begcolumn="35" begline="26" endcolumn="39" endline="26" loc="26.35 - 26.39"/></node><location begcolumn="26" begline="26" endcolumn="39" endline="26" loc="26.26 - 26.39"/></node><location begcolumn="24" begline="26" endcolumn="42" endline="26" loc="26.24 - 26.42"/></node><location begcolumn="24" begline="26" endcolumn="42" endline="26" loc="26.24 - 26.42"/></node><node id="139" label="IfStmt"><node id="115" label="BinExpr" spec="EQU"><node id="113" label="NameExpr" lexeme="c"><location begcolumn="11" begline="27" endcolumn="11" endline="27" loc="27.11 - 27.11"/></node><node id="114" label="AtomExpr" lexeme="'-'" spec="CHAR"><location begcolumn="14" begline="27" endcolumn="16" endline="27" loc="27.14 - 27.16"/></node><location begcolumn="11" begline="27" endcolumn="16" endline="27" loc="27.11 - 27.16"/></node><node id="125" label="ExprStmt"><node id="124" label="StmtExpr"><node id="123" label="{Stmts}"><node id="119" label="AssignStmt"><node id="116" label="NameExpr" lexeme="sign"><location begcolumn="26" begline="27" endcolumn="29" endline="27" loc="27.26 - 27.29"/></node><node id="118" label="PfxExpr" spec="SUB"><node id="117" label="AtomExpr" lexeme="1" spec="INTEGER"><location begcolumn="32" begline="27" endcolumn="32" endline="27" loc="27.32 - 27.32"/></node><location begcolumn="31" begline="27" endcolumn="32" endline="27" loc="27.31 - 27.32"/></node><location begcolumn="26" begline="27" endcolumn="32" endline="27" loc="27.26 - 27.32"/></node><node id="122" label="AssignStmt"><node id="120" label="NameExpr" lexeme="c"><location begcolumn="35" begline="27" endcolumn="35" endline="27" loc="27.35 - 27.35"/></node><node id="121" label="AtomExpr" lexeme="'0'" spec="CHAR"><location begcolumn="37" begline="27" endcolumn="39" endline="27" loc="27.37 - 27.39"/></node><location begcolumn="35" begline="27" endcolumn="39" endline="27" loc="27.35 - 27.39"/></node><location begcolumn="26" begline="27" endcolumn="39" endline="27" loc="27.26 - 27.39"/></node><location begcolumn="24" begline="27" endcolumn="42" endline="27" loc="27.24 - 27.42"/></node><location begcolumn="24" begline="27" endcolumn="42" endline="27" loc="27.24 - 27.42"/></node><node id="138" label="IfStmt"><node id="132" label="BinExpr" spec="OR"><node id="128" label="BinExpr" spec="LTH"><node id="126" label="NameExpr" lexeme="c"><location begcolumn="11" begline="28" endcolumn="11" endline="28" loc="28.11 - 28.11"/></node><node id="127" label="AtomExpr" lexeme="'0'" spec="CHAR"><location begcolumn="13" begline="28" endcolumn="15" endline="28" loc="28.13 - 28.15"/></node><location begcolumn="11" begline="28" endcolumn="15" endline="28" loc="28.11 - 28.15"/></node><node id="131" label="BinExpr" spec="GTH"><node id="129" label="NameExpr" lexeme="c"><location begcolumn="19" begline="28" endcolumn="19" endline="28" loc="28.19 - 28.19"/></node><node id="130" label="AtomExpr" lexeme="'9'" spec="CHAR"><location begcolumn="21" begline="28" endcolumn="23" endline="28" loc="28.21 - 28.23"/></node><location begcolumn="19" begline="28" endcolumn="23" endline="28" loc="28.19 - 28.23"/></node><location begcolumn="11" begline="28" endcolumn="23" endline="28" loc="28.11 - 28.23"/></node><node id="135" label="ExprStmt"><node id="134" label="CallExpr" lexeme="exit"><location begcolumn="31" begline="28" endcolumn="36" endline="28" loc="28.31 - 28.36"/></node><location begcolumn="31" begline="28" endcolumn="36" endline="28" loc="28.31 - 28.36"/></node><node id="137" label="ExprStmt"><node id="136" label="AtomExpr" lexeme="none" spec="VOID"><location begcolumn="43" begline="28" endcolumn="46" endline="28" loc="28.43 - 28.46"/></node><location begcolumn="43" begline="28" endcolumn="46" endline="28" loc="28.43 - 28.46"/></node><location begcolumn="7" begline="28" endcolumn="46" endline="28" loc="28.7 - 28.46"/></node><location begcolumn="7" begline="27" endcolumn="46" endline="28" loc="27.7 - 28.46"/></node><location begcolumn="7" begline="26" endcolumn="46" endline="28" loc="26.7 - 28.46"/></node><node id="168" label="WhileStmt"><node id="147" label="BinExpr" spec="AND"><node id="143" label="BinExpr" spec="LEQ"><node id="141" label="AtomExpr" lexeme="'0'" spec="CHAR"><location begcolumn="14" begline="29" endcolumn="16" endline="29" loc="29.14 - 29.16"/></node><node id="142" label="NameExpr" lexeme="c"><location begcolumn="19" begline="29" endcolumn="19" endline="29" loc="29.19 - 29.19"/></node><location begcolumn="14" begline="29" endcolumn="19" endline="29" loc="29.14 - 29.19"/></node><node id="146" label="BinExpr" spec="LEQ"><node id="144" label="NameExpr" lexeme="c"><location begcolumn="23" begline="29" endcolumn="23" endline="29" loc="29.23 - 29.23"/></node><node id="145" label="AtomExpr" lexeme="'9'" spec="CHAR"><location begcolumn="26" begline="29" endcolumn="28" endline="29" loc="29.26 - 29.28"/></node><location begcolumn="23" begline="29" endcolumn="28" endline="29" loc="29.23 - 29.28"/></node><location begcolumn="14" begline="29" endcolumn="28" endline="29" loc="29.14 - 29.28"/></node><node id="167" label="ExprStmt"><node id="166" label="StmtExpr"><node id="165" label="{Stmts}"><node id="160" label="AssignStmt"><node id="148" label="NameExpr" lexeme="val"><location begcolumn="9" begline="30" endcolumn="11" endline="30" loc="30.9 - 30.11"/></node><node id="159" label="BinExpr" spec="ADD"><node id="151" label="BinExpr" spec="MUL"><node id="149" label="NameExpr" lexeme="val"><location begcolumn="13" begline="30" endcolumn="15" endline="30" loc="30.13 - 30.15"/></node><node id="150" label="AtomExpr" lexeme="10" spec="INTEGER"><location begcolumn="17" begline="30" endcolumn="18" endline="30" loc="30.17 - 30.18"/></node><location begcolumn="13" begline="30" endcolumn="18" endline="30" loc="30.13 - 30.18"/></node><node id="158" label="BinExpr" spec="SUB"><node id="154" label="CastExpr"><node id="152" label="NameExpr" lexeme="c"><location begcolumn="22" begline="30" endcolumn="22" endline="30" loc="30.22 - 30.22"/></node><node id="153" label="AtomType" spec="INTEGER"><location begcolumn="24" begline="30" endcolumn="30" endline="30" loc="30.24 - 30.30"/></node><location begcolumn="22" begline="30" endcolumn="30" endline="30" loc="30.22 - 30.30"/></node><node id="157" label="CastExpr"><node id="155" label="AtomExpr" lexeme="'0'" spec="CHAR"><location begcolumn="34" begline="30" endcolumn="36" endline="30" loc="30.34 - 30.36"/></node><node id="156" label="AtomType" spec="INTEGER"><location begcolumn="38" begline="30" endcolumn="44" endline="30" loc="30.38 - 30.44"/></node><location begcolumn="34" begline="30" endcolumn="44" endline="30" loc="30.34 - 30.44"/></node><location begcolumn="22" begline="30" endcolumn="44" endline="30" loc="30.22 - 30.44"/></node><location begcolumn="13" begline="30" endcolumn="44" endline="30" loc="30.13 - 30.44"/></node><location begcolumn="9" begline="30" endcolumn="44" endline="30" loc="30.9 - 30.44"/></node><node id="164" label="AssignStmt"><node id="161" label="NameExpr" lexeme="c"><location begcolumn="9" begline="31" endcolumn="9" endline="31" loc="31.9 - 31.9"/></node><node id="163" label="CallExpr" lexeme="getChar"><location begcolumn="11" begline="31" endcolumn="19" endline="31" loc="31.11 - 31.19"/></node><location begcolumn="9" begline="31" endcolumn="19" endline="31" loc="31.9 - 31.19"/></node><location begcolumn="9" begline="30" endcolumn="19" endline="31" loc="30.9 - 31.19"/></node><location begcolumn="34" begline="29" endcolumn="7" endline="32" loc="29.34 - 32.7"/></node><location begcolumn="34" begline="29" endcolumn="7" endline="32" loc="29.34 - 32.7"/></node><location begcolumn="7" begline="29" endcolumn="7" endline="32" loc="29.7 - 32.7"/></node><node id="179" label="IfStmt"><node id="173" label="BinExpr" spec="NEQ"><node id="169" label="NameExpr" lexeme="c"><location begcolumn="11" begline="33" endcolumn="11" endline="33" loc="33.11 - 33.11"/></node><node id="172" label="CastExpr"><node id="170" label="AtomExpr" lexeme="10" spec="INTEGER"><location begcolumn="15" begline="33" endcolumn="16" endline="33" loc="33.15 - 33.16"/></node><node id="171" label="AtomType" spec="CHAR"><location begcolumn="18" begline="33" endcolumn="21" endline="33" loc="33.18 - 33.21"/></node><location begcolumn="15" begline="33" endcolumn="21" endline="33" loc="33.15 - 33.21"/></node><location begcolumn="11" begline="33" endcolumn="21" endline="33" loc="33.11 - 33.21"/></node><node id="176" label="ExprStmt"><node id="175" label="CallExpr" lexeme="exit"><location begcolumn="30" begline="33" endcolumn="35" endline="33" loc="33.30 - 33.35"/></node><location begcolumn="30" begline="33" endcolumn="35" endline="33" loc="33.30 - 33.35"/></node><node id="178" label="ExprStmt"><node id="177" label="AtomExpr" lexeme="none" spec="VOID"><location begcolumn="42" begline="33" endcolumn="45" endline="33" loc="33.42 - 33.45"/></node><location begcolumn="42" begline="33" endcolumn="45" endline="33" loc="33.42 - 33.45"/></node><location begcolumn="7" begline="33" endcolumn="45" endline="33" loc="33.7 - 33.45"/></node><node id="183" label="ExprStmt"><node id="182" label="BinExpr" spec="MUL"><node id="180" label="NameExpr" lexeme="sign"><location begcolumn="7" begline="34" endcolumn="10" endline="34" loc="34.7 - 34.10"/></node><node id="181" label="NameExpr" lexeme="val"><location begcolumn="14" begline="34" endcolumn="16" endline="34" loc="34.14 - 34.16"/></node><location begcolumn="7" begline="34" endcolumn="16" endline="34" loc="34.7 - 34.16"/></node><location begcolumn="7" begline="34" endcolumn="16" endline="34" loc="34.7 - 34.16"/></node><location begcolumn="7" begline="23" endcolumn="16" endline="34" loc="23.7 - 34.16"/></node><location begcolumn="5" begline="22" endcolumn="5" endline="35" loc="22.5 - 35.5"/></node><node id="192" label="{Decls}"><node id="187" label="VarDecl" lexeme="sign"><node id="186" label="AtomType" spec="INTEGER"><location begcolumn="16" begline="38" endcolumn="22" endline="38" loc="38.16 - 38.22"/></node><location begcolumn="7" begline="38" endcolumn="22" endline="38" loc="38.7 - 38.22"/></node><node id="189" label="VarDecl" lexeme="val"><node id="188" label="AtomType" spec="INTEGER"><location begcolumn="15" begline="39" endcolumn="21" endline="39" loc="39.15 - 39.21"/></node><location begcolumn="7" begline="39" endcolumn="21" endline="39" loc="39.7 - 39.21"/></node><node id="191" label="VarDecl" lexeme="c"><node id="190" label="AtomType" spec="CHAR"><location begcolumn="13" begline="40" endcolumn="16" endline="40" loc="40.13 - 40.16"/></node><location begcolumn="7" begline="40" endcolumn="16" endline="40" loc="40.7 - 40.16"/></node><location begcolumn="7" begline="38" endcolumn="16" endline="40" loc="38.7 - 40.16"/></node><location begcolumn="5" begline="22" endcolumn="5" endline="41" loc="22.5 - 41.5"/></node><location begcolumn="1" begline="21" endcolumn="5" endline="41" loc="21.1 - 41.5"/></node><node id="249" label="FunDecl" lexeme="putString"><node id="198" label="{Pars}"><node id="197" label="ParDecl" lexeme="s"><node id="196" label="PtrType"><node id="195" label="AtomType" spec="CHAR"><location begcolumn="18" begline="43" endcolumn="21" endline="43" loc="43.18 - 43.21"/></node><location begcolumn="17" begline="43" endcolumn="21" endline="43" loc="43.17 - 43.21"/></node><location begcolumn="15" begline="43" endcolumn="21" endline="43" loc="43.15 - 43.21"/></node><location begcolumn="15" begline="43" endcolumn="21" endline="43" loc="43.15 - 43.21"/></node><node id="199" label="AtomType" spec="VOID"><location begcolumn="24" begline="43" endcolumn="27" endline="43" loc="43.24 - 43.27"/></node><node id="248" label="WhereExpr"><node id="244" label="StmtExpr"><node id="243" label="{Stmts}"><node id="202" label="AssignStmt"><node id="200" label="NameExpr" lexeme="i"><location begcolumn="7" begline="45" endcolumn="7" endline="45" loc="45.7 - 45.7"/></node><node id="201" label="AtomExpr" lexeme="0" spec="INTEGER"><location begcolumn="9" begline="45" endcolumn="9" endline="45" loc="45.9 - 45.9"/></node><location begcolumn="7" begline="45" endcolumn="9" endline="45" loc="45.7 - 45.9"/></node><node id="240" label="WhileStmt"><node id="217" label="BinExpr" spec="NEQ"><node id="213" label="SfxExpr" spec="PTR"><node id="212" label="CastExpr"><node id="209" label="BinExpr" spec="ADD"><node id="205" label="CastExpr"><node id="203" label="NameExpr" lexeme="s"><location begcolumn="16" begline="46" endcolumn="16" endline="46" loc="46.16 - 46.16"/></node><node id="204" label="AtomType" spec="INTEGER"><location begcolumn="18" begline="46" endcolumn="24" endline="46" loc="46.18 - 46.24"/></node><location begcolumn="16" begline="46" endcolumn="24" endline="46" loc="46.16 - 46.24"/></node><node id="208" label="BinExpr" spec="MUL"><node id="206" label="NameExpr" lexeme="i"><location begcolumn="28" begline="46" endcolumn="28" endline="46" loc="46.28 - 46.28"/></node><node id="207" label="AtomExpr" lexeme="8" spec="INTEGER"><location begcolumn="30" begline="46" endcolumn="30" endline="46" loc="46.30 - 46.30"/></node><location begcolumn="28" begline="46" endcolumn="30" endline="46" loc="46.28 - 46.30"/></node><location begcolumn="16" begline="46" endcolumn="30" endline="46" loc="46.16 - 46.30"/></node><node id="211" label="PtrType"><node id="210" label="AtomType" spec="CHAR"><location begcolumn="34" begline="46" endcolumn="37" endline="46" loc="46.34 - 46.37"/></node><location begcolumn="33" begline="46" endcolumn="37" endline="46" loc="46.33 - 46.37"/></node><location begcolumn="16" begline="46" endcolumn="37" endline="46" loc="46.16 - 46.37"/></node><location begcolumn="16" begline="46" endcolumn="39" endline="46" loc="46.16 - 46.39"/></node><node id="216" label="CastExpr"><node id="214" label="AtomExpr" lexeme="0" spec="INTEGER"><location begcolumn="43" begline="46" endcolumn="43" endline="46" loc="46.43 - 46.43"/></node><node id="215" label="AtomType" spec="CHAR"><location begcolumn="45" begline="46" endcolumn="48" endline="46" loc="46.45 - 46.48"/></node><location begcolumn="43" begline="46" endcolumn="48" endline="46" loc="46.43 - 46.48"/></node><location begcolumn="16" begline="46" endcolumn="48" endline="46" loc="46.16 - 46.48"/></node><node id="239" label="ExprStmt"><node id="238" label="StmtExpr"><node id="237" label="{Stmts}"><node id="231" label="ExprStmt"><node id="230" label="CallExpr" lexeme="putChar"><node id="229" label="{CallArgs}"><node id="228" label="SfxExpr" spec="PTR"><node id="227" label="CastExpr"><node id="224" label="BinExpr" spec="ADD"><node id="220" label="CastExpr"><node id="218" label="NameExpr" lexeme="s"><location begcolumn="19" begline="47" endcolumn="19" endline="47" loc="47.19 - 47.19"/></node><node id="219" label="AtomType" spec="INTEGER"><location begcolumn="21" begline="47" endcolumn="27" endline="47" loc="47.21 - 47.27"/></node><location begcolumn="19" begline="47" endcolumn="27" endline="47" loc="47.19 - 47.27"/></node><node id="223" label="BinExpr" spec="MUL"><node id="221" label="NameExpr" lexeme="i"><location begcolumn="31" begline="47" endcolumn="31" endline="47" loc="47.31 - 47.31"/></node><node id="222" label="AtomExpr" lexeme="8" spec="INTEGER"><location begcolumn="33" begline="47" endcolumn="33" endline="47" loc="47.33 - 47.33"/></node><location begcolumn="31" begline="47" endcolumn="33" endline="47" loc="47.31 - 47.33"/></node><location begcolumn="19" begline="47" endcolumn="33" endline="47" loc="47.19 - 47.33"/></node><node id="226" label="PtrType"><node id="225" label="AtomType" spec="CHAR"><location begcolumn="37" begline="47" endcolumn="40" endline="47" loc="47.37 - 47.40"/></node><location begcolumn="36" begline="47" endcolumn="40" endline="47" loc="47.36 - 47.40"/></node><location begcolumn="19" begline="47" endcolumn="40" endline="47" loc="47.19 - 47.40"/></node><location begcolumn="19" begline="47" endcolumn="42" endline="47" loc="47.19 - 47.42"/></node><location begcolumn="19" begline="47" endcolumn="42" endline="47" loc="47.19 - 47.42"/></node><location begcolumn="9" begline="47" endcolumn="43" endline="47" loc="47.9 - 47.43"/></node><location begcolumn="9" begline="47" endcolumn="43" endline="47" loc="47.9 - 47.43"/></node><node id="236" label="AssignStmt"><node id="232" label="NameExpr" lexeme="i"><location begcolumn="9" begline="48" endcolumn="9" endline="48" loc="48.9 - 48.9"/></node><node id="235" label="BinExpr" spec="ADD"><node id="233" label="NameExpr" lexeme="i"><location begcolumn="11" begline="48" endcolumn="11" endline="48" loc="48.11 - 48.11"/></node><node id="234" label="AtomExpr" lexeme="1" spec="INTEGER"><location begcolumn="13" begline="48" endcolumn="13" endline="48" loc="48.13 - 48.13"/></node><location begcolumn="11" begline="48" endcolumn="13" endline="48" loc="48.11 - 48.13"/></node><location begcolumn="9" begline="48" endcolumn="13" endline="48" loc="48.9 - 48.13"/></node><location begcolumn="9" begline="47" endcolumn="13" endline="48" loc="47.9 - 48.13"/></node><location begcolumn="55" begline="46" endcolumn="7" endline="49" loc="46.55 - 49.7"/></node><location begcolumn="55" begline="46" endcolumn="7" endline="49" loc="46.55 - 49.7"/></node><location begcolumn="7" begline="46" endcolumn="7" endline="49" loc="46.7 - 49.7"/></node><node id="242" label="ExprStmt"><node id="241" label="AtomExpr" lexeme="none" spec="VOID"><location begcolumn="7" begline="50" endcolumn="10" endline="50" loc="50.7 - 50.10"/></node><location begcolumn="7" begline="50" endcolumn="10" endline="50" loc="50.7 - 50.10"/></node><location begcolumn="7" begline="45" endcolumn="10" endline="50" loc="45.7 - 50.10"/></node><location begcolumn="5" begline="44" endcolumn="5" endline="51" loc="44.5 - 51.5"/></node><node id="247" label="{Decls}"><node id="246" label="VarDecl" lexeme="i"><node id="245" label="AtomType" spec="INTEGER"><location begcolumn="13" begline="54" endcolumn="19" endline="54" loc="54.13 - 54.19"/></node><location begcolumn="7" begline="54" endcolumn="19" endline="54" loc="54.7 - 54.19"/></node><location begcolumn="7" begline="54" endcolumn="19" endline="54" loc="54.7 - 54.19"/></node><location begcolumn="5" begline="44" endcolumn="5" endline="55" loc="44.5 - 55.5"/></node><location begcolumn="1" begline="43" endcolumn="5" endline="55" loc="43.1 - 55.5"/></node><node id="473" label="FunDecl" lexeme="queens"><node id="259" label="{Pars}"><node id="258" label="ParDecl" lexeme="i"><node id="250" label="AtomType" spec="INTEGER"><location begcolumn="14" begline="59" endcolumn="20" endline="59" loc="59.14 - 59.20"/></node><location begcolumn="12" begline="59" endcolumn="20" endline="59" loc="59.12 - 59.20"/></node><node id="257" label="ParDecl" lexeme="n"><node id="251" label="AtomType" spec="INTEGER"><location begcolumn="24" begline="59" endcolumn="30" endline="59" loc="59.24 - 59.30"/></node><location begcolumn="22" begline="59" endcolumn="30" endline="59" loc="59.22 - 59.30"/></node><node id="256" label="ParDecl" lexeme="qs"><node id="255" label="PtrType"><node id="254" label="ArrType"><node id="252" label="AtomType" spec="INTEGER"><location begcolumn="36" begline="59" endcolumn="42" endline="59" loc="59.36 - 59.42"/></node><node id="253" label="AtomExpr" lexeme="32" spec="INTEGER"><location begcolumn="44" begline="59" endcolumn="45" endline="59" loc="59.44 - 59.45"/></node><location begcolumn="36" begline="59" endcolumn="46" endline="59" loc="59.36 - 59.46"/></node><location begcolumn="35" begline="59" endcolumn="46" endline="59" loc="59.35 - 59.46"/></node><location begcolumn="32" begline="59" endcolumn="46" endline="59" loc="59.32 - 59.46"/></node><location begcolumn="12" begline="59" endcolumn="46" endline="59" loc="59.12 - 59.46"/></node><node id="260" label="AtomType" spec="INTEGER"><location begcolumn="49" begline="59" endcolumn="55" endline="59" loc="59.49 - 59.55"/></node><node id="472" label="WhereExpr"><node id="464" label="StmtExpr"><node id="463" label="{Stmts}"><node id="460" label="IfStmt"><node id="263" label="BinExpr" spec="EQU"><node id="261" label="NameExpr" lexeme="i"><location begcolumn="10" begline="61" endcolumn="10" endline="61" loc="61.10 - 61.10"/></node><node id="262" label="NameExpr" lexeme="n"><location begcolumn="13" begline="61" endcolumn="13" endline="61" loc="61.13 - 61.13"/></node><location begcolumn="10" begline="61" endcolumn="13" endline="61" loc="61.10 - 61.13"/></node><node id="345" label="ExprStmt"><node id="344" label="StmtExpr"><node id="343" label="{Stmts}"><node id="267" label="ExprStmt"><node id="266" label="CallExpr" lexeme="putString"><node id="265" label="{CallArgs}"><node id="264" label="AtomExpr" lexeme="&quot;SOLUTION&quot;" spec="STRING"><location begcolumn="21" begline="63" endcolumn="30" endline="63" loc="63.21 - 63.30"/></node><location begcolumn="21" begline="63" endcolumn="30" endline="63" loc="63.21 - 63.30"/></node><location begcolumn="11" begline="63" endcolumn="31" endline="63" loc="63.11 - 63.31"/></node><location begcolumn="11" begline="63" endcolumn="31" endline="63" loc="63.11 - 63.31"/></node><node id="273" label="ExprStmt"><node id="272" label="CallExpr" lexeme="putChar"><node id="271" label="{CallArgs}"><node id="270" label="CastExpr"><node id="268" label="AtomExpr" lexeme="10" spec="INTEGER"><location begcolumn="20" begline="64" endcolumn="21" endline="64" loc="64.20 - 64.21"/></node><node id="269" label="AtomType" spec="CHAR"><location begcolumn="23" begline="64" endcolumn="26" endline="64" loc="64.23 - 64.26"/></node><location begcolumn="20" begline="64" endcolumn="26" endline="64" loc="64.20 - 64.26"/></node><location begcolumn="20" begline="64" endcolumn="26" endline="64" loc="64.20 - 64.26"/></node><location begcolumn="11" begline="64" endcolumn="28" endline="64" loc="64.11 - 64.28"/></node><location begcolumn="11" begline="64" endcolumn="28" endline="64" loc="64.11 - 64.28"/></node><node id="276" label="AssignStmt"><node id="274" label="NameExpr" lexeme="j"><location begcolumn="11" begline="65" endcolumn="11" endline="65" loc="65.11 - 65.11"/></node><node id="275" label="AtomExpr" lexeme="0" spec="INTEGER"><location begcolumn="13" begline="65" endcolumn="13" endline="65" loc="65.13 - 65.13"/></node><location begcolumn="11" begline="65" endcolumn="13" endline="65" loc="65.11 - 65.13"/></node><node id="333" label="WhileStmt"><node id="279" label="BinExpr" spec="LTH"><node id="277" label="NameExpr" lexeme="j"><location begcolumn="17" begline="66" endcolumn="17" endline="66" loc="66.17 - 66.17"/></node><node id="278" label="NameExpr" lexeme="n"><location begcolumn="19" begline="66" endcolumn="19" endline="66" loc="66.19 - 66.19"/></node><location begcolumn="17" begline="66" endcolumn="19" endline="66" loc="66.17 - 66.19"/></node><node id="332" label="ExprStmt"><node id="331" label="StmtExpr"><node id="330" label="{Stmts}"><node id="282" label="AssignStmt"><node id="280" label="NameExpr" lexeme="i"><location begcolumn="13" begline="67" endcolumn="13" endline="67" loc="67.13 - 67.13"/></node><node id="281" label="AtomExpr" lexeme="0" spec="INTEGER"><location begcolumn="15" begline="67" endcolumn="15" endline="67" loc="67.15 - 67.15"/></node><location begcolumn="13" begline="67" endcolumn="15" endline="67" loc="67.13 - 67.15"/></node><node id="318" label="WhileStmt"><node id="285" label="BinExpr" spec="LTH"><node id="283" label="NameExpr" lexeme="i"><location begcolumn="19" begline="68" endcolumn="19" endline="68" loc="68.19 - 68.19"/></node><node id="284" label="NameExpr" lexeme="n"><location begcolumn="21" begline="68" endcolumn="21" endline="68" loc="68.21 - 68.21"/></node><location begcolumn="19" begline="68" endcolumn="21" endline="68" loc="68.19 - 68.21"/></node><node id="317" label="ExprStmt"><node id="316" label="StmtExpr"><node id="315" label="{Stmts}"><node id="309" label="ExprStmt"><node id="308" label="CallExpr" lexeme="putChar"><node id="307" label="{CallArgs}"><node id="306" label="WhereExpr"><node id="302" label="StmtExpr"><node id="301" label="{Stmts}"><node id="298" label="IfStmt"><node id="291" label="BinExpr" spec="EQU"><node id="289" label="ArrExpr"><node id="287" label="SfxExpr" spec="PTR"><node id="286" label="NameExpr" lexeme="qs"><location begcolumn="27" begline="69" endcolumn="28" endline="69" loc="69.27 - 69.28"/></node><location begcolumn="27" begline="69" endcolumn="29" endline="69" loc="69.27 - 69.29"/></node><node id="288" label="NameExpr" lexeme="i"><location begcolumn="31" begline="69" endcolumn="31" endline="69" loc="69.31 - 69.31"/></node><location begcolumn="27" begline="69" endcolumn="32" endline="69" loc="69.27 - 69.32"/></node><node id="290" label="NameExpr" lexeme="j"><location begcolumn="35" begline="69" endcolumn="35" endline="69" loc="69.35 - 69.35"/></node><location begcolumn="27" begline="69" endcolumn="35" endline="69" loc="69.27 - 69.35"/></node><node id="294" label="AssignStmt"><node id="292" label="NameExpr" lexeme="c"><location begcolumn="42" begline="69" endcolumn="42" endline="69" loc="69.42 - 69.42"/></node><node id="293" label="AtomExpr" lexeme="'O'" spec="CHAR"><location begcolumn="44" begline="69" endcolumn="46" endline="69" loc="69.44 - 69.46"/></node><location begcolumn="42" begline="69" endcolumn="46" endline="69" loc="69.42 - 69.46"/></node><node id="297" label="AssignStmt"><node id="295" label="NameExpr" lexeme="c"><location begcolumn="53" begline="69" endcolumn="53" endline="69" loc="69.53 - 69.53"/></node><node id="296" label="AtomExpr" lexeme="'.'" spec="CHAR"><location begcolumn="55" begline="69" endcolumn="57" endline="69" loc="69.55 - 69.57"/></node><location begcolumn="53" begline="69" endcolumn="57" endline="69" loc="69.53 - 69.57"/></node><location begcolumn="24" begline="69" endcolumn="57" endline="69" loc="69.24 - 69.57"/></node><node id="300" label="ExprStmt"><node id="299" label="NameExpr" lexeme="c"><location begcolumn="60" begline="69" endcolumn="60" endline="69" loc="69.60 - 69.60"/></node><location begcolumn="60" begline="69" endcolumn="60" endline="69" loc="69.60 - 69.60"/></node><location begcolumn="24" begline="69" endcolumn="60" endline="69" loc="69.24 - 69.60"/></node><location begcolumn="23" begline="69" endcolumn="63" endline="69" loc="69.23 - 69.63"/></node><node id="305" label="{Decls}"><node id="304" label="VarDecl" lexeme="c"><node id="303" label="AtomType" spec="CHAR"><location begcolumn="37" begline="70" endcolumn="40" endline="70" loc="70.37 - 70.40"/></node><location begcolumn="31" begline="70" endcolumn="40" endline="70" loc="70.31 - 70.40"/></node><location begcolumn="31" begline="70" endcolumn="40" endline="70" loc="70.31 - 70.40"/></node><location begcolumn="23" begline="69" endcolumn="42" endline="70" loc="69.23 - 70.42"/></node><location begcolumn="23" begline="69" endcolumn="42" endline="70" loc="69.23 - 70.42"/></node><location begcolumn="15" begline="69" endcolumn="43" endline="70" loc="69.15 - 70.43"/></node><location begcolumn="15" begline="69" endcolumn="43" endline="70" loc="69.15 - 70.43"/></node><node id="314" label="AssignStmt"><node id="310" label="NameExpr" lexeme="i"><location begcolumn="15" begline="71" endcolumn="15" endline="71" loc="71.15 - 71.15"/></node><node id="313" label="BinExpr" spec="ADD"><node id="311" label="NameExpr" lexeme="i"><location begcolumn="17" begline="71" endcolumn="17" endline="71" loc="71.17 - 71.17"/></node><node id="312" label="AtomExpr" lexeme="1" spec="INTEGER"><location begcolumn="19" begline="71" endcolumn="19" endline="71" loc="71.19 - 71.19"/></node><location begcolumn="17" begline="71" endcolumn="19" endline="71" loc="71.17 - 71.19"/></node><location begcolumn="15" begline="71" endcolumn="19" endline="71" loc="71.15 - 71.19"/></node><location begcolumn="15" begline="69" endcolumn="19" endline="71" loc="69.15 - 71.19"/></node><location begcolumn="26" begline="68" endcolumn="13" endline="72" loc="68.26 - 72.13"/></node><location begcolumn="26" begline="68" endcolumn="13" endline="72" loc="68.26 - 72.13"/></node><location begcolumn="13" begline="68" endcolumn="13" endline="72" loc="68.13 - 72.13"/></node><node id="324" label="ExprStmt"><node id="323" label="CallExpr" lexeme="putChar"><node id="322" label="{CallArgs}"><node id="321" label="CastExpr"><node id="319" label="AtomExpr" lexeme="10" spec="INTEGER"><location begcolumn="22" begline="73" endcolumn="23" endline="73" loc="73.22 - 73.23"/></node><node id="320" label="AtomType" spec="CHAR"><location begcolumn="25" begline="73" endcolumn="28" endline="73" loc="73.25 - 73.28"/></node><location begcolumn="22" begline="73" endcolumn="28" endline="73" loc="73.22 - 73.28"/></node><location begcolumn="22" begline="73" endcolumn="28" endline="73" loc="73.22 - 73.28"/></node><location begcolumn="13" begline="73" endcolumn="30" endline="73" loc="73.13 - 73.30"/></node><location begcolumn="13" begline="73" endcolumn="30" endline="73" loc="73.13 - 73.30"/></node><node id="329" label="AssignStmt"><node id="325" label="NameExpr" lexeme="j"><location begcolumn="13" begline="74" endcolumn="13" endline="74" loc="74.13 - 74.13"/></node><node id="328" label="BinExpr" spec="ADD"><node id="326" label="NameExpr" lexeme="j"><location begcolumn="15" begline="74" endcolumn="15" endline="74" loc="74.15 - 74.15"/></node><node id="327" label="AtomExpr" lexeme="1" spec="INTEGER"><location begcolumn="17" begline="74" endcolumn="17" endline="74" loc="74.17 - 74.17"/></node><location begcolumn="15" begline="74" endcolumn="17" endline="74" loc="74.15 - 74.17"/></node><location begcolumn="13" begline="74" endcolumn="17" endline="74" loc="74.13 - 74.17"/></node><location begcolumn="13" begline="67" endcolumn="17" endline="74" loc="67.13 - 74.17"/></node><location begcolumn="24" begline="66" endcolumn="11" endline="75" loc="66.24 - 75.11"/></node><location begcolumn="24" begline="66" endcolumn="11" endline="75" loc="66.24 - 75.11"/></node><location begcolumn="11" begline="66" endcolumn="11" endline="75" loc="66.11 - 75.11"/></node><node id="339" label="ExprStmt"><node id="338" label="CallExpr" lexeme="putChar"><node id="337" label="{CallArgs}"><node id="336" label="CastExpr"><node id="334" label="AtomExpr" lexeme="10" spec="INTEGER"><location begcolumn="20" begline="76" endcolumn="21" endline="76" loc="76.20 - 76.21"/></node><node id="335" label="AtomType" spec="CHAR"><location begcolumn="23" begline="76" endcolumn="26" endline="76" loc="76.23 - 76.26"/></node><location begcolumn="20" begline="76" endcolumn="26" endline="76" loc="76.20 - 76.26"/></node><location begcolumn="20" begline="76" endcolumn="26" endline="76" loc="76.20 - 76.26"/></node><location begcolumn="11" begline="76" endcolumn="28" endline="76" loc="76.11 - 76.28"/></node><location begcolumn="11" begline="76" endcolumn="28" endline="76" loc="76.11 - 76.28"/></node><node id="342" label="AssignStmt"><node id="340" label="NameExpr" lexeme="all"><location begcolumn="11" begline="77" endcolumn="13" endline="77" loc="77.11 - 77.13"/></node><node id="341" label="AtomExpr" lexeme="1" spec="INTEGER"><location begcolumn="15" begline="77" endcolumn="15" endline="77" loc="77.15 - 77.15"/></node><location begcolumn="11" begline="77" endcolumn="15" endline="77" loc="77.11 - 77.15"/></node><location begcolumn="11" begline="63" endcolumn="15" endline="77" loc="63.11 - 77.15"/></node><location begcolumn="9" begline="62" endcolumn="9" endline="78" loc="62.9 - 78.9"/></node><location begcolumn="9" begline="62" endcolumn="9" endline="78" loc="62.9 - 78.9"/></node><node id="459" label="ExprStmt"><node id="458" label="StmtExpr"><node id="457" label="{Stmts}"><node id="348" label="AssignStmt"><node id="346" label="NameExpr" lexeme="all"><location begcolumn="11" begline="81" endcolumn="13" endline="81" loc="81.11 - 81.13"/></node><node id="347" label="AtomExpr" lexeme="0" spec="INTEGER"><location begcolumn="15" begline="81" endcolumn="15" endline="81" loc="81.15 - 81.15"/></node><location begcolumn="11" begline="81" endcolumn="15" endline="81" loc="81.11 - 81.15"/></node><node id="351" label="AssignStmt"><node id="349" label="NameExpr" lexeme="j"><location begcolumn="11" begline="82" endcolumn="11" endline="82" loc="82.11 - 82.11"/></node><node id="350" label="AtomExpr" lexeme="0" spec="INTEGER"><location begcolumn="13" begline="82" endcolumn="13" endline="82" loc="82.13 - 82.13"/></node><location begcolumn="11" begline="82" endcolumn="13" endline="82" loc="82.11 - 82.13"/></node><node id="456" label="WhileStmt"><node id="354" label="BinExpr" spec="LTH"><node id="352" label="NameExpr" lexeme="j"><location begcolumn="17" begline="83" endcolumn="17" endline="83" loc="83.17 - 83.17"/></node><node id="353" label="NameExpr" lexeme="n"><location begcolumn="19" begline="83" endcolumn="19" endline="83" loc="83.19 - 83.19"/></node><location begcolumn="17" begline="83" endcolumn="19" endline="83" loc="83.17 - 83.19"/></node><node id="455" label="ExprStmt"><node id="454" label="StmtExpr"><node id="453" label="{Stmts}"><node id="360" label="AssignStmt"><node id="358" label="ArrExpr"><node id="356" label="SfxExpr" spec="PTR"><node id="355" label="NameExpr" lexeme="qs"><location begcolumn="13" begline="84" endcolumn="14" endline="84" loc="84.13 - 84.14"/></node><location begcolumn="13" begline="84" endcolumn="15" endline="84" loc="84.13 - 84.15"/></node><node id="357" label="NameExpr" lexeme="i"><location begcolumn="17" begline="84" endcolumn="17" endline="84" loc="84.17 - 84.17"/></node><location begcolumn="13" begline="84" endcolumn="18" endline="84" loc="84.13 - 84.18"/></node><node id="359" label="NameExpr" lexeme="j"><location begcolumn="20" begline="84" endcolumn="20" endline="84" loc="84.20 - 84.20"/></node><location begcolumn="13" begline="84" endcolumn="20" endline="84" loc="84.13 - 84.20"/></node><node id="363" label="AssignStmt"><node id="361" label="NameExpr" lexeme="ok"><location begcolumn="13" begline="85" endcolumn="14" endline="85" loc="85.13 - 85.14"/></node><node id="362" label="AtomExpr" lexeme="true" spec="BOOLEAN"><location begcolumn="16" begline="85" endcolumn="19" endline="85" loc="85.16 - 85.19"/></node><location begcolumn="13" begline="85" endcolumn="19" endline="85" loc="85.13 - 85.19"/></node><node id="432" label="ExprStmt"><node id="431" label="WhereExpr"><node id="427" label="StmtExpr"><node id="426" label="{Stmts}"><node id="366" label="AssignStmt"><node id="364" label="NameExpr" lexeme="k"><location begcolumn="15" begline="87" endcolumn="15" endline="87" loc="87.15 - 87.15"/></node><node id="365" label="AtomExpr" lexeme="0" spec="INTEGER"><location begcolumn="17" begline="87" endcolumn="17" endline="87" loc="87.17 - 87.17"/></node><location begcolumn="15" begline="87" endcolumn="17" endline="87" loc="87.15 - 87.17"/></node><node id="425" label="WhileStmt"><node id="369" label="BinExpr" spec="LTH"><node id="367" label="NameExpr" lexeme="k"><location begcolumn="21" begline="88" endcolumn="21" endline="88" loc="88.21 - 88.21"/></node><node id="368" label="NameExpr" lexeme="i"><location begcolumn="23" begline="88" endcolumn="23" endline="88" loc="88.23 - 88.23"/></node><location begcolumn="21" begline="88" endcolumn="23" endline="88" loc="88.21 - 88.23"/></node><node id="424" label="ExprStmt"><node id="423" label="StmtExpr"><node id="422" label="{Stmts}"><node id="382" label="AssignStmt"><node id="370" label="NameExpr" lexeme="ok"><location begcolumn="17" begline="89" endcolumn="18" endline="89" loc="89.17 - 89.18"/></node><node id="381" label="BinExpr" spec="AND"><node id="371" label="NameExpr" lexeme="ok"><location begcolumn="20" begline="89" endcolumn="21" endline="89" loc="89.20 - 89.21"/></node><node id="380" label="BinExpr" spec="NEQ"><node id="375" label="ArrExpr"><node id="373" label="SfxExpr" spec="PTR"><node id="372" label="NameExpr" lexeme="qs"><location begcolumn="24" begline="89" endcolumn="25" endline="89" loc="89.24 - 89.25"/></node><location begcolumn="24" begline="89" endcolumn="26" endline="89" loc="89.24 - 89.26"/></node><node id="374" label="NameExpr" lexeme="k"><location begcolumn="28" begline="89" endcolumn="28" endline="89" loc="89.28 - 89.28"/></node><location begcolumn="24" begline="89" endcolumn="29" endline="89" loc="89.24 - 89.29"/></node><node id="379" label="ArrExpr"><node id="377" label="SfxExpr" spec="PTR"><node id="376" label="NameExpr" lexeme="qs"><location begcolumn="32" begline="89" endcolumn="33" endline="89" loc="89.32 - 89.33"/></node><location begcolumn="32" begline="89" endcolumn="34" endline="89" loc="89.32 - 89.34"/></node><node id="378" label="NameExpr" lexeme="i"><location begcolumn="36" begline="89" endcolumn="36" endline="89" loc="89.36 - 89.36"/></node><location begcolumn="32" begline="89" endcolumn="37" endline="89" loc="89.32 - 89.37"/></node><location begcolumn="24" begline="89" endcolumn="37" endline="89" loc="89.24 - 89.37"/></node><location begcolumn="20" begline="89" endcolumn="37" endline="89" loc="89.20 - 89.37"/></node><location begcolumn="17" begline="89" endcolumn="37" endline="89" loc="89.17 - 89.37"/></node><node id="399" label="AssignStmt"><node id="383" label="NameExpr" lexeme="ok"><location begcolumn="17" begline="90" endcolumn="18" endline="90" loc="90.17 - 90.18"/></node><node id="398" label="BinExpr" spec="AND"><node id="384" label="NameExpr" lexeme="ok"><location begcolumn="20" begline="90" endcolumn="21" endline="90" loc="90.20 - 90.21"/></node><node id="397" label="BinExpr" spec="NEQ"><node id="393" label="BinExpr" spec="SUB"><node id="388" label="ArrExpr"><node id="386" label="SfxExpr" spec="PTR"><node id="385" label="NameExpr" lexeme="qs"><location begcolumn="24" begline="90" endcolumn="25" endline="90" loc="90.24 - 90.25"/></node><location begcolumn="24" begline="90" endcolumn="26" endline="90" loc="90.24 - 90.26"/></node><node id="387" label="NameExpr" lexeme="k"><location begcolumn="28" begline="90" endcolumn="28" endline="90" loc="90.28 - 90.28"/></node><location begcolumn="24" begline="90" endcolumn="29" endline="90" loc="90.24 - 90.29"/></node><node id="392" label="ArrExpr"><node id="390" label="SfxExpr" spec="PTR"><node id="389" label="NameExpr" lexeme="qs"><location begcolumn="31" begline="90" endcolumn="32" endline="90" loc="90.31 - 90.32"/></node><location begcolumn="31" begline="90" endcolumn="33" endline="90" loc="90.31 - 90.33"/></node><node id="391" label="NameExpr" lexeme="i"><location begcolumn="35" begline="90" endcolumn="35" endline="90" loc="90.35 - 90.35"/></node><location begcolumn="31" begline="90" endcolumn="36" endline="90" loc="90.31 - 90.36"/></node><location begcolumn="24" begline="90" endcolumn="36" endline="90" loc="90.24 - 90.36"/></node><node id="396" label="BinExpr" spec="SUB"><node id="394" label="NameExpr" lexeme="k"><location begcolumn="39" begline="90" endcolumn="39" endline="90" loc="90.39 - 90.39"/></node><node id="395" label="NameExpr" lexeme="i"><location begcolumn="41" begline="90" endcolumn="41" endline="90" loc="90.41 - 90.41"/></node><location begcolumn="39" begline="90" endcolumn="41" endline="90" loc="90.39 - 90.41"/></node><location begcolumn="24" begline="90" endcolumn="41" endline="90" loc="90.24 - 90.41"/></node><location begcolumn="20" begline="90" endcolumn="41" endline="90" loc="90.20 - 90.41"/></node><location begcolumn="17" begline="90" endcolumn="41" endline="90" loc="90.17 - 90.41"/></node><node id="416" label="AssignStmt"><node id="400" label="NameExpr" lexeme="ok"><location begcolumn="17" begline="91" endcolumn="18" endline="91" loc="91.17 - 91.18"/></node><node id="415" label="BinExpr" spec="AND"><node id="401" label="NameExpr" lexeme="ok"><location begcolumn="20" begline="91" endcolumn="21" endline="91" loc="91.20 - 91.21"/></node><node id="414" label="BinExpr" spec="NEQ"><node id="410" label="BinExpr" spec="SUB"><node id="405" label="ArrExpr"><node id="403" label="SfxExpr" spec="PTR"><node id="402" label="NameExpr" lexeme="qs"><location begcolumn="24" begline="91" endcolumn="25" endline="91" loc="91.24 - 91.25"/></node><location begcolumn="24" begline="91" endcolumn="26" endline="91" loc="91.24 - 91.26"/></node><node id="404" label="NameExpr" lexeme="k"><location begcolumn="28" begline="91" endcolumn="28" endline="91" loc="91.28 - 91.28"/></node><location begcolumn="24" begline="91" endcolumn="29" endline="91" loc="91.24 - 91.29"/></node><node id="409" label="ArrExpr"><node id="407" label="SfxExpr" spec="PTR"><node id="406" label="NameExpr" lexeme="qs"><location begcolumn="31" begline="91" endcolumn="32" endline="91" loc="91.31 - 91.32"/></node><location begcolumn="31" begline="91" endcolumn="33" endline="91" loc="91.31 - 91.33"/></node><node id="408" label="NameExpr" lexeme="i"><location begcolumn="35" begline="91" endcolumn="35" endline="91" loc="91.35 - 91.35"/></node><location begcolumn="31" begline="91" endcolumn="36" endline="91" loc="91.31 - 91.36"/></node><location begcolumn="24" begline="91" endcolumn="36" endline="91" loc="91.24 - 91.36"/></node><node id="413" label="BinExpr" spec="SUB"><node id="411" label="NameExpr" lexeme="i"><location begcolumn="39" begline="91" endcolumn="39" endline="91" loc="91.39 - 91.39"/></node><node id="412" label="NameExpr" lexeme="k"><location begcolumn="41" begline="91" endcolumn="41" endline="91" loc="91.41 - 91.41"/></node><location begcolumn="39" begline="91" endcolumn="41" endline="91" loc="91.39 - 91.41"/></node><location begcolumn="24" begline="91" endcolumn="41" endline="91" loc="91.24 - 91.41"/></node><location begcolumn="20" begline="91" endcolumn="41" endline="91" loc="91.20 - 91.41"/></node><location begcolumn="17" begline="91" endcolumn="41" endline="91" loc="91.17 - 91.41"/></node><node id="421" label="AssignStmt"><node id="417" label="NameExpr" lexeme="k"><location begcolumn="17" begline="92" endcolumn="17" endline="92" loc="92.17 - 92.17"/></node><node id="420" label="BinExpr" spec="ADD"><node id="418" label="NameExpr" lexeme="k"><location begcolumn="19" begline="92" endcolumn="19" endline="92" loc="92.19 - 92.19"/></node><node id="419" label="AtomExpr" lexeme="1" spec="INTEGER"><location begcolumn="21" begline="92" endcolumn="21" endline="92" loc="92.21 - 92.21"/></node><location begcolumn="19" begline="92" endcolumn="21" endline="92" loc="92.19 - 92.21"/></node><location begcolumn="17" begline="92" endcolumn="21" endline="92" loc="92.17 - 92.21"/></node><location begcolumn="17" begline="89" endcolumn="21" endline="92" loc="89.17 - 92.21"/></node><location begcolumn="28" begline="88" endcolumn="15" endline="93" loc="88.28 - 93.15"/></node><location begcolumn="28" begline="88" endcolumn="15" endline="93" loc="88.28 - 93.15"/></node><location begcolumn="15" begline="88" endcolumn="15" endline="93" loc="88.15 - 93.15"/></node><location begcolumn="15" begline="87" endcolumn="15" endline="93" loc="87.15 - 93.15"/></node><location begcolumn="13" begline="86" endcolumn="13" endline="94" loc="86.13 - 94.13"/></node><node id="430" label="{Decls}"><node id="429" label="VarDecl" lexeme="k"><node id="428" label="AtomType" spec="INTEGER"><location begcolumn="29" begline="94" endcolumn="35" endline="94" loc="94.29 - 94.35"/></node><location begcolumn="23" begline="94" endcolumn="35" endline="94" loc="94.23 - 94.35"/></node><location begcolumn="23" begline="94" endcolumn="35" endline="94" loc="94.23 - 94.35"/></node><location begcolumn="13" begline="86" endcolumn="37" endline="94" loc="86.13 - 94.37"/></node><location begcolumn="13" begline="86" endcolumn="37" endline="94" loc="86.13 - 94.37"/></node><node id="447" label="IfStmt"><node id="433" label="NameExpr" lexeme="ok"><location begcolumn="16" begline="95" endcolumn="17" endline="95" loc="95.16 - 95.17"/></node><node id="444" label="AssignStmt"><node id="434" label="NameExpr" lexeme="all"><location begcolumn="24" begline="95" endcolumn="26" endline="95" loc="95.24 - 95.26"/></node><node id="443" label="BinExpr" spec="ADD"><node id="435" label="NameExpr" lexeme="all"><location begcolumn="28" begline="95" endcolumn="30" endline="95" loc="95.28 - 95.30"/></node><node id="442" label="CallExpr" lexeme="queens"><node id="441" label="{CallArgs}"><node id="438" label="BinExpr" spec="ADD"><node id="436" label="NameExpr" lexeme="i"><location begcolumn="39" begline="95" endcolumn="39" endline="95" loc="95.39 - 95.39"/></node><node id="437" label="AtomExpr" lexeme="1" spec="INTEGER"><location begcolumn="41" begline="95" endcolumn="41" endline="95" loc="95.41 - 95.41"/></node><location begcolumn="39" begline="95" endcolumn="41" endline="95" loc="95.39 - 95.41"/></node><node id="439" label="NameExpr" lexeme="n"><location begcolumn="43" begline="95" endcolumn="43" endline="95" loc="95.43 - 95.43"/></node><node id="440" label="NameExpr" lexeme="qs"><location begcolumn="45" begline="95" endcolumn="46" endline="95" loc="95.45 - 95.46"/></node><location begcolumn="39" begline="95" endcolumn="46" endline="95" loc="95.39 - 95.46"/></node><location begcolumn="32" begline="95" endcolumn="47" endline="95" loc="95.32 - 95.47"/></node><location begcolumn="28" begline="95" endcolumn="47" endline="95" loc="95.28 - 95.47"/></node><location begcolumn="24" begline="95" endcolumn="47" endline="95" loc="95.24 - 95.47"/></node><node id="446" label="ExprStmt"><node id="445" label="AtomExpr" lexeme="none" spec="VOID"><location begcolumn="54" begline="95" endcolumn="57" endline="95" loc="95.54 - 95.57"/></node><location begcolumn="54" begline="95" endcolumn="57" endline="95" loc="95.54 - 95.57"/></node><location begcolumn="13" begline="95" endcolumn="57" endline="95" loc="95.13 - 95.57"/></node><node id="452" label="AssignStmt"><node id="448" label="NameExpr" lexeme="j"><location begcolumn="13" begline="96" endcolumn="13" endline="96" loc="96.13 - 96.13"/></node><node id="451" label="BinExpr" spec="ADD"><node id="449" label="NameExpr" lexeme="j"><location begcolumn="15" begline="96" endcolumn="15" endline="96" loc="96.15 - 96.15"/></node><node id="450" label="AtomExpr" lexeme="1" spec="INTEGER"><location begcolumn="17" begline="96" endcolumn="17" endline="96" loc="96.17 - 96.17"/></node><location begcolumn="15" begline="96" endcolumn="17" endline="96" loc="96.15 - 96.17"/></node><location begcolumn="13" begline="96" endcolumn="17" endline="96" loc="96.13 - 96.17"/></node><location begcolumn="13" begline="84" endcolumn="17" endline="96" loc="84.13 - 96.17"/></node><location begcolumn="24" begline="83" endcolumn="11" endline="97" loc="83.24 - 97.11"/></node><location begcolumn="24" begline="83" endcolumn="11" endline="97" loc="83.24 - 97.11"/></node><location begcolumn="11" begline="83" endcolumn="11" endline="97" loc="83.11 - 97.11"/></node><location begcolumn="11" begline="81" endcolumn="11" endline="97" loc="81.11 - 97.11"/></node><location begcolumn="9" begline="80" endcolumn="9" endline="98" loc="80.9 - 98.9"/></node><location begcolumn="9" begline="80" endcolumn="9" endline="98" loc="80.9 - 98.9"/></node><location begcolumn="7" begline="61" endcolumn="9" endline="98" loc="61.7 - 98.9"/></node><node id="462" label="ExprStmt"><node id="461" label="NameExpr" lexeme="all"><location begcolumn="7" begline="99" endcolumn="9" endline="99" loc="99.7 - 99.9"/></node><location begcolumn="7" begline="99" endcolumn="9" endline="99" loc="99.7 - 99.9"/></node><location begcolumn="7" begline="61" endcolumn="9" endline="99" loc="61.7 - 99.9"/></node><location begcolumn="5" begline="60" endcolumn="5" endline="100" loc="60.5 - 100.5"/></node><node id="471" label="{Decls}"><node id="466" label="VarDecl" lexeme="j"><node id="465" label="AtomType" spec="INTEGER"><location begcolumn="13" begline="103" endcolumn="19" endline="103" loc="103.13 - 103.19"/></node><location begcolumn="7" begline="103" endcolumn="19" endline="103" loc="103.7 - 103.19"/></node><node id="468" label="VarDecl" lexeme="ok"><node id="467" label="AtomType" spec="BOOLEAN"><location begcolumn="14" begline="104" endcolumn="20" endline="104" loc="104.14 - 104.20"/></node><location begcolumn="7" begline="104" endcolumn="20" endline="104" loc="104.7 - 104.20"/></node><node id="470" label="VarDecl" lexeme="all"><node id="469" label="AtomType" spec="INTEGER"><location begcolumn="15" begline="105" endcolumn="21" endline="105" loc="105.15 - 105.21"/></node><location begcolumn="7" begline="105" endcolumn="21" endline="105" loc="105.7 - 105.21"/></node><location begcolumn="7" begline="103" endcolumn="21" endline="105" loc="103.7 - 105.21"/></node><location begcolumn="5" begline="60" endcolumn="5" endline="106" loc="60.5 - 106.5"/></node><location begcolumn="1" begline="59" endcolumn="5" endline="106" loc="59.1 - 106.5"/></node><node id="520" label="FunDecl" lexeme="main"><node id="475" label="AtomType" spec="INTEGER"><location begcolumn="12" begline="108" endcolumn="18" endline="108" loc="108.12 - 108.18"/></node><node id="519" label="WhereExpr"><node id="511" label="StmtExpr"><node id="510" label="{Stmts}"><node id="479" label="AssignStmt"><node id="476" label="NameExpr" lexeme="n"><location begcolumn="7" begline="110" endcolumn="7" endline="110" loc="110.7 - 110.7"/></node><node id="478" label="CallExpr" lexeme="getInteger"><location begcolumn="9" begline="110" endcolumn="20" endline="110" loc="110.9 - 110.20"/></node><location begcolumn="7" begline="110" endcolumn="20" endline="110" loc="110.7 - 110.20"/></node><node id="487" label="AssignStmt"><node id="480" label="NameExpr" lexeme="n"><location begcolumn="7" begline="111" endcolumn="7" endline="111" loc="111.7 - 111.7"/></node><node id="486" label="CallExpr" lexeme="queens"><node id="485" label="{CallArgs}"><node id="481" label="AtomExpr" lexeme="0" spec="INTEGER"><location begcolumn="16" begline="111" endcolumn="16" endline="111" loc="111.16 - 111.16"/></node><node id="482" label="NameExpr" lexeme="n"><location begcolumn="18" begline="111" endcolumn="18" endline="111" loc="111.18 - 111.18"/></node><node id="484" label="PfxExpr" spec="PTR"><node id="483" label="NameExpr" lexeme="qs"><location begcolumn="21" begline="111" endcolumn="22" endline="111" loc="111.21 - 111.22"/></node><location begcolumn="20" begline="111" endcolumn="22" endline="111" loc="111.20 - 111.22"/></node><location begcolumn="16" begline="111" endcolumn="22" endline="111" loc="111.16 - 111.22"/></node><location begcolumn="9" begline="111" endcolumn="23" endline="111" loc="111.9 - 111.23"/></node><location begcolumn="7" begline="111" endcolumn="23" endline="111" loc="111.7 - 111.23"/></node><node id="491" label="ExprStmt"><node id="490" label="CallExpr" lexeme="putString"><node id="489" label="{CallArgs}"><node id="488" label="AtomExpr" lexeme="&quot;# ALL SOLUTIONS = &quot;" spec="STRING"><location begcolumn="17" begline="112" endcolumn="36" endline="112" loc="112.17 - 112.36"/></node><location begcolumn="17" begline="112" endcolumn="36" endline="112" loc="112.17 - 112.36"/></node><location begcolumn="7" begline="112" endcolumn="37" endline="112" loc="112.7 - 112.37"/></node><location begcolumn="7" begline="112" endcolumn="37" endline="112" loc="112.7 - 112.37"/></node><node id="495" label="ExprStmt"><node id="494" label="CallExpr" lexeme="putInteger"><node id="493" label="{CallArgs}"><node id="492" label="NameExpr" lexeme="n"><location begcolumn="18" begline="113" endcolumn="18" endline="113" loc="113.18 - 113.18"/></node><location begcolumn="18" begline="113" endcolumn="18" endline="113" loc="113.18 - 113.18"/></node><location begcolumn="7" begline="113" endcolumn="19" endline="113" loc="113.7 - 113.19"/></node><location begcolumn="7" begline="113" endcolumn="19" endline="113" loc="113.7 - 113.19"/></node><node id="501" label="ExprStmt"><node id="500" label="CallExpr" lexeme="putChar"><node id="499" label="{CallArgs}"><node id="498" label="CastExpr"><node id="496" label="AtomExpr" lexeme="10" spec="INTEGER"><location begcolumn="16" begline="114" endcolumn="17" endline="114" loc="114.16 - 114.17"/></node><node id="497" label="AtomType" spec="CHAR"><location begcolumn="19" begline="114" endcolumn="22" endline="114" loc="114.19 - 114.22"/></node><location begcolumn="16" begline="114" endcolumn="22" endline="114" loc="114.16 - 114.22"/></node><location begcolumn="16" begline="114" endcolumn="22" endline="114" loc="114.16 - 114.22"/></node><location begcolumn="7" begline="114" endcolumn="24" endline="114" loc="114.7 - 114.24"/></node><location begcolumn="7" begline="114" endcolumn="24" endline="114" loc="114.7 - 114.24"/></node><node id="507" label="ExprStmt"><node id="506" label="CallExpr" lexeme="putChar"><node id="505" label="{CallArgs}"><node id="504" label="CastExpr"><node id="502" label="AtomExpr" lexeme="10" spec="INTEGER"><location begcolumn="16" begline="115" endcolumn="17" endline="115" loc="115.16 - 115.17"/></node><node id="503" label="AtomType" spec="CHAR"><location begcolumn="19" begline="115" endcolumn="22" endline="115" loc="115.19 - 115.22"/></node><location begcolumn="16" begline="115" endcolumn="22" endline="115" loc="115.16 - 115.22"/></node><location begcolumn="16" begline="115" endcolumn="22" endline="115" loc="115.16 - 115.22"/></node><location begcolumn="7" begline="115" endcolumn="24" endline="115" loc="115.7 - 115.24"/></node><location begcolumn="7" begline="115" endcolumn="24" endline="115" loc="115.7 - 115.24"/></node><node id="509" label="ExprStmt"><node id="508" label="AtomExpr" lexeme="0" spec="INTEGER"><location begcolumn="7" begline="116" endcolumn="7" endline="116" loc="116.7 - 116.7"/></node><location begcolumn="7" begline="116" endcolumn="7" endline="116" loc="116.7 - 116.7"/></node><location begcolumn="7" begline="110" endcolumn="7" endline="116" loc="110.7 - 116.7"/></node><location begcolumn="5" begline="109" endcolumn="5" endline="117" loc="109.5 - 117.5"/></node><node id="518" label="{Decls}"><node id="513" label="VarDecl" lexeme="n"><node id="512" label="AtomType" spec="INTEGER"><location begcolumn="13" begline="120" endcolumn="19" endline="120" loc="120.13 - 120.19"/></node><location begcolumn="7" begline="120" endcolumn="19" endline="120" loc="120.7 - 120.19"/></node><node id="517" label="VarDecl" lexeme="qs"><node id="516" label="ArrType"><node id="514" label="AtomType" spec="INTEGER"><location begcolumn="14" begline="121" endcolumn="20" endline="121" loc="121.14 - 121.20"/></node><node id="515" label="AtomExpr" lexeme="32" spec="INTEGER"><location begcolumn="22" begline="121" endcolumn="23" endline="121" loc="121.22 - 121.23"/></node><location begcolumn="14" begline="121" endcolumn="24" endline="121" loc="121.14 - 121.24"/></node><location begcolumn="7" begline="121" endcolumn="24" endline="121" loc="121.7 - 121.24"/></node><location begcolumn="7" begline="120" endcolumn="24" endline="121" loc="120.7 - 121.24"/></node><location begcolumn="5" begline="109" endcolumn="5" endline="122" loc="109.5 - 122.5"/></node><location begcolumn="1" begline="108" endcolumn="5" endline="122" loc="108.1 - 122.5"/></node><location begcolumn="1" begline="1" endcolumn="5" endline="122" loc="1.1 - 122.5"/></node></abstr>