<?xml version="1.0" encoding="UTF-8" standalone="no"?><?xml-stylesheet type="text/xsl" href="../lib/xsl/lexan.xsl"?><lexan><term lexeme="typ" token="KW_TYP"><location begcolumn="1" begline="1" endcolumn="3" endline="1" loc="1.1 - 1.3"/></term><term lexeme="prviTip" token="IDENTIFIER"><location begcolumn="5" begline="1" endcolumn="11" endline="1" loc="1.5 - 1.11"/></term><term lexeme="=" token="SIM_IS"><location begcolumn="13" begline="1" endcolumn="13" endline="1" loc="1.13 - 1.13"/></term><term lexeme="void" token="KW_VOID"><location begcolumn="14" begline="1" endcolumn="17" endline="1" loc="1.14 - 1.17"/></term><term lexeme="typ" token="KW_TYP"><location begcolumn="1" begline="2" endcolumn="3" endline="2" loc="2.1 - 2.3"/></term><term lexeme="Tip2" token="IDENTIFIER"><location begcolumn="5" begline="2" endcolumn="8" endline="2" loc="2.5 - 2.8"/></term><term lexeme="=" token="SIM_IS"><location begcolumn="10" begline="2" endcolumn="10" endline="2" loc="2.10 - 2.10"/></term><term lexeme="char" token="KW_CHAR"><location begcolumn="12" begline="2" endcolumn="15" endline="2" loc="2.12 - 2.15"/></term><term lexeme="typ" token="KW_TYP"><location begcolumn="1" begline="3" endcolumn="3" endline="3" loc="3.1 - 3.3"/></term><term lexeme="prviTip3" token="IDENTIFIER"><location begcolumn="5" begline="3" endcolumn="12" endline="3" loc="3.5 - 3.12"/></term><term lexeme="=" token="SIM_IS"><location begcolumn="14" begline="3" endcolumn="14" endline="3" loc="3.14 - 3.14"/></term><term lexeme="boolean" token="KW_BOOLEAN"><location begcolumn="15" begline="3" endcolumn="21" endline="3" loc="3.15 - 3.21"/></term><term lexeme="typ" token="KW_TYP"><location begcolumn="1" begline="4" endcolumn="3" endline="4" loc="4.1 - 4.3"/></term><term lexeme="prviTip4" token="IDENTIFIER"><location begcolumn="5" begline="4" endcolumn="12" endline="4" loc="4.5 - 4.12"/></term><term lexeme="=" token="SIM_IS"><location begcolumn="14" begline="4" endcolumn="14" endline="4" loc="4.14 - 4.14"/></term><term lexeme="krneki" token="IDENTIFIER"><location begcolumn="16" begline="4" endcolumn="21" endline="4" loc="4.16 - 4.21"/></term><term lexeme="typ" token="KW_TYP"><location begcolumn="9" begline="5" endcolumn="11" endline="5" loc="5.9 - 5.11"/></term><term lexeme="prviTip5" token="IDENTIFIER"><location begcolumn="13" begline="5" endcolumn="20" endline="5" loc="5.13 - 5.20"/></term><term lexeme="=" token="SIM_IS"><location begcolumn="22" begline="5" endcolumn="22" endline="5" loc="5.22 - 5.22"/></term><term lexeme="(" token="SIM_LPAR"><location begcolumn="23" begline="5" endcolumn="23" endline="5" loc="5.23 - 5.23"/></term><term lexeme="void" token="KW_VOID"><location begcolumn="25" begline="5" endcolumn="28" endline="5" loc="5.25 - 5.28"/></term><term lexeme=")" token="SIM_RPAR"><location begcolumn="30" begline="5" endcolumn="30" endline="5" loc="5.30 - 5.30"/></term><term lexeme="typ" token="KW_TYP"><location begcolumn="32" begline="5" endcolumn="34" endline="5" loc="5.32 - 5.34"/></term><term lexeme="prviTip6" token="IDENTIFIER"><location begcolumn="36" begline="5" endcolumn="43" endline="5" loc="5.36 - 5.43"/></term><term lexeme="=" token="SIM_IS"><location begcolumn="45" begline="5" endcolumn="45" endline="5" loc="5.45 - 5.45"/></term><term lexeme="^" token="SIM_TOP"><location begcolumn="47" begline="5" endcolumn="47" endline="5" loc="5.47 - 5.47"/></term><term lexeme="void" token="KW_VOID"><location begcolumn="49" begline="5" endcolumn="52" endline="5" loc="5.49 - 5.52"/></term><term lexeme="typ" token="KW_TYP"><location begcolumn="3" begline="6" endcolumn="5" endline="6" loc="6.3 - 6.5"/></term><term lexeme="tip7" token="IDENTIFIER"><location begcolumn="7" begline="6" endcolumn="10" endline="6" loc="6.7 - 6.10"/></term><term lexeme="=" token="SIM_IS"><location begcolumn="12" begline="6" endcolumn="12" endline="6" loc="6.12 - 6.12"/></term><term lexeme="{" token="SIM_LSQLBR"><location begcolumn="14" begline="6" endcolumn="14" endline="6" loc="6.14 - 6.14"/></term><term lexeme="neki" token="IDENTIFIER"><location begcolumn="16" begline="6" endcolumn="19" endline="6" loc="6.16 - 6.19"/></term><term lexeme=":" token="SIM_COL"><location begcolumn="21" begline="6" endcolumn="21" endline="6" loc="6.21 - 6.21"/></term><term lexeme="void" token="KW_VOID"><location begcolumn="23" begline="6" endcolumn="26" endline="6" loc="6.23 - 6.26"/></term><term lexeme="}" token="SIM_RSQLBR"><location begcolumn="28" begline="6" endcolumn="28" endline="6" loc="6.28 - 6.28"/></term><term lexeme="typ" token="KW_TYP"><location begcolumn="3" begline="7" endcolumn="5" endline="7" loc="7.3 - 7.5"/></term><term lexeme="tip8" token="IDENTIFIER"><location begcolumn="7" begline="7" endcolumn="10" endline="7" loc="7.7 - 7.10"/></term><term lexeme="=" token="SIM_IS"><location begcolumn="12" begline="7" endcolumn="12" endline="7" loc="7.12 - 7.12"/></term><term lexeme="{" token="SIM_LSQLBR"><location begcolumn="14" begline="7" endcolumn="14" endline="7" loc="7.14 - 7.14"/></term><term lexeme="neki2" token="IDENTIFIER"><location begcolumn="16" begline="7" endcolumn="20" endline="7" loc="7.16 - 7.20"/></term><term lexeme=":" token="SIM_COL"><location begcolumn="22" begline="7" endcolumn="22" endline="7" loc="7.22 - 7.22"/></term><term lexeme="void" token="KW_VOID"><location begcolumn="24" begline="7" endcolumn="27" endline="7" loc="7.24 - 7.27"/></term><term lexeme="," token="SIM_COM"><location begcolumn="28" begline="7" endcolumn="28" endline="7" loc="7.28 - 7.28"/></term><term lexeme="neki3" token="IDENTIFIER"><location begcolumn="30" begline="7" endcolumn="34" endline="7" loc="7.30 - 7.34"/></term><term lexeme=":" token="SIM_COL"><location begcolumn="36" begline="7" endcolumn="36" endline="7" loc="7.36 - 7.36"/></term><term lexeme="integer" token="KW_INTEGER"><location begcolumn="38" begline="7" endcolumn="44" endline="7" loc="7.38 - 7.44"/></term><term lexeme="," token="SIM_COM"><location begcolumn="45" begline="7" endcolumn="45" endline="7" loc="7.45 - 7.45"/></term><term lexeme="neki4" token="IDENTIFIER"><location begcolumn="47" begline="7" endcolumn="51" endline="7" loc="7.47 - 7.51"/></term><term lexeme=":" token="SIM_COL"><location begcolumn="53" begline="7" endcolumn="53" endline="7" loc="7.53 - 7.53"/></term><term lexeme="{" token="SIM_LSQLBR"><location begcolumn="55" begline="7" endcolumn="55" endline="7" loc="7.55 - 7.55"/></term><term lexeme="neki5" token="IDENTIFIER"><location begcolumn="56" begline="7" endcolumn="60" endline="7" loc="7.56 - 7.60"/></term><term lexeme=":" token="SIM_COL"><location begcolumn="62" begline="7" endcolumn="62" endline="7" loc="7.62 - 7.62"/></term><term lexeme="char" token="KW_CHAR"><location begcolumn="64" begline="7" endcolumn="67" endline="7" loc="7.64 - 7.67"/></term><term lexeme="}" token="SIM_RSQLBR"><location begcolumn="68" begline="7" endcolumn="68" endline="7" loc="7.68 - 7.68"/></term><term lexeme="}" token="SIM_RSQLBR"><location begcolumn="70" begline="7" endcolumn="70" endline="7" loc="7.70 - 7.70"/></term><term lexeme="typ" token="KW_TYP"><location begcolumn="3" begline="8" endcolumn="5" endline="8" loc="8.3 - 8.5"/></term><term lexeme="tip10" token="IDENTIFIER"><location begcolumn="7" begline="8" endcolumn="11" endline="8" loc="8.7 - 8.11"/></term><term lexeme="=" token="SIM_IS"><location begcolumn="13" begline="8" endcolumn="13" endline="8" loc="8.13 - 8.13"/></term><term lexeme="integer" token="KW_INTEGER"><location begcolumn="15" begline="8" endcolumn="21" endline="8" loc="8.15 - 8.21"/></term><term lexeme="var" token="KW_VAR"><location begcolumn="1" begline="13" endcolumn="3" endline="13" loc="13.1 - 13.3"/></term><term lexeme="id1" token="IDENTIFIER"><location begcolumn="5" begline="13" endcolumn="7" endline="13" loc="13.5 - 13.7"/></term><term lexeme=":" token="SIM_COL"><location begcolumn="9" begline="13" endcolumn="9" endline="13" loc="13.9 - 13.9"/></term><term lexeme="integer" token="KW_INTEGER"><location begcolumn="11" begline="13" endcolumn="17" endline="13" loc="13.11 - 13.17"/></term><term lexeme="var" token="KW_VAR"><location begcolumn="1" begline="14" endcolumn="3" endline="14" loc="14.1 - 14.3"/></term><term lexeme="id2" token="IDENTIFIER"><location begcolumn="5" begline="14" endcolumn="7" endline="14" loc="14.5 - 14.7"/></term><term lexeme=":" token="SIM_COL"><location begcolumn="9" begline="14" endcolumn="9" endline="14" loc="14.9 - 14.9"/></term><term lexeme="_krnekiIdentifier" token="IDENTIFIER"><location begcolumn="11" begline="14" endcolumn="27" endline="14" loc="14.11 - 14.27"/></term><term lexeme="var" token="KW_VAR"><location begcolumn="1" begline="15" endcolumn="3" endline="15" loc="15.1 - 15.3"/></term><term lexeme="id4" token="IDENTIFIER"><location begcolumn="5" begline="15" endcolumn="7" endline="15" loc="15.5 - 15.7"/></term><term lexeme=":" token="SIM_COL"><location begcolumn="11" begline="15" endcolumn="11" endline="15" loc="15.11 - 15.11"/></term><term lexeme="^" token="SIM_TOP"><location begcolumn="15" begline="15" endcolumn="15" endline="15" loc="15.15 - 15.15"/></term><term lexeme="char" token="KW_CHAR"><location begcolumn="17" begline="15" endcolumn="20" endline="15" loc="15.17 - 15.20"/></term><term lexeme="var" token="KW_VAR"><location begcolumn="1" begline="16" endcolumn="3" endline="16" loc="16.1 - 16.3"/></term><term lexeme="id5" token="IDENTIFIER"><location begcolumn="5" begline="16" endcolumn="7" endline="16" loc="16.5 - 16.7"/></term><term lexeme=":" token="SIM_COL"><location begcolumn="9" begline="16" endcolumn="9" endline="16" loc="16.9 - 16.9"/></term><term lexeme="{" token="SIM_LSQLBR"><location begcolumn="11" begline="16" endcolumn="11" endline="16" loc="16.11 - 16.11"/></term><term lexeme="id1" token="IDENTIFIER"><location begcolumn="12" begline="16" endcolumn="14" endline="16" loc="16.12 - 16.14"/></term><term lexeme=":" token="SIM_COL"><location begcolumn="16" begline="16" endcolumn="16" endline="16" loc="16.16 - 16.16"/></term><term lexeme="integer" token="KW_INTEGER"><location begcolumn="18" begline="16" endcolumn="24" endline="16" loc="16.18 - 16.24"/></term><term lexeme="," token="SIM_COM"><location begcolumn="25" begline="16" endcolumn="25" endline="16" loc="16.25 - 16.25"/></term><term lexeme="id2" token="IDENTIFIER"><location begcolumn="27" begline="16" endcolumn="29" endline="16" loc="16.27 - 16.29"/></term><term lexeme=":" token="SIM_COL"><location begcolumn="30" begline="16" endcolumn="30" endline="16" loc="16.30 - 16.30"/></term><term lexeme="_krnekiIdentifier" token="IDENTIFIER"><location begcolumn="32" begline="16" endcolumn="48" endline="16" loc="16.32 - 16.48"/></term><term lexeme="}" token="SIM_RSQLBR"><location begcolumn="49" begline="16" endcolumn="49" endline="16" loc="16.49 - 16.49"/></term><term lexeme="var" token="KW_VAR"><location begcolumn="1" begline="17" endcolumn="3" endline="17" loc="17.1 - 17.3"/></term><term lexeme="id6" token="IDENTIFIER"><location begcolumn="5" begline="17" endcolumn="7" endline="17" loc="17.5 - 17.7"/></term><term lexeme=":" token="SIM_COL"><location begcolumn="9" begline="17" endcolumn="9" endline="17" loc="17.9 - 17.9"/></term><term lexeme="(" token="SIM_LPAR"><location begcolumn="11" begline="17" endcolumn="11" endline="17" loc="17.11 - 17.11"/></term><term lexeme="{" token="SIM_LSQLBR"><location begcolumn="13" begline="17" endcolumn="13" endline="17" loc="17.13 - 17.13"/></term><term lexeme="id1" token="IDENTIFIER"><location begcolumn="14" begline="17" endcolumn="16" endline="17" loc="17.14 - 17.16"/></term><term lexeme=":" token="SIM_COL"><location begcolumn="18" begline="17" endcolumn="18" endline="17" loc="17.18 - 17.18"/></term><term lexeme="integer" token="KW_INTEGER"><location begcolumn="20" begline="17" endcolumn="26" endline="17" loc="17.20 - 17.26"/></term><term lexeme="," token="SIM_COM"><location begcolumn="27" begline="17" endcolumn="27" endline="17" loc="17.27 - 17.27"/></term><term lexeme="id2" token="IDENTIFIER"><location begcolumn="29" begline="17" endcolumn="31" endline="17" loc="17.29 - 17.31"/></term><term lexeme=":" token="SIM_COL"><location begcolumn="32" begline="17" endcolumn="32" endline="17" loc="17.32 - 17.32"/></term><term lexeme="_krnekiIdentifier" token="IDENTIFIER"><location begcolumn="34" begline="17" endcolumn="50" endline="17" loc="17.34 - 17.50"/></term><term lexeme="}" token="SIM_RSQLBR"><location begcolumn="51" begline="17" endcolumn="51" endline="17" loc="17.51 - 17.51"/></term><term lexeme=")" token="SIM_RPAR"><location begcolumn="53" begline="17" endcolumn="53" endline="17" loc="17.53 - 17.53"/></term><term lexeme="var" token="KW_VAR"><location begcolumn="1" begline="19" endcolumn="3" endline="19" loc="19.1 - 19.3"/></term><term lexeme="id3" token="IDENTIFIER"><location begcolumn="5" begline="19" endcolumn="7" endline="19" loc="19.5 - 19.7"/></term><term lexeme=":" token="SIM_COL"><location begcolumn="9" begline="19" endcolumn="9" endline="19" loc="19.9 - 19.9"/></term><term lexeme="void" token="KW_VOID"><location begcolumn="11" begline="19" endcolumn="14" endline="19" loc="19.11 - 19.14"/></term><term lexeme="[" token="SIM_LSQRBR"><location begcolumn="16" begline="19" endcolumn="16" endline="19" loc="19.16 - 19.16"/></term><term lexeme="123" token="CONST_INTEGER"><location begcolumn="17" begline="19" endcolumn="19" endline="19" loc="19.17 - 19.19"/></term><term lexeme="]" token="SIM_RSQRBR"><location begcolumn="20" begline="19" endcolumn="20" endline="19" loc="19.20 - 19.20"/></term><term lexeme="var" token="KW_VAR"><location begcolumn="1" begline="20" endcolumn="3" endline="20" loc="20.1 - 20.3"/></term><term lexeme="id32" token="IDENTIFIER"><location begcolumn="5" begline="20" endcolumn="8" endline="20" loc="20.5 - 20.8"/></term><term lexeme=":" token="SIM_COL"><location begcolumn="10" begline="20" endcolumn="10" endline="20" loc="20.10 - 20.10"/></term><term lexeme="void" token="KW_VOID"><location begcolumn="12" begline="20" endcolumn="15" endline="20" loc="20.12 - 20.15"/></term><term lexeme="[" token="SIM_LSQRBR"><location begcolumn="17" begline="20" endcolumn="17" endline="20" loc="20.17 - 20.17"/></term><term lexeme="123" token="CONST_INTEGER"><location begcolumn="19" begline="20" endcolumn="21" endline="20" loc="20.19 - 20.21"/></term><term lexeme="]" token="SIM_RSQRBR"><location begcolumn="22" begline="20" endcolumn="22" endline="20" loc="20.22 - 20.22"/></term><term lexeme="var" token="KW_VAR"><location begcolumn="1" begline="21" endcolumn="3" endline="21" loc="21.1 - 21.3"/></term><term lexeme="id33" token="IDENTIFIER"><location begcolumn="5" begline="21" endcolumn="8" endline="21" loc="21.5 - 21.8"/></term><term lexeme=":" token="SIM_COL"><location begcolumn="10" begline="21" endcolumn="10" endline="21" loc="21.10 - 21.10"/></term><term lexeme="void" token="KW_VOID"><location begcolumn="12" begline="21" endcolumn="15" endline="21" loc="21.12 - 21.15"/></term><term lexeme="[" token="SIM_LSQRBR"><location begcolumn="17" begline="21" endcolumn="17" endline="21" loc="21.17 - 21.17"/></term><term lexeme="123" token="CONST_INTEGER"><location begcolumn="18" begline="21" endcolumn="20" endline="21" loc="21.18 - 21.20"/></term><term lexeme="]" token="SIM_RSQRBR"><location begcolumn="22" begline="21" endcolumn="22" endline="21" loc="21.22 - 21.22"/></term><term lexeme="var" token="KW_VAR"><location begcolumn="1" begline="22" endcolumn="3" endline="22" loc="22.1 - 22.3"/></term><term lexeme="id34" token="IDENTIFIER"><location begcolumn="5" begline="22" endcolumn="8" endline="22" loc="22.5 - 22.8"/></term><term lexeme=":" token="SIM_COL"><location begcolumn="10" begline="22" endcolumn="10" endline="22" loc="22.10 - 22.10"/></term><term lexeme="void" token="KW_VOID"><location begcolumn="12" begline="22" endcolumn="15" endline="22" loc="22.12 - 22.15"/></term><term lexeme="[" token="SIM_LSQRBR"><location begcolumn="17" begline="22" endcolumn="17" endline="22" loc="22.17 - 22.17"/></term><term lexeme="&quot;string&quot;" token="CONST_STRING"><location begcolumn="19" begline="22" endcolumn="26" endline="22" loc="22.19 - 22.26"/></term><term lexeme="]" token="SIM_RSQRBR"><location begcolumn="28" begline="22" endcolumn="28" endline="22" loc="22.28 - 22.28"/></term><term lexeme="var" token="KW_VAR"><location begcolumn="1" begline="25" endcolumn="3" endline="25" loc="25.1 - 25.3"/></term><term lexeme="id" token="IDENTIFIER"><location begcolumn="5" begline="25" endcolumn="6" endline="25" loc="25.5 - 25.6"/></term><term lexeme=":" token="SIM_COL"><location begcolumn="8" begline="25" endcolumn="8" endline="25" loc="25.8 - 25.8"/></term><term lexeme="void" token="KW_VOID"><location begcolumn="10" begline="25" endcolumn="13" endline="25" loc="25.10 - 25.13"/></term><term lexeme="[" token="SIM_LSQRBR"><location begcolumn="15" begline="25" endcolumn="15" endline="25" loc="25.15 - 25.15"/></term><term lexeme="identi" token="IDENTIFIER"><location begcolumn="16" begline="25" endcolumn="21" endline="25" loc="25.16 - 25.21"/></term><term lexeme="]" token="SIM_RSQRBR"><location begcolumn="23" begline="25" endcolumn="23" endline="25" loc="25.23 - 25.23"/></term><term lexeme="var" token="KW_VAR"><location begcolumn="1" begline="26" endcolumn="3" endline="26" loc="26.1 - 26.3"/></term><term lexeme="id" token="IDENTIFIER"><location begcolumn="5" begline="26" endcolumn="6" endline="26" loc="26.5 - 26.6"/></term><term lexeme=":" token="SIM_COL"><location begcolumn="8" begline="26" endcolumn="8" endline="26" loc="26.8 - 26.8"/></term><term lexeme="void" token="KW_VOID"><location begcolumn="10" begline="26" endcolumn="13" endline="26" loc="26.10 - 26.13"/></term><term lexeme="[" token="SIM_LSQRBR"><location begcolumn="15" begline="26" endcolumn="15" endline="26" loc="26.15 - 26.15"/></term><term lexeme="identi" token="IDENTIFIER"><location begcolumn="16" begline="26" endcolumn="21" endline="26" loc="26.16 - 26.21"/></term><term lexeme="(" token="SIM_LPAR"><location begcolumn="23" begline="26" endcolumn="23" endline="26" loc="26.23 - 26.23"/></term><term lexeme=")" token="SIM_RPAR"><location begcolumn="24" begline="26" endcolumn="24" endline="26" loc="26.24 - 26.24"/></term><term lexeme="]" token="SIM_RSQRBR"><location begcolumn="25" begline="26" endcolumn="25" endline="26" loc="26.25 - 26.25"/></term><term lexeme="var" token="KW_VAR"><location begcolumn="1" begline="27" endcolumn="3" endline="27" loc="27.1 - 27.3"/></term><term lexeme="id" token="IDENTIFIER"><location begcolumn="5" begline="27" endcolumn="6" endline="27" loc="27.5 - 27.6"/></term><term lexeme=":" token="SIM_COL"><location begcolumn="8" begline="27" endcolumn="8" endline="27" loc="27.8 - 27.8"/></term><term lexeme="void" token="KW_VOID"><location begcolumn="10" begline="27" endcolumn="13" endline="27" loc="27.10 - 27.13"/></term><term lexeme="[" token="SIM_LSQRBR"><location begcolumn="15" begline="27" endcolumn="15" endline="27" loc="27.15 - 27.15"/></term><term lexeme="identi" token="IDENTIFIER"><location begcolumn="17" begline="27" endcolumn="22" endline="27" loc="27.17 - 27.22"/></term><term lexeme="(" token="SIM_LPAR"><location begcolumn="24" begline="27" endcolumn="24" endline="27" loc="27.24 - 27.24"/></term><term lexeme="&quot;NEK expression&quot;" token="CONST_STRING"><location begcolumn="25" begline="27" endcolumn="40" endline="27" loc="27.25 - 27.40"/></term><term lexeme=")" token="SIM_RPAR"><location begcolumn="41" begline="27" endcolumn="41" endline="27" loc="27.41 - 27.41"/></term><term lexeme="]" token="SIM_RSQRBR"><location begcolumn="42" begline="27" endcolumn="42" endline="27" loc="27.42 - 27.42"/></term><term lexeme="var" token="KW_VAR"><location begcolumn="1" begline="28" endcolumn="3" endline="28" loc="28.1 - 28.3"/></term><term lexeme="id" token="IDENTIFIER"><location begcolumn="5" begline="28" endcolumn="6" endline="28" loc="28.5 - 28.6"/></term><term lexeme=":" token="SIM_COL"><location begcolumn="8" begline="28" endcolumn="8" endline="28" loc="28.8 - 28.8"/></term><term lexeme="boolean" token="KW_BOOLEAN"><location begcolumn="10" begline="28" endcolumn="16" endline="28" loc="28.10 - 28.16"/></term><term lexeme="[" token="SIM_LSQRBR"><location begcolumn="18" begline="28" endcolumn="18" endline="28" loc="28.18 - 28.18"/></term><term lexeme="new" token="KW_NEW"><location begcolumn="19" begline="28" endcolumn="21" endline="28" loc="28.19 - 28.21"/></term><term lexeme="new" token="KW_NEW"><location begcolumn="23" begline="28" endcolumn="25" endline="28" loc="28.23 - 28.25"/></term><term lexeme="new" token="KW_NEW"><location begcolumn="27" begline="28" endcolumn="29" endline="28" loc="28.27 - 28.29"/></term><term lexeme="123" token="CONST_INTEGER"><location begcolumn="31" begline="28" endcolumn="33" endline="28" loc="28.31 - 28.33"/></term><term lexeme="]" token="SIM_RSQRBR"><location begcolumn="34" begline="28" endcolumn="34" endline="28" loc="28.34 - 28.34"/></term><term lexeme="var" token="KW_VAR"><location begcolumn="1" begline="29" endcolumn="3" endline="29" loc="29.1 - 29.3"/></term><term lexeme="id" token="IDENTIFIER"><location begcolumn="5" begline="29" endcolumn="6" endline="29" loc="29.5 - 29.6"/></term><term lexeme=":" token="SIM_COL"><location begcolumn="8" begline="29" endcolumn="8" endline="29" loc="29.8 - 29.8"/></term><term lexeme="integer" token="KW_INTEGER"><location begcolumn="10" begline="29" endcolumn="16" endline="29" loc="29.10 - 29.16"/></term><term lexeme="[" token="SIM_LSQRBR"><location begcolumn="18" begline="29" endcolumn="18" endline="29" loc="29.18 - 29.18"/></term><term lexeme="new" token="KW_NEW"><location begcolumn="20" begline="29" endcolumn="22" endline="29" loc="29.20 - 29.22"/></term><term lexeme="del" token="KW_DEL"><location begcolumn="24" begline="29" endcolumn="26" endline="29" loc="29.24 - 29.26"/></term><term lexeme="&quot;string&quot;" token="CONST_STRING"><location begcolumn="28" begline="29" endcolumn="35" endline="29" loc="29.28 - 29.35"/></term><term lexeme="]" token="SIM_RSQRBR"><location begcolumn="36" begline="29" endcolumn="36" endline="29" loc="29.36 - 29.36"/></term><term lexeme="var" token="KW_VAR"><location begcolumn="1" begline="30" endcolumn="3" endline="30" loc="30.1 - 30.3"/></term><term lexeme="id" token="IDENTIFIER"><location begcolumn="5" begline="30" endcolumn="6" endline="30" loc="30.5 - 30.6"/></term><term lexeme=":" token="SIM_COL"><location begcolumn="8" begline="30" endcolumn="8" endline="30" loc="30.8 - 30.8"/></term><term lexeme="neki" token="IDENTIFIER"><location begcolumn="10" begline="30" endcolumn="13" endline="30" loc="30.10 - 30.13"/></term><term lexeme="[" token="SIM_LSQRBR"><location begcolumn="15" begline="30" endcolumn="15" endline="30" loc="30.15 - 30.15"/></term><term lexeme="(" token="SIM_LPAR"><location begcolumn="16" begline="30" endcolumn="16" endline="30" loc="30.16 - 30.16"/></term><term lexeme="&quot;katerikoli Expression&quot;" token="CONST_STRING"><location begcolumn="18" begline="30" endcolumn="40" endline="30" loc="30.18 - 30.40"/></term><term lexeme=")" token="SIM_RPAR"><location begcolumn="42" begline="30" endcolumn="42" endline="30" loc="30.42 - 30.42"/></term><term lexeme="]" token="SIM_RSQRBR"><location begcolumn="43" begline="30" endcolumn="43" endline="30" loc="30.43 - 30.43"/></term><term lexeme="var" token="KW_VAR"><location begcolumn="1" begline="31" endcolumn="3" endline="31" loc="31.1 - 31.3"/></term><term lexeme="id" token="IDENTIFIER"><location begcolumn="5" begline="31" endcolumn="6" endline="31" loc="31.5 - 31.6"/></term><term lexeme=":" token="SIM_COL"><location begcolumn="8" begline="31" endcolumn="8" endline="31" loc="31.8 - 31.8"/></term><term lexeme="void" token="KW_VOID"><location begcolumn="10" begline="31" endcolumn="13" endline="31" loc="31.10 - 31.13"/></term><term lexeme="[" token="SIM_LSQRBR"><location begcolumn="15" begline="31" endcolumn="15" endline="31" loc="31.15 - 31.15"/></term><term lexeme="{" token="SIM_LSQLBR"><location begcolumn="16" begline="31" endcolumn="16" endline="31" loc="31.16 - 31.16"/></term><term lexeme="if" token="KW_IF"><location begcolumn="17" begline="31" endcolumn="18" endline="31" loc="31.17 - 31.18"/></term><term lexeme="'a'" token="CONST_CHAR"><location begcolumn="20" begline="31" endcolumn="22" endline="31" loc="31.20 - 31.22"/></term><term lexeme="then" token="KW_THEN"><location begcolumn="24" begline="31" endcolumn="27" endline="31" loc="31.24 - 31.27"/></term><term lexeme="0" token="CONST_INTEGER"><location begcolumn="29" begline="31" endcolumn="29" endline="31" loc="31.29 - 31.29"/></term><term lexeme="else" token="KW_ELSE"><location begcolumn="31" begline="31" endcolumn="34" endline="31" loc="31.31 - 31.34"/></term><term lexeme="0" token="CONST_INTEGER"><location begcolumn="36" begline="31" endcolumn="36" endline="31" loc="31.36 - 31.36"/></term><term lexeme=";" token="SIM_SCOL"><location begcolumn="37" begline="31" endcolumn="37" endline="31" loc="31.37 - 31.37"/></term><term lexeme="}" token="SIM_RSQLBR"><location begcolumn="38" begline="31" endcolumn="38" endline="31" loc="31.38 - 31.38"/></term><term lexeme="]" token="SIM_RSQRBR"><location begcolumn="39" begline="31" endcolumn="39" endline="31" loc="31.39 - 31.39"/></term><term lexeme="var" token="KW_VAR"><location begcolumn="1" begline="32" endcolumn="3" endline="32" loc="32.1 - 32.3"/></term><term lexeme="id" token="IDENTIFIER"><location begcolumn="5" begline="32" endcolumn="6" endline="32" loc="32.5 - 32.6"/></term><term lexeme=":" token="SIM_COL"><location begcolumn="8" begline="32" endcolumn="8" endline="32" loc="32.8 - 32.8"/></term><term lexeme="neki" token="IDENTIFIER"><location begcolumn="10" begline="32" endcolumn="13" endline="32" loc="32.10 - 32.13"/></term><term lexeme="[" token="SIM_LSQRBR"><location begcolumn="15" begline="32" endcolumn="15" endline="32" loc="32.15 - 32.15"/></term><term lexeme="(" token="SIM_LPAR"><location begcolumn="16" begline="32" endcolumn="16" endline="32" loc="32.16 - 32.16"/></term><term lexeme="(" token="SIM_LPAR"><location begcolumn="18" begline="32" endcolumn="18" endline="32" loc="32.18 - 32.18"/></term><term lexeme="(" token="SIM_LPAR"><location begcolumn="19" begline="32" endcolumn="19" endline="32" loc="32.19 - 32.19"/></term><term lexeme="123" token="CONST_INTEGER"><location begcolumn="20" begline="32" endcolumn="22" endline="32" loc="32.20 - 32.22"/></term><term lexeme=")" token="SIM_RPAR"><location begcolumn="23" begline="32" endcolumn="23" endline="32" loc="32.23 - 32.23"/></term><term lexeme=")" token="SIM_RPAR"><location begcolumn="24" begline="32" endcolumn="24" endline="32" loc="32.24 - 32.24"/></term><term lexeme=")" token="SIM_RPAR"><location begcolumn="26" begline="32" endcolumn="26" endline="32" loc="32.26 - 32.26"/></term><term lexeme="]" token="SIM_RSQRBR"><location begcolumn="27" begline="32" endcolumn="27" endline="32" loc="32.27 - 32.27"/></term><term lexeme="var" token="KW_VAR"><location begcolumn="1" begline="33" endcolumn="3" endline="33" loc="33.1 - 33.3"/></term><term lexeme="id" token="IDENTIFIER"><location begcolumn="5" begline="33" endcolumn="6" endline="33" loc="33.5 - 33.6"/></term><term lexeme=":" token="SIM_COL"><location begcolumn="8" begline="33" endcolumn="8" endline="33" loc="33.8 - 33.8"/></term><term lexeme="void" token="KW_VOID"><location begcolumn="10" begline="33" endcolumn="13" endline="33" loc="33.10 - 33.13"/></term><term lexeme="[" token="SIM_LSQRBR"><location begcolumn="15" begline="33" endcolumn="15" endline="33" loc="33.15 - 33.15"/></term><term lexeme="{" token="SIM_LSQLBR"><location begcolumn="16" begline="33" endcolumn="16" endline="33" loc="33.16 - 33.16"/></term><term lexeme="if" token="KW_IF"><location begcolumn="17" begline="33" endcolumn="18" endline="33" loc="33.17 - 33.18"/></term><term lexeme="'a'" token="CONST_CHAR"><location begcolumn="20" begline="33" endcolumn="22" endline="33" loc="33.20 - 33.22"/></term><term lexeme="then" token="KW_THEN"><location begcolumn="24" begline="33" endcolumn="27" endline="33" loc="33.24 - 33.27"/></term><term lexeme="0" token="CONST_INTEGER"><location begcolumn="29" begline="33" endcolumn="29" endline="33" loc="33.29 - 33.29"/></term><term lexeme="else" token="KW_ELSE"><location begcolumn="31" begline="33" endcolumn="34" endline="33" loc="33.31 - 33.34"/></term><term lexeme="0" token="CONST_INTEGER"><location begcolumn="36" begline="33" endcolumn="36" endline="33" loc="33.36 - 33.36"/></term><term lexeme=";" token="SIM_SCOL"><location begcolumn="37" begline="33" endcolumn="37" endline="33" loc="33.37 - 33.37"/></term><term lexeme="if" token="KW_IF"><location begcolumn="39" begline="33" endcolumn="40" endline="33" loc="33.39 - 33.40"/></term><term lexeme="'a'" token="CONST_CHAR"><location begcolumn="42" begline="33" endcolumn="44" endline="33" loc="33.42 - 33.44"/></term><term lexeme="then" token="KW_THEN"><location begcolumn="46" begline="33" endcolumn="49" endline="33" loc="33.46 - 33.49"/></term><term lexeme="0" token="CONST_INTEGER"><location begcolumn="51" begline="33" endcolumn="51" endline="33" loc="33.51 - 33.51"/></term><term lexeme="else" token="KW_ELSE"><location begcolumn="53" begline="33" endcolumn="56" endline="33" loc="33.53 - 33.56"/></term><term lexeme="0" token="CONST_INTEGER"><location begcolumn="58" begline="33" endcolumn="58" endline="33" loc="33.58 - 33.58"/></term><term lexeme=";" token="SIM_SCOL"><location begcolumn="59" begline="33" endcolumn="59" endline="33" loc="33.59 - 33.59"/></term><term lexeme="}" token="SIM_RSQLBR"><location begcolumn="61" begline="33" endcolumn="61" endline="33" loc="33.61 - 33.61"/></term><term lexeme="]" token="SIM_RSQRBR"><location begcolumn="62" begline="33" endcolumn="62" endline="33" loc="33.62 - 33.62"/></term><term lexeme="var" token="KW_VAR"><location begcolumn="1" begline="34" endcolumn="3" endline="34" loc="34.1 - 34.3"/></term><term lexeme="id" token="IDENTIFIER"><location begcolumn="5" begline="34" endcolumn="6" endline="34" loc="34.5 - 34.6"/></term><term lexeme=":" token="SIM_COL"><location begcolumn="8" begline="34" endcolumn="8" endline="34" loc="34.8 - 34.8"/></term><term lexeme="neki" token="IDENTIFIER"><location begcolumn="10" begline="34" endcolumn="13" endline="34" loc="34.10 - 34.13"/></term><term lexeme="[" token="SIM_LSQRBR"><location begcolumn="15" begline="34" endcolumn="15" endline="34" loc="34.15 - 34.15"/></term><term lexeme="(" token="SIM_LPAR"><location begcolumn="16" begline="34" endcolumn="16" endline="34" loc="34.16 - 34.16"/></term><term lexeme="123" token="CONST_INTEGER"><location begcolumn="18" begline="34" endcolumn="20" endline="34" loc="34.18 - 34.20"/></term><term lexeme=":" token="SIM_COL"><location begcolumn="22" begline="34" endcolumn="22" endline="34" loc="34.22 - 34.22"/></term><term lexeme="boolean" token="KW_BOOLEAN"><location begcolumn="24" begline="34" endcolumn="30" endline="34" loc="34.24 - 34.30"/></term><term lexeme=")" token="SIM_RPAR"><location begcolumn="32" begline="34" endcolumn="32" endline="34" loc="34.32 - 34.32"/></term><term lexeme="]" token="SIM_RSQRBR"><location begcolumn="33" begline="34" endcolumn="33" endline="34" loc="34.33 - 34.33"/></term><term lexeme="var" token="KW_VAR"><location begcolumn="1" begline="35" endcolumn="3" endline="35" loc="35.1 - 35.3"/></term><term lexeme="id" token="IDENTIFIER"><location begcolumn="5" begline="35" endcolumn="6" endline="35" loc="35.5 - 35.6"/></term><term lexeme=":" token="SIM_COL"><location begcolumn="8" begline="35" endcolumn="8" endline="35" loc="35.8 - 35.8"/></term><term lexeme="neki" token="IDENTIFIER"><location begcolumn="10" begline="35" endcolumn="13" endline="35" loc="35.10 - 35.13"/></term><term lexeme="[" token="SIM_LSQRBR"><location begcolumn="15" begline="35" endcolumn="15" endline="35" loc="35.15 - 35.15"/></term><term lexeme="(" token="SIM_LPAR"><location begcolumn="17" begline="35" endcolumn="17" endline="35" loc="35.17 - 35.17"/></term><term lexeme="123" token="CONST_INTEGER"><location begcolumn="18" begline="35" endcolumn="20" endline="35" loc="35.18 - 35.20"/></term><term lexeme=":" token="SIM_COL"><location begcolumn="22" begline="35" endcolumn="22" endline="35" loc="35.22 - 35.22"/></term><term lexeme="^" token="SIM_TOP"><location begcolumn="24" begline="35" endcolumn="24" endline="35" loc="35.24 - 35.24"/></term><term lexeme="char" token="KW_CHAR"><location begcolumn="26" begline="35" endcolumn="29" endline="35" loc="35.26 - 35.29"/></term><term lexeme=")" token="SIM_RPAR"><location begcolumn="30" begline="35" endcolumn="30" endline="35" loc="35.30 - 35.30"/></term><term lexeme="]" token="SIM_RSQRBR"><location begcolumn="31" begline="35" endcolumn="31" endline="35" loc="35.31 - 35.31"/></term><term lexeme="var" token="KW_VAR"><location begcolumn="1" begline="38" endcolumn="3" endline="38" loc="38.1 - 38.3"/></term><term lexeme="id" token="IDENTIFIER"><location begcolumn="5" begline="38" endcolumn="6" endline="38" loc="38.5 - 38.6"/></term><term lexeme=":" token="SIM_COL"><location begcolumn="8" begline="38" endcolumn="8" endline="38" loc="38.8 - 38.8"/></term><term lexeme="neki" token="IDENTIFIER"><location begcolumn="10" begline="38" endcolumn="13" endline="38" loc="38.10 - 38.13"/></term><term lexeme="[" token="SIM_LSQRBR"><location begcolumn="15" begline="38" endcolumn="15" endline="38" loc="38.15 - 38.15"/></term><term lexeme="123" token="CONST_INTEGER"><location begcolumn="17" begline="38" endcolumn="19" endline="38" loc="38.17 - 38.19"/></term><term lexeme="where" token="KW_WHERE"><location begcolumn="21" begline="38" endcolumn="25" endline="38" loc="38.21 - 38.25"/></term><term lexeme="{" token="SIM_LSQLBR"><location begcolumn="27" begline="38" endcolumn="27" endline="38" loc="38.27 - 38.27"/></term><term lexeme="var" token="KW_VAR"><location begcolumn="29" begline="38" endcolumn="31" endline="38" loc="38.29 - 38.31"/></term><term lexeme="id3" token="IDENTIFIER"><location begcolumn="33" begline="38" endcolumn="35" endline="38" loc="38.33 - 38.35"/></term><term lexeme=":" token="SIM_COL"><location begcolumn="37" begline="38" endcolumn="37" endline="38" loc="38.37 - 38.37"/></term><term lexeme="void" token="KW_VOID"><location begcolumn="39" begline="38" endcolumn="42" endline="38" loc="38.39 - 38.42"/></term><term lexeme="[" token="SIM_LSQRBR"><location begcolumn="44" begline="38" endcolumn="44" endline="38" loc="38.44 - 38.44"/></term><term lexeme="123" token="CONST_INTEGER"><location begcolumn="45" begline="38" endcolumn="47" endline="38" loc="38.45 - 38.47"/></term><term lexeme="]" token="SIM_RSQRBR"><location begcolumn="48" begline="38" endcolumn="48" endline="38" loc="38.48 - 38.48"/></term><term lexeme="}" token="SIM_RSQLBR"><location begcolumn="50" begline="38" endcolumn="50" endline="38" loc="38.50 - 38.50"/></term><term lexeme="]" token="SIM_RSQRBR"><location begcolumn="51" begline="38" endcolumn="51" endline="38" loc="38.51 - 38.51"/></term><term lexeme="var" token="KW_VAR"><location begcolumn="1" begline="39" endcolumn="3" endline="39" loc="39.1 - 39.3"/></term><term lexeme="id" token="IDENTIFIER"><location begcolumn="5" begline="39" endcolumn="6" endline="39" loc="39.5 - 39.6"/></term><term lexeme=":" token="SIM_COL"><location begcolumn="8" begline="39" endcolumn="8" endline="39" loc="39.8 - 39.8"/></term><term lexeme="neki" token="IDENTIFIER"><location begcolumn="10" begline="39" endcolumn="13" endline="39" loc="39.10 - 39.13"/></term><term lexeme="[" token="SIM_LSQRBR"><location begcolumn="15" begline="39" endcolumn="15" endline="39" loc="39.15 - 39.15"/></term><term lexeme="123" token="CONST_INTEGER"><location begcolumn="17" begline="39" endcolumn="19" endline="39" loc="39.17 - 39.19"/></term><term lexeme="where" token="KW_WHERE"><location begcolumn="21" begline="39" endcolumn="25" endline="39" loc="39.21 - 39.25"/></term><term lexeme="{" token="SIM_LSQLBR"><location begcolumn="27" begline="39" endcolumn="27" endline="39" loc="39.27 - 39.27"/></term><term lexeme="var" token="KW_VAR"><location begcolumn="30" begline="39" endcolumn="32" endline="39" loc="39.30 - 39.32"/></term><term lexeme="id3" token="IDENTIFIER"><location begcolumn="34" begline="39" endcolumn="36" endline="39" loc="39.34 - 39.36"/></term><term lexeme=":" token="SIM_COL"><location begcolumn="38" begline="39" endcolumn="38" endline="39" loc="39.38 - 39.38"/></term><term lexeme="void" token="KW_VOID"><location begcolumn="40" begline="39" endcolumn="43" endline="39" loc="39.40 - 39.43"/></term><term lexeme="[" token="SIM_LSQRBR"><location begcolumn="45" begline="39" endcolumn="45" endline="39" loc="39.45 - 39.45"/></term><term lexeme="123" token="CONST_INTEGER"><location begcolumn="46" begline="39" endcolumn="48" endline="39" loc="39.46 - 39.48"/></term><term lexeme="]" token="SIM_RSQRBR"><location begcolumn="49" begline="39" endcolumn="49" endline="39" loc="39.49 - 39.49"/></term><term lexeme="}" token="SIM_RSQLBR"><location begcolumn="51" begline="39" endcolumn="51" endline="39" loc="39.51 - 39.51"/></term><term lexeme="where" token="KW_WHERE"><location begcolumn="53" begline="39" endcolumn="57" endline="39" loc="39.53 - 39.57"/></term><term lexeme="{" token="SIM_LSQLBR"><location begcolumn="59" begline="39" endcolumn="59" endline="39" loc="39.59 - 39.59"/></term><term lexeme="var" token="KW_VAR"><location begcolumn="61" begline="39" endcolumn="63" endline="39" loc="39.61 - 39.63"/></term><term lexeme="id3" token="IDENTIFIER"><location begcolumn="65" begline="39" endcolumn="67" endline="39" loc="39.65 - 39.67"/></term><term lexeme=":" token="SIM_COL"><location begcolumn="69" begline="39" endcolumn="69" endline="39" loc="39.69 - 39.69"/></term><term lexeme="void" token="KW_VOID"><location begcolumn="71" begline="39" endcolumn="74" endline="39" loc="39.71 - 39.74"/></term><term lexeme="[" token="SIM_LSQRBR"><location begcolumn="76" begline="39" endcolumn="76" endline="39" loc="39.76 - 39.76"/></term><term lexeme="123" token="CONST_INTEGER"><location begcolumn="77" begline="39" endcolumn="79" endline="39" loc="39.77 - 39.79"/></term><term lexeme="]" token="SIM_RSQRBR"><location begcolumn="80" begline="39" endcolumn="80" endline="39" loc="39.80 - 39.80"/></term><term lexeme="}" token="SIM_RSQLBR"><location begcolumn="82" begline="39" endcolumn="82" endline="39" loc="39.82 - 39.82"/></term><term lexeme="]" token="SIM_RSQRBR"><location begcolumn="83" begline="39" endcolumn="83" endline="39" loc="39.83 - 39.83"/></term><term lexeme="var" token="KW_VAR"><location begcolumn="1" begline="43" endcolumn="3" endline="43" loc="43.1 - 43.3"/></term><term lexeme="id" token="IDENTIFIER"><location begcolumn="5" begline="43" endcolumn="6" endline="43" loc="43.5 - 43.6"/></term><term lexeme=":" token="SIM_COL"><location begcolumn="8" begline="43" endcolumn="8" endline="43" loc="43.8 - 43.8"/></term><term lexeme="neki" token="IDENTIFIER"><location begcolumn="10" begline="43" endcolumn="13" endline="43" loc="43.10 - 43.13"/></term><term lexeme="[" token="SIM_LSQRBR"><location begcolumn="15" begline="43" endcolumn="15" endline="43" loc="43.15 - 43.15"/></term><term lexeme="(" token="SIM_LPAR"><location begcolumn="17" begline="43" endcolumn="17" endline="43" loc="43.17 - 43.17"/></term><term lexeme="123" token="CONST_INTEGER"><location begcolumn="18" begline="43" endcolumn="20" endline="43" loc="43.18 - 43.20"/></term><term lexeme="|" token="SIM_LINE"><location begcolumn="22" begline="43" endcolumn="22" endline="43" loc="43.22 - 43.22"/></term><term lexeme="&quot;charl&quot;" token="CONST_STRING"><location begcolumn="24" begline="43" endcolumn="30" endline="43" loc="43.24 - 43.30"/></term><term lexeme=")" token="SIM_RPAR"><location begcolumn="31" begline="43" endcolumn="31" endline="43" loc="43.31 - 43.31"/></term><term lexeme="]" token="SIM_RSQRBR"><location begcolumn="32" begline="43" endcolumn="32" endline="43" loc="43.32 - 43.32"/></term><term lexeme="var" token="KW_VAR"><location begcolumn="1" begline="44" endcolumn="3" endline="44" loc="44.1 - 44.3"/></term><term lexeme="id" token="IDENTIFIER"><location begcolumn="5" begline="44" endcolumn="6" endline="44" loc="44.5 - 44.6"/></term><term lexeme=":" token="SIM_COL"><location begcolumn="8" begline="44" endcolumn="8" endline="44" loc="44.8 - 44.8"/></term><term lexeme="neki" token="IDENTIFIER"><location begcolumn="10" begline="44" endcolumn="13" endline="44" loc="44.10 - 44.13"/></term><term lexeme="[" token="SIM_LSQRBR"><location begcolumn="15" begline="44" endcolumn="15" endline="44" loc="44.15 - 44.15"/></term><term lexeme="(" token="SIM_LPAR"><location begcolumn="17" begline="44" endcolumn="17" endline="44" loc="44.17 - 44.17"/></term><term lexeme="1" token="CONST_INTEGER"><location begcolumn="18" begline="44" endcolumn="18" endline="44" loc="44.18 - 44.18"/></term><term lexeme="|" token="SIM_LINE"><location begcolumn="20" begline="44" endcolumn="20" endline="44" loc="44.20 - 44.20"/></term><term lexeme="2" token="CONST_INTEGER"><location begcolumn="22" begline="44" endcolumn="22" endline="44" loc="44.22 - 44.22"/></term><term lexeme="|" token="SIM_LINE"><location begcolumn="23" begline="44" endcolumn="23" endline="44" loc="44.23 - 44.23"/></term><term lexeme="3" token="CONST_INTEGER"><location begcolumn="25" begline="44" endcolumn="25" endline="44" loc="44.25 - 44.25"/></term><term lexeme=")" token="SIM_RPAR"><location begcolumn="26" begline="44" endcolumn="26" endline="44" loc="44.26 - 44.26"/></term><term lexeme="]" token="SIM_RSQRBR"><location begcolumn="27" begline="44" endcolumn="27" endline="44" loc="44.27 - 44.27"/></term><term lexeme="var" token="KW_VAR"><location begcolumn="1" begline="45" endcolumn="3" endline="45" loc="45.1 - 45.3"/></term><term lexeme="id" token="IDENTIFIER"><location begcolumn="5" begline="45" endcolumn="6" endline="45" loc="45.5 - 45.6"/></term><term lexeme=":" token="SIM_COL"><location begcolumn="8" begline="45" endcolumn="8" endline="45" loc="45.8 - 45.8"/></term><term lexeme="neki" token="IDENTIFIER"><location begcolumn="10" begline="45" endcolumn="13" endline="45" loc="45.10 - 45.13"/></term><term lexeme="[" token="SIM_LSQRBR"><location begcolumn="15" begline="45" endcolumn="15" endline="45" loc="45.15 - 45.15"/></term><term lexeme="1" token="CONST_INTEGER"><location begcolumn="16" begline="45" endcolumn="16" endline="45" loc="45.16 - 45.16"/></term><term lexeme="|" token="SIM_LINE"><location begcolumn="18" begline="45" endcolumn="18" endline="45" loc="45.18 - 45.18"/></term><term lexeme="2" token="CONST_INTEGER"><location begcolumn="20" begline="45" endcolumn="20" endline="45" loc="45.20 - 45.20"/></term><term lexeme="where" token="KW_WHERE"><location begcolumn="22" begline="45" endcolumn="26" endline="45" loc="45.22 - 45.26"/></term><term lexeme="{" token="SIM_LSQLBR"><location begcolumn="28" begline="45" endcolumn="28" endline="45" loc="45.28 - 45.28"/></term><term lexeme="var" token="KW_VAR"><location begcolumn="30" begline="45" endcolumn="32" endline="45" loc="45.30 - 45.32"/></term><term lexeme="id3" token="IDENTIFIER"><location begcolumn="34" begline="45" endcolumn="36" endline="45" loc="45.34 - 45.36"/></term><term lexeme=":" token="SIM_COL"><location begcolumn="38" begline="45" endcolumn="38" endline="45" loc="45.38 - 45.38"/></term><term lexeme="void" token="KW_VOID"><location begcolumn="40" begline="45" endcolumn="43" endline="45" loc="45.40 - 45.43"/></term><term lexeme="[" token="SIM_LSQRBR"><location begcolumn="45" begline="45" endcolumn="45" endline="45" loc="45.45 - 45.45"/></term><term lexeme="123" token="CONST_INTEGER"><location begcolumn="46" begline="45" endcolumn="48" endline="45" loc="45.46 - 45.48"/></term><term lexeme="]" token="SIM_RSQRBR"><location begcolumn="49" begline="45" endcolumn="49" endline="45" loc="45.49 - 45.49"/></term><term lexeme="}" token="SIM_RSQLBR"><location begcolumn="51" begline="45" endcolumn="51" endline="45" loc="45.51 - 45.51"/></term><term lexeme="]" token="SIM_RSQRBR"><location begcolumn="53" begline="45" endcolumn="53" endline="45" loc="45.53 - 45.53"/></term><term lexeme="var" token="KW_VAR"><location begcolumn="1" begline="48" endcolumn="3" endline="48" loc="48.1 - 48.3"/></term><term lexeme="id" token="IDENTIFIER"><location begcolumn="5" begline="48" endcolumn="6" endline="48" loc="48.5 - 48.6"/></term><term lexeme=":" token="SIM_COL"><location begcolumn="8" begline="48" endcolumn="8" endline="48" loc="48.8 - 48.8"/></term><term lexeme="neki" token="IDENTIFIER"><location begcolumn="10" begline="48" endcolumn="13" endline="48" loc="48.10 - 48.13"/></term><term lexeme="[" token="SIM_LSQRBR"><location begcolumn="15" begline="48" endcolumn="15" endline="48" loc="48.15 - 48.15"/></term><term lexeme="123" token="CONST_INTEGER"><location begcolumn="17" begline="48" endcolumn="19" endline="48" loc="48.17 - 48.19"/></term><term lexeme="&amp;" token="SIM_AND"><location begcolumn="21" begline="48" endcolumn="21" endline="48" loc="48.21 - 48.21"/></term><term lexeme="13" token="CONST_INTEGER"><location begcolumn="23" begline="48" endcolumn="24" endline="48" loc="48.23 - 48.24"/></term><term lexeme="]" token="SIM_RSQRBR"><location begcolumn="26" begline="48" endcolumn="26" endline="48" loc="48.26 - 48.26"/></term><term lexeme="var" token="KW_VAR"><location begcolumn="1" begline="49" endcolumn="3" endline="49" loc="49.1 - 49.3"/></term><term lexeme="id" token="IDENTIFIER"><location begcolumn="5" begline="49" endcolumn="6" endline="49" loc="49.5 - 49.6"/></term><term lexeme=":" token="SIM_COL"><location begcolumn="8" begline="49" endcolumn="8" endline="49" loc="49.8 - 49.8"/></term><term lexeme="neki" token="IDENTIFIER"><location begcolumn="10" begline="49" endcolumn="13" endline="49" loc="49.10 - 49.13"/></term><term lexeme="[" token="SIM_LSQRBR"><location begcolumn="15" begline="49" endcolumn="15" endline="49" loc="49.15 - 49.15"/></term><term lexeme="123" token="CONST_INTEGER"><location begcolumn="17" begline="49" endcolumn="19" endline="49" loc="49.17 - 49.19"/></term><term lexeme="&amp;" token="SIM_AND"><location begcolumn="21" begline="49" endcolumn="21" endline="49" loc="49.21 - 49.21"/></term><term lexeme="13" token="CONST_INTEGER"><location begcolumn="23" begline="49" endcolumn="24" endline="49" loc="49.23 - 49.24"/></term><term lexeme="&amp;" token="SIM_AND"><location begcolumn="26" begline="49" endcolumn="26" endline="49" loc="49.26 - 49.26"/></term><term lexeme="165" token="CONST_INTEGER"><location begcolumn="28" begline="49" endcolumn="30" endline="49" loc="49.28 - 49.30"/></term><term lexeme="]" token="SIM_RSQRBR"><location begcolumn="31" begline="49" endcolumn="31" endline="49" loc="49.31 - 49.31"/></term><term lexeme="var" token="KW_VAR"><location begcolumn="1" begline="50" endcolumn="3" endline="50" loc="50.1 - 50.3"/></term><term lexeme="id" token="IDENTIFIER"><location begcolumn="5" begline="50" endcolumn="6" endline="50" loc="50.5 - 50.6"/></term><term lexeme=":" token="SIM_COL"><location begcolumn="8" begline="50" endcolumn="8" endline="50" loc="50.8 - 50.8"/></term><term lexeme="neki" token="IDENTIFIER"><location begcolumn="10" begline="50" endcolumn="13" endline="50" loc="50.10 - 50.13"/></term><term lexeme="[" token="SIM_LSQRBR"><location begcolumn="15" begline="50" endcolumn="15" endline="50" loc="50.15 - 50.15"/></term><term lexeme="123" token="CONST_INTEGER"><location begcolumn="17" begline="50" endcolumn="19" endline="50" loc="50.17 - 50.19"/></term><term lexeme="&amp;" token="SIM_AND"><location begcolumn="21" begline="50" endcolumn="21" endline="50" loc="50.21 - 50.21"/></term><term lexeme="13" token="CONST_INTEGER"><location begcolumn="23" begline="50" endcolumn="24" endline="50" loc="50.23 - 50.24"/></term><term lexeme="|" token="SIM_LINE"><location begcolumn="26" begline="50" endcolumn="26" endline="50" loc="50.26 - 50.26"/></term><term lexeme="165" token="CONST_INTEGER"><location begcolumn="28" begline="50" endcolumn="30" endline="50" loc="50.28 - 50.30"/></term><term lexeme="]" token="SIM_RSQRBR"><location begcolumn="31" begline="50" endcolumn="31" endline="50" loc="50.31 - 50.31"/></term><term lexeme="var" token="KW_VAR"><location begcolumn="1" begline="51" endcolumn="3" endline="51" loc="51.1 - 51.3"/></term><term lexeme="id" token="IDENTIFIER"><location begcolumn="5" begline="51" endcolumn="6" endline="51" loc="51.5 - 51.6"/></term><term lexeme=":" token="SIM_COL"><location begcolumn="8" begline="51" endcolumn="8" endline="51" loc="51.8 - 51.8"/></term><term lexeme="neki" token="IDENTIFIER"><location begcolumn="10" begline="51" endcolumn="13" endline="51" loc="51.10 - 51.13"/></term><term lexeme="[" token="SIM_LSQRBR"><location begcolumn="15" begline="51" endcolumn="15" endline="51" loc="51.15 - 51.15"/></term><term lexeme="123" token="CONST_INTEGER"><location begcolumn="17" begline="51" endcolumn="19" endline="51" loc="51.17 - 51.19"/></term><term lexeme="|" token="SIM_LINE"><location begcolumn="21" begline="51" endcolumn="21" endline="51" loc="51.21 - 51.21"/></term><term lexeme="13" token="CONST_INTEGER"><location begcolumn="23" begline="51" endcolumn="24" endline="51" loc="51.23 - 51.24"/></term><term lexeme="&amp;" token="SIM_AND"><location begcolumn="26" begline="51" endcolumn="26" endline="51" loc="51.26 - 51.26"/></term><term lexeme="165" token="CONST_INTEGER"><location begcolumn="28" begline="51" endcolumn="30" endline="51" loc="51.28 - 51.30"/></term><term lexeme="]" token="SIM_RSQRBR"><location begcolumn="31" begline="51" endcolumn="31" endline="51" loc="51.31 - 51.31"/></term><term lexeme="var" token="KW_VAR"><location begcolumn="1" begline="54" endcolumn="3" endline="54" loc="54.1 - 54.3"/></term><term lexeme="id" token="IDENTIFIER"><location begcolumn="5" begline="54" endcolumn="6" endline="54" loc="54.5 - 54.6"/></term><term lexeme=":" token="SIM_COL"><location begcolumn="8" begline="54" endcolumn="8" endline="54" loc="54.8 - 54.8"/></term><term lexeme="neki" token="IDENTIFIER"><location begcolumn="10" begline="54" endcolumn="13" endline="54" loc="54.10 - 54.13"/></term><term lexeme="[" token="SIM_LSQRBR"><location begcolumn="15" begline="54" endcolumn="15" endline="54" loc="54.15 - 54.15"/></term><term lexeme="10" token="CONST_INTEGER"><location begcolumn="17" begline="54" endcolumn="18" endline="54" loc="54.17 - 54.18"/></term><term lexeme="!=" token="SIM_NEQU"><location begcolumn="20" begline="54" endcolumn="21" endline="54" loc="54.20 - 54.21"/></term><term lexeme="13" token="CONST_INTEGER"><location begcolumn="23" begline="54" endcolumn="24" endline="54" loc="54.23 - 54.24"/></term><term lexeme="]" token="SIM_RSQRBR"><location begcolumn="26" begline="54" endcolumn="26" endline="54" loc="54.26 - 54.26"/></term><term lexeme="var" token="KW_VAR"><location begcolumn="1" begline="55" endcolumn="3" endline="55" loc="55.1 - 55.3"/></term><term lexeme="id" token="IDENTIFIER"><location begcolumn="5" begline="55" endcolumn="6" endline="55" loc="55.5 - 55.6"/></term><term lexeme=":" token="SIM_COL"><location begcolumn="8" begline="55" endcolumn="8" endline="55" loc="55.8 - 55.8"/></term><term lexeme="neki" token="IDENTIFIER"><location begcolumn="10" begline="55" endcolumn="13" endline="55" loc="55.10 - 55.13"/></term><term lexeme="[" token="SIM_LSQRBR"><location begcolumn="15" begline="55" endcolumn="15" endline="55" loc="55.15 - 55.15"/></term><term lexeme="123" token="CONST_INTEGER"><location begcolumn="17" begline="55" endcolumn="19" endline="55" loc="55.17 - 55.19"/></term><term lexeme="&amp;" token="SIM_AND"><location begcolumn="21" begline="55" endcolumn="21" endline="55" loc="55.21 - 55.21"/></term><term lexeme="34" token="CONST_INTEGER"><location begcolumn="23" begline="55" endcolumn="24" endline="55" loc="55.23 - 55.24"/></term><term lexeme="&gt;" token="SIM_GT"><location begcolumn="26" begline="55" endcolumn="26" endline="55" loc="55.26 - 55.26"/></term><term lexeme="13" token="CONST_INTEGER"><location begcolumn="28" begline="55" endcolumn="29" endline="55" loc="55.28 - 55.29"/></term><term lexeme="]" token="SIM_RSQRBR"><location begcolumn="31" begline="55" endcolumn="31" endline="55" loc="55.31 - 55.31"/></term><term lexeme="var" token="KW_VAR"><location begcolumn="1" begline="56" endcolumn="3" endline="56" loc="56.1 - 56.3"/></term><term lexeme="id" token="IDENTIFIER"><location begcolumn="5" begline="56" endcolumn="6" endline="56" loc="56.5 - 56.6"/></term><term lexeme=":" token="SIM_COL"><location begcolumn="8" begline="56" endcolumn="8" endline="56" loc="56.8 - 56.8"/></term><term lexeme="neki" token="IDENTIFIER"><location begcolumn="10" begline="56" endcolumn="13" endline="56" loc="56.10 - 56.13"/></term><term lexeme="[" token="SIM_LSQRBR"><location begcolumn="15" begline="56" endcolumn="15" endline="56" loc="56.15 - 56.15"/></term><term lexeme="4" token="CONST_INTEGER"><location begcolumn="17" begline="56" endcolumn="17" endline="56" loc="56.17 - 56.17"/></term><term lexeme="|" token="SIM_LINE"><location begcolumn="19" begline="56" endcolumn="19" endline="56" loc="56.19 - 56.19"/></term><term lexeme="123" token="CONST_INTEGER"><location begcolumn="21" begline="56" endcolumn="23" endline="56" loc="56.21 - 56.23"/></term><term lexeme="&amp;" token="SIM_AND"><location begcolumn="25" begline="56" endcolumn="25" endline="56" loc="56.25 - 56.25"/></term><term lexeme="123" token="CONST_INTEGER"><location begcolumn="27" begline="56" endcolumn="29" endline="56" loc="56.27 - 56.29"/></term><term lexeme="!=" token="SIM_NEQU"><location begcolumn="31" begline="56" endcolumn="32" endline="56" loc="56.31 - 56.32"/></term><term lexeme="13" token="CONST_INTEGER"><location begcolumn="34" begline="56" endcolumn="35" endline="56" loc="56.34 - 56.35"/></term><term lexeme="]" token="SIM_RSQRBR"><location begcolumn="37" begline="56" endcolumn="37" endline="56" loc="56.37 - 56.37"/></term><term lexeme="var" token="KW_VAR"><location begcolumn="1" begline="57" endcolumn="3" endline="57" loc="57.1 - 57.3"/></term><term lexeme="id" token="IDENTIFIER"><location begcolumn="5" begline="57" endcolumn="6" endline="57" loc="57.5 - 57.6"/></term><term lexeme=":" token="SIM_COL"><location begcolumn="8" begline="57" endcolumn="8" endline="57" loc="57.8 - 57.8"/></term><term lexeme="neki" token="IDENTIFIER"><location begcolumn="10" begline="57" endcolumn="13" endline="57" loc="57.10 - 57.13"/></term><term lexeme="[" token="SIM_LSQRBR"><location begcolumn="15" begline="57" endcolumn="15" endline="57" loc="57.15 - 57.15"/></term><term lexeme="123" token="CONST_INTEGER"><location begcolumn="17" begline="57" endcolumn="19" endline="57" loc="57.17 - 57.19"/></term><term lexeme="!=" token="SIM_NEQU"><location begcolumn="21" begline="57" endcolumn="22" endline="57" loc="57.21 - 57.22"/></term><term lexeme="4" token="CONST_INTEGER"><location begcolumn="24" begline="57" endcolumn="24" endline="57" loc="57.24 - 57.24"/></term><term lexeme="&amp;" token="SIM_AND"><location begcolumn="27" begline="57" endcolumn="27" endline="57" loc="57.27 - 57.27"/></term><term lexeme="13" token="CONST_INTEGER"><location begcolumn="30" begline="57" endcolumn="31" endline="57" loc="57.30 - 57.31"/></term><term lexeme="|" token="SIM_LINE"><location begcolumn="33" begline="57" endcolumn="33" endline="57" loc="57.33 - 57.33"/></term><term lexeme="123" token="CONST_INTEGER"><location begcolumn="35" begline="57" endcolumn="37" endline="57" loc="57.35 - 57.37"/></term><term lexeme="]" token="SIM_RSQRBR"><location begcolumn="38" begline="57" endcolumn="38" endline="57" loc="57.38 - 57.38"/></term><term lexeme="var" token="KW_VAR"><location begcolumn="1" begline="59" endcolumn="3" endline="59" loc="59.1 - 59.3"/></term><term lexeme="id" token="IDENTIFIER"><location begcolumn="5" begline="59" endcolumn="6" endline="59" loc="59.5 - 59.6"/></term><term lexeme=":" token="SIM_COL"><location begcolumn="8" begline="59" endcolumn="8" endline="59" loc="59.8 - 59.8"/></term><term lexeme="neki" token="IDENTIFIER"><location begcolumn="10" begline="59" endcolumn="13" endline="59" loc="59.10 - 59.13"/></term><term lexeme="[" token="SIM_LSQRBR"><location begcolumn="15" begline="59" endcolumn="15" endline="59" loc="59.15 - 59.15"/></term><term lexeme="123" token="CONST_INTEGER"><location begcolumn="17" begline="59" endcolumn="19" endline="59" loc="59.17 - 59.19"/></term><term lexeme="&amp;" token="SIM_AND"><location begcolumn="21" begline="59" endcolumn="21" endline="59" loc="59.21 - 59.21"/></term><term lexeme="13" token="CONST_INTEGER"><location begcolumn="23" begline="59" endcolumn="24" endline="59" loc="59.23 - 59.24"/></term><term lexeme="&amp;" token="SIM_AND"><location begcolumn="26" begline="59" endcolumn="26" endline="59" loc="59.26 - 59.26"/></term><term lexeme="165" token="CONST_INTEGER"><location begcolumn="28" begline="59" endcolumn="30" endline="59" loc="59.28 - 59.30"/></term><term lexeme="]" token="SIM_RSQRBR"><location begcolumn="31" begline="59" endcolumn="31" endline="59" loc="59.31 - 59.31"/></term><term lexeme="var" token="KW_VAR"><location begcolumn="1" begline="63" endcolumn="3" endline="63" loc="63.1 - 63.3"/></term><term lexeme="id" token="IDENTIFIER"><location begcolumn="5" begline="63" endcolumn="6" endline="63" loc="63.5 - 63.6"/></term><term lexeme=":" token="SIM_COL"><location begcolumn="8" begline="63" endcolumn="8" endline="63" loc="63.8 - 63.8"/></term><term lexeme="integer" token="KW_INTEGER"><location begcolumn="10" begline="63" endcolumn="16" endline="63" loc="63.10 - 63.16"/></term><term lexeme="[" token="SIM_LSQRBR"><location begcolumn="18" begline="63" endcolumn="18" endline="63" loc="63.18 - 63.18"/></term><term lexeme="2" token="CONST_INTEGER"><location begcolumn="20" begline="63" endcolumn="20" endline="63" loc="63.20 - 63.20"/></term><term lexeme="+" token="SIM_PLUS"><location begcolumn="22" begline="63" endcolumn="22" endline="63" loc="63.22 - 63.22"/></term><term lexeme="3" token="CONST_INTEGER"><location begcolumn="24" begline="63" endcolumn="24" endline="63" loc="63.24 - 63.24"/></term><term lexeme="+" token="SIM_PLUS"><location begcolumn="26" begline="63" endcolumn="26" endline="63" loc="63.26 - 63.26"/></term><term lexeme="4" token="CONST_INTEGER"><location begcolumn="28" begline="63" endcolumn="28" endline="63" loc="63.28 - 63.28"/></term><term lexeme="]" token="SIM_RSQRBR"><location begcolumn="29" begline="63" endcolumn="29" endline="63" loc="63.29 - 63.29"/></term><term lexeme="var" token="KW_VAR"><location begcolumn="1" begline="64" endcolumn="3" endline="64" loc="64.1 - 64.3"/></term><term lexeme="id" token="IDENTIFIER"><location begcolumn="5" begline="64" endcolumn="6" endline="64" loc="64.5 - 64.6"/></term><term lexeme=":" token="SIM_COL"><location begcolumn="8" begline="64" endcolumn="8" endline="64" loc="64.8 - 64.8"/></term><term lexeme="integer" token="KW_INTEGER"><location begcolumn="10" begline="64" endcolumn="16" endline="64" loc="64.10 - 64.16"/></term><term lexeme="[" token="SIM_LSQRBR"><location begcolumn="18" begline="64" endcolumn="18" endline="64" loc="64.18 - 64.18"/></term><term lexeme="2" token="CONST_INTEGER"><location begcolumn="20" begline="64" endcolumn="20" endline="64" loc="64.20 - 64.20"/></term><term lexeme="+" token="SIM_PLUS"><location begcolumn="22" begline="64" endcolumn="22" endline="64" loc="64.22 - 64.22"/></term><term lexeme="3" token="CONST_INTEGER"><location begcolumn="24" begline="64" endcolumn="24" endline="64" loc="64.24 - 64.24"/></term><term lexeme="&amp;" token="SIM_AND"><location begcolumn="26" begline="64" endcolumn="26" endline="64" loc="64.26 - 64.26"/></term><term lexeme="4" token="CONST_INTEGER"><location begcolumn="28" begline="64" endcolumn="28" endline="64" loc="64.28 - 64.28"/></term><term lexeme="]" token="SIM_RSQRBR"><location begcolumn="29" begline="64" endcolumn="29" endline="64" loc="64.29 - 64.29"/></term><term lexeme="var" token="KW_VAR"><location begcolumn="1" begline="66" endcolumn="3" endline="66" loc="66.1 - 66.3"/></term><term lexeme="id" token="IDENTIFIER"><location begcolumn="5" begline="66" endcolumn="6" endline="66" loc="66.5 - 66.6"/></term><term lexeme=":" token="SIM_COL"><location begcolumn="8" begline="66" endcolumn="8" endline="66" loc="66.8 - 66.8"/></term><term lexeme="inetegr" token="IDENTIFIER"><location begcolumn="10" begline="66" endcolumn="16" endline="66" loc="66.10 - 66.16"/></term><term lexeme="[" token="SIM_LSQRBR"><location begcolumn="18" begline="66" endcolumn="18" endline="66" loc="66.18 - 66.18"/></term><term lexeme="2" token="CONST_INTEGER"><location begcolumn="20" begline="66" endcolumn="20" endline="66" loc="66.20 - 66.20"/></term><term lexeme="*" token="SIM_STAR"><location begcolumn="22" begline="66" endcolumn="22" endline="66" loc="66.22 - 66.22"/></term><term lexeme="3" token="CONST_INTEGER"><location begcolumn="24" begline="66" endcolumn="24" endline="66" loc="66.24 - 66.24"/></term><term lexeme="*" token="SIM_STAR"><location begcolumn="26" begline="66" endcolumn="26" endline="66" loc="66.26 - 66.26"/></term><term lexeme="4" token="CONST_INTEGER"><location begcolumn="28" begline="66" endcolumn="28" endline="66" loc="66.28 - 66.28"/></term><term lexeme="]" token="SIM_RSQRBR"><location begcolumn="29" begline="66" endcolumn="29" endline="66" loc="66.29 - 66.29"/></term><term lexeme="var" token="KW_VAR"><location begcolumn="1" begline="68" endcolumn="3" endline="68" loc="68.1 - 68.3"/></term><term lexeme="id35" token="IDENTIFIER"><location begcolumn="5" begline="68" endcolumn="8" endline="68" loc="68.5 - 68.8"/></term><term lexeme=":" token="SIM_COL"><location begcolumn="10" begline="68" endcolumn="10" endline="68" loc="68.10 - 68.10"/></term><term lexeme="integer" token="KW_INTEGER"><location begcolumn="12" begline="68" endcolumn="18" endline="68" loc="68.12 - 68.18"/></term><term lexeme="[" token="SIM_LSQRBR"><location begcolumn="20" begline="68" endcolumn="20" endline="68" loc="68.20 - 68.20"/></term><term lexeme="2" token="CONST_INTEGER"><location begcolumn="21" begline="68" endcolumn="21" endline="68" loc="68.21 - 68.21"/></term><term lexeme="*" token="SIM_STAR"><location begcolumn="23" begline="68" endcolumn="23" endline="68" loc="68.23 - 68.23"/></term><term lexeme="2" token="CONST_INTEGER"><location begcolumn="25" begline="68" endcolumn="25" endline="68" loc="68.25 - 68.25"/></term><term lexeme="+" token="SIM_PLUS"><location begcolumn="27" begline="68" endcolumn="27" endline="68" loc="68.27 - 68.27"/></term><term lexeme="2" token="CONST_INTEGER"><location begcolumn="29" begline="68" endcolumn="29" endline="68" loc="68.29 - 68.29"/></term><term lexeme="]" token="SIM_RSQRBR"><location begcolumn="30" begline="68" endcolumn="30" endline="68" loc="68.30 - 68.30"/></term><term lexeme="var" token="KW_VAR"><location begcolumn="1" begline="69" endcolumn="3" endline="69" loc="69.1 - 69.3"/></term><term lexeme="id35" token="IDENTIFIER"><location begcolumn="5" begline="69" endcolumn="8" endline="69" loc="69.5 - 69.8"/></term><term lexeme=":" token="SIM_COL"><location begcolumn="10" begline="69" endcolumn="10" endline="69" loc="69.10 - 69.10"/></term><term lexeme="integer" token="KW_INTEGER"><location begcolumn="12" begline="69" endcolumn="18" endline="69" loc="69.12 - 69.18"/></term><term lexeme="[" token="SIM_LSQRBR"><location begcolumn="20" begline="69" endcolumn="20" endline="69" loc="69.20 - 69.20"/></term><term lexeme="2" token="CONST_INTEGER"><location begcolumn="21" begline="69" endcolumn="21" endline="69" loc="69.21 - 69.21"/></term><term lexeme="+" token="SIM_PLUS"><location begcolumn="23" begline="69" endcolumn="23" endline="69" loc="69.23 - 69.23"/></term><term lexeme="2" token="CONST_INTEGER"><location begcolumn="25" begline="69" endcolumn="25" endline="69" loc="69.25 - 69.25"/></term><term lexeme="*" token="SIM_STAR"><location begcolumn="27" begline="69" endcolumn="27" endline="69" loc="69.27 - 69.27"/></term><term lexeme="2" token="CONST_INTEGER"><location begcolumn="29" begline="69" endcolumn="29" endline="69" loc="69.29 - 69.29"/></term><term lexeme="]" token="SIM_RSQRBR"><location begcolumn="30" begline="69" endcolumn="30" endline="69" loc="69.30 - 69.30"/></term><term lexeme="var" token="KW_VAR"><location begcolumn="1" begline="71" endcolumn="3" endline="71" loc="71.1 - 71.3"/></term><term lexeme="id" token="IDENTIFIER"><location begcolumn="5" begline="71" endcolumn="6" endline="71" loc="71.5 - 71.6"/></term><term lexeme=":" token="SIM_COL"><location begcolumn="8" begline="71" endcolumn="8" endline="71" loc="71.8 - 71.8"/></term><term lexeme="integer" token="KW_INTEGER"><location begcolumn="10" begline="71" endcolumn="16" endline="71" loc="71.10 - 71.16"/></term><term lexeme="[" token="SIM_LSQRBR"><location begcolumn="19" begline="71" endcolumn="19" endline="71" loc="71.19 - 71.19"/></term><term lexeme="2" token="CONST_INTEGER"><location begcolumn="20" begline="71" endcolumn="20" endline="71" loc="71.20 - 71.20"/></term><term lexeme="%" token="SIM_PRCNT"><location begcolumn="22" begline="71" endcolumn="22" endline="71" loc="71.22 - 71.22"/></term><term lexeme="4" token="CONST_INTEGER"><location begcolumn="24" begline="71" endcolumn="24" endline="71" loc="71.24 - 71.24"/></term><term lexeme="]" token="SIM_RSQRBR"><location begcolumn="25" begline="71" endcolumn="25" endline="71" loc="71.25 - 71.25"/></term><term lexeme="var" token="KW_VAR"><location begcolumn="1" begline="72" endcolumn="3" endline="72" loc="72.1 - 72.3"/></term><term lexeme="id" token="IDENTIFIER"><location begcolumn="5" begline="72" endcolumn="6" endline="72" loc="72.5 - 72.6"/></term><term lexeme=":" token="SIM_COL"><location begcolumn="8" begline="72" endcolumn="8" endline="72" loc="72.8 - 72.8"/></term><term lexeme="integer" token="KW_INTEGER"><location begcolumn="10" begline="72" endcolumn="16" endline="72" loc="72.10 - 72.16"/></term><term lexeme="[" token="SIM_LSQRBR"><location begcolumn="18" begline="72" endcolumn="18" endline="72" loc="72.18 - 72.18"/></term><term lexeme="4" token="CONST_INTEGER"><location begcolumn="19" begline="72" endcolumn="19" endline="72" loc="72.19 - 72.19"/></term><term lexeme="/" token="SIM_SLH"><location begcolumn="20" begline="72" endcolumn="20" endline="72" loc="72.20 - 72.20"/></term><term lexeme="2" token="CONST_INTEGER"><location begcolumn="21" begline="72" endcolumn="21" endline="72" loc="72.21 - 72.21"/></term><term lexeme="]" token="SIM_RSQRBR"><location begcolumn="22" begline="72" endcolumn="22" endline="72" loc="72.22 - 72.22"/></term><term lexeme="var" token="KW_VAR"><location begcolumn="1" begline="73" endcolumn="3" endline="73" loc="73.1 - 73.3"/></term><term lexeme="id" token="IDENTIFIER"><location begcolumn="5" begline="73" endcolumn="6" endline="73" loc="73.5 - 73.6"/></term><term lexeme=":" token="SIM_COL"><location begcolumn="8" begline="73" endcolumn="8" endline="73" loc="73.8 - 73.8"/></term><term lexeme="integer" token="KW_INTEGER"><location begcolumn="10" begline="73" endcolumn="16" endline="73" loc="73.10 - 73.16"/></term><term lexeme="[" token="SIM_LSQRBR"><location begcolumn="19" begline="73" endcolumn="19" endline="73" loc="73.19 - 73.19"/></term><term lexeme="2" token="CONST_INTEGER"><location begcolumn="20" begline="73" endcolumn="20" endline="73" loc="73.20 - 73.20"/></term><term lexeme="%" token="SIM_PRCNT"><location begcolumn="22" begline="73" endcolumn="22" endline="73" loc="73.22 - 73.22"/></term><term lexeme="4" token="CONST_INTEGER"><location begcolumn="24" begline="73" endcolumn="24" endline="73" loc="73.24 - 73.24"/></term><term lexeme="]" token="SIM_RSQRBR"><location begcolumn="25" begline="73" endcolumn="25" endline="73" loc="73.25 - 73.25"/></term><term lexeme="var" token="KW_VAR"><location begcolumn="1" begline="76" endcolumn="3" endline="76" loc="76.1 - 76.3"/></term><term lexeme="id_36" token="IDENTIFIER"><location begcolumn="5" begline="76" endcolumn="9" endline="76" loc="76.5 - 76.9"/></term><term lexeme=":" token="SIM_COL"><location begcolumn="11" begline="76" endcolumn="11" endline="76" loc="76.11 - 76.11"/></term><term lexeme="char" token="KW_CHAR"><location begcolumn="13" begline="76" endcolumn="16" endline="76" loc="76.13 - 76.16"/></term><term lexeme="[" token="SIM_LSQRBR"><location begcolumn="18" begline="76" endcolumn="18" endline="76" loc="76.18 - 76.18"/></term><term lexeme="^" token="SIM_TOP"><location begcolumn="19" begline="76" endcolumn="19" endline="76" loc="76.19 - 76.19"/></term><term lexeme="2" token="CONST_INTEGER"><location begcolumn="21" begline="76" endcolumn="21" endline="76" loc="76.21 - 76.21"/></term><term lexeme="+" token="SIM_PLUS"><location begcolumn="23" begline="76" endcolumn="23" endline="76" loc="76.23 - 76.23"/></term><term lexeme="!" token="SIM_EKSP"><location begcolumn="25" begline="76" endcolumn="25" endline="76" loc="76.25 - 76.25"/></term><term lexeme="2" token="CONST_INTEGER"><location begcolumn="27" begline="76" endcolumn="27" endline="76" loc="76.27 - 76.27"/></term><term lexeme="*" token="SIM_STAR"><location begcolumn="29" begline="76" endcolumn="29" endline="76" loc="76.29 - 76.29"/></term><term lexeme="-" token="SIM_MINUS"><location begcolumn="31" begline="76" endcolumn="31" endline="76" loc="76.31 - 76.31"/></term><term lexeme="2" token="CONST_INTEGER"><location begcolumn="32" begline="76" endcolumn="32" endline="76" loc="76.32 - 76.32"/></term><term lexeme="+" token="SIM_PLUS"><location begcolumn="34" begline="76" endcolumn="34" endline="76" loc="76.34 - 76.34"/></term><term lexeme="+" token="SIM_PLUS"><location begcolumn="36" begline="76" endcolumn="36" endline="76" loc="76.36 - 76.36"/></term><term lexeme="2" token="CONST_INTEGER"><location begcolumn="37" begline="76" endcolumn="37" endline="76" loc="76.37 - 76.37"/></term><term lexeme="]" token="SIM_RSQRBR"><location begcolumn="38" begline="76" endcolumn="38" endline="76" loc="76.38 - 76.38"/></term><term lexeme="var" token="KW_VAR"><location begcolumn="1" begline="77" endcolumn="3" endline="77" loc="77.1 - 77.3"/></term><term lexeme="id_36" token="IDENTIFIER"><location begcolumn="5" begline="77" endcolumn="9" endline="77" loc="77.5 - 77.9"/></term><term lexeme=":" token="SIM_COL"><location begcolumn="11" begline="77" endcolumn="11" endline="77" loc="77.11 - 77.11"/></term><term lexeme="char" token="KW_CHAR"><location begcolumn="13" begline="77" endcolumn="16" endline="77" loc="77.13 - 77.16"/></term><term lexeme="[" token="SIM_LSQRBR"><location begcolumn="18" begline="77" endcolumn="18" endline="77" loc="77.18 - 77.18"/></term><term lexeme="^" token="SIM_TOP"><location begcolumn="19" begline="77" endcolumn="19" endline="77" loc="77.19 - 77.19"/></term><term lexeme="2" token="CONST_INTEGER"><location begcolumn="21" begline="77" endcolumn="21" endline="77" loc="77.21 - 77.21"/></term><term lexeme="|" token="SIM_LINE"><location begcolumn="23" begline="77" endcolumn="23" endline="77" loc="77.23 - 77.23"/></term><term lexeme="2" token="CONST_INTEGER"><location begcolumn="25" begline="77" endcolumn="25" endline="77" loc="77.25 - 77.25"/></term><term lexeme="]" token="SIM_RSQRBR"><location begcolumn="26" begline="77" endcolumn="26" endline="77" loc="77.26 - 77.26"/></term><term lexeme="var" token="KW_VAR"><location begcolumn="1" begline="80" endcolumn="3" endline="80" loc="80.1 - 80.3"/></term><term lexeme="id" token="IDENTIFIER"><location begcolumn="5" begline="80" endcolumn="6" endline="80" loc="80.5 - 80.6"/></term><term lexeme=":" token="SIM_COL"><location begcolumn="8" begline="80" endcolumn="8" endline="80" loc="80.8 - 80.8"/></term><term lexeme="char" token="KW_CHAR"><location begcolumn="10" begline="80" endcolumn="13" endline="80" loc="80.10 - 80.13"/></term><term lexeme="[" token="SIM_LSQRBR"><location begcolumn="15" begline="80" endcolumn="15" endline="80" loc="80.15 - 80.15"/></term><term lexeme="2" token="CONST_INTEGER"><location begcolumn="17" begline="80" endcolumn="17" endline="80" loc="80.17 - 80.17"/></term><term lexeme="+" token="SIM_PLUS"><location begcolumn="18" begline="80" endcolumn="18" endline="80" loc="80.18 - 80.18"/></term><term lexeme="3" token="CONST_INTEGER"><location begcolumn="19" begline="80" endcolumn="19" endline="80" loc="80.19 - 80.19"/></term><term lexeme="[" token="SIM_LSQRBR"><location begcolumn="20" begline="80" endcolumn="20" endline="80" loc="80.20 - 80.20"/></term><term lexeme="2" token="CONST_INTEGER"><location begcolumn="21" begline="80" endcolumn="21" endline="80" loc="80.21 - 80.21"/></term><term lexeme="+" token="SIM_PLUS"><location begcolumn="22" begline="80" endcolumn="22" endline="80" loc="80.22 - 80.22"/></term><term lexeme="0" token="CONST_INTEGER"><location begcolumn="23" begline="80" endcolumn="23" endline="80" loc="80.23 - 80.23"/></term><term lexeme="]" token="SIM_RSQRBR"><location begcolumn="24" begline="80" endcolumn="24" endline="80" loc="80.24 - 80.24"/></term><term lexeme="]" token="SIM_RSQRBR"><location begcolumn="26" begline="80" endcolumn="26" endline="80" loc="80.26 - 80.26"/></term><term lexeme="var" token="KW_VAR"><location begcolumn="1" begline="81" endcolumn="3" endline="81" loc="81.1 - 81.3"/></term><term lexeme="id" token="IDENTIFIER"><location begcolumn="5" begline="81" endcolumn="6" endline="81" loc="81.5 - 81.6"/></term><term lexeme=":" token="SIM_COL"><location begcolumn="8" begline="81" endcolumn="8" endline="81" loc="81.8 - 81.8"/></term><term lexeme="char" token="KW_CHAR"><location begcolumn="10" begline="81" endcolumn="13" endline="81" loc="81.10 - 81.13"/></term><term lexeme="[" token="SIM_LSQRBR"><location begcolumn="15" begline="81" endcolumn="15" endline="81" loc="81.15 - 81.15"/></term><term lexeme="2" token="CONST_INTEGER"><location begcolumn="16" begline="81" endcolumn="16" endline="81" loc="81.16 - 81.16"/></term><term lexeme="+" token="SIM_PLUS"><location begcolumn="17" begline="81" endcolumn="17" endline="81" loc="81.17 - 81.17"/></term><term lexeme="3" token="CONST_INTEGER"><location begcolumn="18" begline="81" endcolumn="18" endline="81" loc="81.18 - 81.18"/></term><term lexeme="[" token="SIM_LSQRBR"><location begcolumn="19" begline="81" endcolumn="19" endline="81" loc="81.19 - 81.19"/></term><term lexeme="2" token="CONST_INTEGER"><location begcolumn="20" begline="81" endcolumn="20" endline="81" loc="81.20 - 81.20"/></term><term lexeme="+" token="SIM_PLUS"><location begcolumn="21" begline="81" endcolumn="21" endline="81" loc="81.21 - 81.21"/></term><term lexeme="5" token="CONST_INTEGER"><location begcolumn="22" begline="81" endcolumn="22" endline="81" loc="81.22 - 81.22"/></term><term lexeme="[" token="SIM_LSQRBR"><location begcolumn="23" begline="81" endcolumn="23" endline="81" loc="81.23 - 81.23"/></term><term lexeme="0" token="CONST_INTEGER"><location begcolumn="24" begline="81" endcolumn="24" endline="81" loc="81.24 - 81.24"/></term><term lexeme="]" token="SIM_RSQRBR"><location begcolumn="25" begline="81" endcolumn="25" endline="81" loc="81.25 - 81.25"/></term><term lexeme="]" token="SIM_RSQRBR"><location begcolumn="26" begline="81" endcolumn="26" endline="81" loc="81.26 - 81.26"/></term><term lexeme="]" token="SIM_RSQRBR"><location begcolumn="27" begline="81" endcolumn="27" endline="81" loc="81.27 - 81.27"/></term><term lexeme="var" token="KW_VAR"><location begcolumn="1" begline="82" endcolumn="3" endline="82" loc="82.1 - 82.3"/></term><term lexeme="id_36" token="IDENTIFIER"><location begcolumn="5" begline="82" endcolumn="9" endline="82" loc="82.5 - 82.9"/></term><term lexeme=":" token="SIM_COL"><location begcolumn="11" begline="82" endcolumn="11" endline="82" loc="82.11 - 82.11"/></term><term lexeme="char" token="KW_CHAR"><location begcolumn="13" begline="82" endcolumn="16" endline="82" loc="82.13 - 82.16"/></term><term lexeme="[" token="SIM_LSQRBR"><location begcolumn="18" begline="82" endcolumn="18" endline="82" loc="82.18 - 82.18"/></term><term lexeme="^" token="SIM_TOP"><location begcolumn="19" begline="82" endcolumn="19" endline="82" loc="82.19 - 82.19"/></term><term lexeme="2" token="CONST_INTEGER"><location begcolumn="21" begline="82" endcolumn="21" endline="82" loc="82.21 - 82.21"/></term><term lexeme="^" token="SIM_TOP"><location begcolumn="23" begline="82" endcolumn="23" endline="82" loc="82.23 - 82.23"/></term><term lexeme="]" token="SIM_RSQRBR"><location begcolumn="24" begline="82" endcolumn="24" endline="82" loc="82.24 - 82.24"/></term><term lexeme="var" token="KW_VAR"><location begcolumn="1" begline="83" endcolumn="3" endline="83" loc="83.1 - 83.3"/></term><term lexeme="id" token="IDENTIFIER"><location begcolumn="5" begline="83" endcolumn="6" endline="83" loc="83.5 - 83.6"/></term><term lexeme=":" token="SIM_COL"><location begcolumn="8" begline="83" endcolumn="8" endline="83" loc="83.8 - 83.8"/></term><term lexeme="char" token="KW_CHAR"><location begcolumn="10" begline="83" endcolumn="13" endline="83" loc="83.10 - 83.13"/></term><term lexeme="[" token="SIM_LSQRBR"><location begcolumn="15" begline="83" endcolumn="15" endline="83" loc="83.15 - 83.15"/></term><term lexeme="2" token="CONST_INTEGER"><location begcolumn="16" begline="83" endcolumn="16" endline="83" loc="83.16 - 83.16"/></term><term lexeme="+" token="SIM_PLUS"><location begcolumn="17" begline="83" endcolumn="17" endline="83" loc="83.17 - 83.17"/></term><term lexeme="3" token="CONST_INTEGER"><location begcolumn="18" begline="83" endcolumn="18" endline="83" loc="83.18 - 83.18"/></term><term lexeme="*" token="SIM_STAR"><location begcolumn="19" begline="83" endcolumn="19" endline="83" loc="83.19 - 83.19"/></term><term lexeme="5" token="CONST_INTEGER"><location begcolumn="20" begline="83" endcolumn="20" endline="83" loc="83.20 - 83.20"/></term><term lexeme="." token="SIM_DOT"><location begcolumn="22" begline="83" endcolumn="22" endline="83" loc="83.22 - 83.22"/></term><term lexeme="nekIdentifier" token="IDENTIFIER"><location begcolumn="24" begline="83" endcolumn="36" endline="83" loc="83.24 - 83.36"/></term><term lexeme="]" token="SIM_RSQRBR"><location begcolumn="37" begline="83" endcolumn="37" endline="83" loc="83.37 - 83.37"/></term><term lexeme="var" token="KW_VAR"><location begcolumn="1" begline="87" endcolumn="3" endline="87" loc="87.1 - 87.3"/></term><term lexeme="id" token="IDENTIFIER"><location begcolumn="5" begline="87" endcolumn="6" endline="87" loc="87.5 - 87.6"/></term><term lexeme=":" token="SIM_COL"><location begcolumn="8" begline="87" endcolumn="8" endline="87" loc="87.8 - 87.8"/></term><term lexeme="integer" token="KW_INTEGER"><location begcolumn="10" begline="87" endcolumn="16" endline="87" loc="87.10 - 87.16"/></term><term lexeme="[" token="SIM_LSQRBR"><location begcolumn="18" begline="87" endcolumn="18" endline="87" loc="87.18 - 87.18"/></term><term lexeme="4" token="CONST_INTEGER"><location begcolumn="19" begline="87" endcolumn="19" endline="87" loc="87.19 - 87.19"/></term><term lexeme="/" token="SIM_SLH"><location begcolumn="20" begline="87" endcolumn="20" endline="87" loc="87.20 - 87.20"/></term><term lexeme="2" token="CONST_INTEGER"><location begcolumn="21" begline="87" endcolumn="21" endline="87" loc="87.21 - 87.21"/></term><term lexeme="+" token="SIM_PLUS"><location begcolumn="22" begline="87" endcolumn="22" endline="87" loc="87.22 - 87.22"/></term><term lexeme="2" token="CONST_INTEGER"><location begcolumn="23" begline="87" endcolumn="23" endline="87" loc="87.23 - 87.23"/></term><term lexeme="^" token="SIM_TOP"><location begcolumn="24" begline="87" endcolumn="24" endline="87" loc="87.24 - 87.24"/></term><term lexeme="]" token="SIM_RSQRBR"><location begcolumn="25" begline="87" endcolumn="25" endline="87" loc="87.25 - 87.25"/></term><term lexeme="" token="EOF"/></lexan>