<?xml version="1.0" encoding="UTF-8" standalone="no"?><?xml-stylesheet type="text/xsl" href="../lib/xsl/lexan.xsl"?><lexan><term lexeme="var" token="KW_VAR"><location begcolumn="1" begline="1" endcolumn="3" endline="1" loc="1.1 - 1.3"/></term><term lexeme="a_" token="IDENTIFIER"><location begcolumn="5" begline="1" endcolumn="6" endline="1" loc="1.5 - 1.6"/></term><term lexeme=":" token="SIM_COL"><location begcolumn="8" begline="1" endcolumn="8" endline="1" loc="1.8 - 1.8"/></term><term lexeme="^" token="SIM_TOP"><location begcolumn="10" begline="1" endcolumn="10" endline="1" loc="1.10 - 1.10"/></term><term lexeme="void" token="KW_VOID"><location begcolumn="11" begline="1" endcolumn="14" endline="1" loc="1.11 - 1.14"/></term><term lexeme="[" token="SIM_LSQRBR"><location begcolumn="15" begline="1" endcolumn="15" endline="1" loc="1.15 - 1.15"/></term><term lexeme="new" token="KW_NEW"><location begcolumn="5" begline="2" endcolumn="7" endline="2" loc="2.5 - 2.7"/></term><term lexeme="del" token="KW_DEL"><location begcolumn="9" begline="2" endcolumn="11" endline="2" loc="2.9 - 2.11"/></term><term lexeme="test" token="IDENTIFIER"><location begcolumn="13" begline="2" endcolumn="16" endline="2" loc="2.13 - 2.16"/></term><term lexeme="(" token="SIM_LPAR"><location begcolumn="17" begline="2" endcolumn="17" endline="2" loc="2.17 - 2.17"/></term><term lexeme="(" token="SIM_LPAR"><location begcolumn="9" begline="3" endcolumn="9" endline="3" loc="3.9 - 3.9"/></term><term lexeme="{" token="SIM_LSQLBR"><location begcolumn="11" begline="3" endcolumn="11" endline="3" loc="3.11 - 3.11"/></term><term lexeme="new" token="KW_NEW"><location begcolumn="13" begline="4" endcolumn="15" endline="4" loc="4.13 - 4.15"/></term><term lexeme="del" token="KW_DEL"><location begcolumn="17" begline="4" endcolumn="19" endline="4" loc="4.17 - 4.19"/></term><term lexeme="new" token="KW_NEW"><location begcolumn="21" begline="4" endcolumn="23" endline="4" loc="4.21 - 4.23"/></term><term lexeme="10" token="CONST_INTEGER"><location begcolumn="25" begline="4" endcolumn="26" endline="4" loc="4.25 - 4.26"/></term><term lexeme="^" token="SIM_TOP"><location begcolumn="27" begline="4" endcolumn="27" endline="4" loc="4.27 - 4.27"/></term><term lexeme="^" token="SIM_TOP"><location begcolumn="28" begline="4" endcolumn="28" endline="4" loc="4.28 - 4.28"/></term><term lexeme="^" token="SIM_TOP"><location begcolumn="29" begline="4" endcolumn="29" endline="4" loc="4.29 - 4.29"/></term><term lexeme="." token="SIM_DOT"><location begcolumn="30" begline="4" endcolumn="30" endline="4" loc="4.30 - 4.30"/></term><term lexeme="property" token="IDENTIFIER"><location begcolumn="31" begline="4" endcolumn="38" endline="4" loc="4.31 - 4.38"/></term><term lexeme="where" token="KW_WHERE"><location begcolumn="13" begline="5" endcolumn="17" endline="5" loc="5.13 - 5.17"/></term><term lexeme="{" token="SIM_LSQLBR"><location begcolumn="19" begline="5" endcolumn="19" endline="5" loc="5.19 - 5.19"/></term><term lexeme="typ" token="KW_TYP"><location begcolumn="17" begline="6" endcolumn="19" endline="6" loc="6.17 - 6.19"/></term><term lexeme="property" token="IDENTIFIER"><location begcolumn="21" begline="6" endcolumn="28" endline="6" loc="6.21 - 6.28"/></term><term lexeme="=" token="SIM_IS"><location begcolumn="30" begline="6" endcolumn="30" endline="6" loc="6.30 - 6.30"/></term><term lexeme="integer" token="KW_INTEGER"><location begcolumn="32" begline="6" endcolumn="38" endline="6" loc="6.32 - 6.38"/></term><term lexeme="fun" token="KW_FUN"><location begcolumn="17" begline="7" endcolumn="19" endline="7" loc="7.17 - 7.19"/></term><term lexeme="p_len" token="IDENTIFIER"><location begcolumn="21" begline="7" endcolumn="25" endline="7" loc="7.21 - 7.25"/></term><term lexeme="(" token="SIM_LPAR"><location begcolumn="26" begline="7" endcolumn="26" endline="7" loc="7.26 - 7.26"/></term><term lexeme="a" token="IDENTIFIER"><location begcolumn="28" begline="7" endcolumn="28" endline="7" loc="7.28 - 7.28"/></term><term lexeme=":" token="SIM_COL"><location begcolumn="30" begline="7" endcolumn="30" endline="7" loc="7.30 - 7.30"/></term><term lexeme="integer" token="KW_INTEGER"><location begcolumn="32" begline="7" endcolumn="38" endline="7" loc="7.32 - 7.38"/></term><term lexeme="[" token="SIM_LSQRBR"><location begcolumn="39" begline="7" endcolumn="39" endline="7" loc="7.39 - 7.39"/></term><term lexeme="(" token="SIM_LPAR"><location begcolumn="40" begline="7" endcolumn="40" endline="7" loc="7.40 - 7.40"/></term><term lexeme="new" token="KW_NEW"><location begcolumn="41" begline="7" endcolumn="43" endline="7" loc="7.41 - 7.43"/></term><term lexeme="new" token="KW_NEW"><location begcolumn="45" begline="7" endcolumn="47" endline="7" loc="7.45 - 7.47"/></term><term lexeme="new" token="KW_NEW"><location begcolumn="49" begline="7" endcolumn="51" endline="7" loc="7.49 - 7.51"/></term><term lexeme="del" token="KW_DEL"><location begcolumn="53" begline="7" endcolumn="55" endline="7" loc="7.53 - 7.55"/></term><term lexeme="dull" token="IDENTIFIER"><location begcolumn="57" begline="7" endcolumn="60" endline="7" loc="7.57 - 7.60"/></term><term lexeme=")" token="SIM_RPAR"><location begcolumn="61" begline="7" endcolumn="61" endline="7" loc="7.61 - 7.61"/></term><term lexeme="]" token="SIM_RSQRBR"><location begcolumn="62" begline="7" endcolumn="62" endline="7" loc="7.62 - 7.62"/></term><term lexeme=")" token="SIM_RPAR"><location begcolumn="63" begline="7" endcolumn="63" endline="7" loc="7.63 - 7.63"/></term><term lexeme=":" token="SIM_COL"><location begcolumn="65" begline="7" endcolumn="65" endline="7" loc="7.65 - 7.65"/></term><term lexeme="integer" token="KW_INTEGER"><location begcolumn="67" begline="7" endcolumn="73" endline="7" loc="7.67 - 7.73"/></term><term lexeme="=" token="SIM_IS"><location begcolumn="75" begline="7" endcolumn="75" endline="7" loc="7.75 - 7.75"/></term><term lexeme="{" token="SIM_LSQLBR"><location begcolumn="77" begline="7" endcolumn="77" endline="7" loc="7.77 - 7.77"/></term><term lexeme="dull" token="IDENTIFIER"><location begcolumn="21" begline="8" endcolumn="24" endline="8" loc="8.21 - 8.24"/></term><term lexeme="." token="SIM_DOT"><location begcolumn="25" begline="8" endcolumn="25" endline="8" loc="8.25 - 8.25"/></term><term lexeme="one" token="IDENTIFIER"><location begcolumn="26" begline="8" endcolumn="28" endline="8" loc="8.26 - 8.28"/></term><term lexeme="[" token="SIM_LSQRBR"><location begcolumn="29" begline="8" endcolumn="29" endline="8" loc="8.29 - 8.29"/></term><term lexeme="13" token="CONST_INTEGER"><location begcolumn="30" begline="8" endcolumn="31" endline="8" loc="8.30 - 8.31"/></term><term lexeme="]" token="SIM_RSQRBR"><location begcolumn="32" begline="8" endcolumn="32" endline="8" loc="8.32 - 8.32"/></term><term lexeme="+" token="SIM_PLUS"><location begcolumn="34" begline="8" endcolumn="34" endline="8" loc="8.34 - 8.34"/></term><term lexeme="dull" token="IDENTIFIER"><location begcolumn="36" begline="8" endcolumn="39" endline="8" loc="8.36 - 8.39"/></term><term lexeme="." token="SIM_DOT"><location begcolumn="40" begline="8" endcolumn="40" endline="8" loc="8.40 - 8.40"/></term><term lexeme="one" token="IDENTIFIER"><location begcolumn="41" begline="8" endcolumn="43" endline="8" loc="8.41 - 8.43"/></term><term lexeme="[" token="SIM_LSQRBR"><location begcolumn="44" begline="8" endcolumn="44" endline="8" loc="8.44 - 8.44"/></term><term lexeme="property" token="IDENTIFIER"><location begcolumn="45" begline="8" endcolumn="52" endline="8" loc="8.45 - 8.52"/></term><term lexeme="]" token="SIM_RSQRBR"><location begcolumn="53" begline="8" endcolumn="53" endline="8" loc="8.53 - 8.53"/></term><term lexeme="&gt;=" token="SIM_GTEQU"><location begcolumn="55" begline="8" endcolumn="56" endline="8" loc="8.55 - 8.56"/></term><term lexeme="0" token="CONST_INTEGER"><location begcolumn="58" begline="8" endcolumn="58" endline="8" loc="8.58 - 8.58"/></term><term lexeme=";" token="SIM_SCOL"><location begcolumn="59" begline="8" endcolumn="59" endline="8" loc="8.59 - 8.59"/></term><term lexeme="y" token="IDENTIFIER"><location begcolumn="21" begline="9" endcolumn="21" endline="9" loc="9.21 - 9.21"/></term><term lexeme="=" token="SIM_IS"><location begcolumn="23" begline="9" endcolumn="23" endline="9" loc="9.23 - 9.23"/></term><term lexeme="1" token="CONST_INTEGER"><location begcolumn="25" begline="9" endcolumn="25" endline="9" loc="9.25 - 9.25"/></term><term lexeme="+" token="SIM_PLUS"><location begcolumn="27" begline="9" endcolumn="27" endline="9" loc="9.27 - 9.27"/></term><term lexeme="1" token="CONST_INTEGER"><location begcolumn="29" begline="9" endcolumn="29" endline="9" loc="9.29 - 9.29"/></term><term lexeme="==" token="SIM_EQU"><location begcolumn="31" begline="9" endcolumn="32" endline="9" loc="9.31 - 9.32"/></term><term lexeme="2" token="CONST_INTEGER"><location begcolumn="34" begline="9" endcolumn="34" endline="9" loc="9.34 - 9.34"/></term><term lexeme="&amp;" token="SIM_AND"><location begcolumn="36" begline="9" endcolumn="36" endline="9" loc="9.36 - 9.36"/></term><term lexeme="true" token="CONST_BOOLEAN"><location begcolumn="38" begline="9" endcolumn="41" endline="9" loc="9.38 - 9.41"/></term><term lexeme=";" token="SIM_SCOL"><location begcolumn="42" begline="9" endcolumn="42" endline="9" loc="9.42 - 9.42"/></term><term lexeme="if" token="KW_IF"><location begcolumn="21" begline="10" endcolumn="22" endline="10" loc="10.21 - 10.22"/></term><term lexeme="(" token="SIM_LPAR"><location begcolumn="23" begline="10" endcolumn="23" endline="10" loc="10.23 - 10.23"/></term><term lexeme="y" token="IDENTIFIER"><location begcolumn="24" begline="10" endcolumn="24" endline="10" loc="10.24 - 10.24"/></term><term lexeme="==" token="SIM_EQU"><location begcolumn="26" begline="10" endcolumn="27" endline="10" loc="10.26 - 10.27"/></term><term lexeme="(" token="SIM_LPAR"><location begcolumn="29" begline="10" endcolumn="29" endline="10" loc="10.29 - 10.29"/></term><term lexeme="13" token="CONST_INTEGER"><location begcolumn="30" begline="10" endcolumn="31" endline="10" loc="10.30 - 10.31"/></term><term lexeme="-" token="SIM_MINUS"><location begcolumn="33" begline="10" endcolumn="33" endline="10" loc="10.33 - 10.33"/></term><term lexeme="1" token="CONST_INTEGER"><location begcolumn="35" begline="10" endcolumn="35" endline="10" loc="10.35 - 10.35"/></term><term lexeme="==" token="SIM_EQU"><location begcolumn="37" begline="10" endcolumn="38" endline="10" loc="10.37 - 10.38"/></term><term lexeme="12" token="CONST_INTEGER"><location begcolumn="40" begline="10" endcolumn="41" endline="10" loc="10.40 - 10.41"/></term><term lexeme=")" token="SIM_RPAR"><location begcolumn="42" begline="10" endcolumn="42" endline="10" loc="10.42 - 10.42"/></term><term lexeme=")" token="SIM_RPAR"><location begcolumn="43" begline="10" endcolumn="43" endline="10" loc="10.43 - 10.43"/></term><term lexeme="then" token="KW_THEN"><location begcolumn="45" begline="10" endcolumn="48" endline="10" loc="10.45 - 10.48"/></term><term lexeme="print" token="IDENTIFIER"><location begcolumn="25" begline="11" endcolumn="29" endline="11" loc="11.25 - 11.29"/></term><term lexeme="(" token="SIM_LPAR"><location begcolumn="30" begline="11" endcolumn="30" endline="11" loc="11.30 - 11.30"/></term><term lexeme="&quot;Thirteen&quot;" token="CONST_STRING"><location begcolumn="31" begline="11" endcolumn="40" endline="11" loc="11.31 - 11.40"/></term><term lexeme=")" token="SIM_RPAR"><location begcolumn="41" begline="11" endcolumn="41" endline="11" loc="11.41 - 11.41"/></term><term lexeme="else" token="KW_ELSE"><location begcolumn="21" begline="12" endcolumn="24" endline="12" loc="12.21 - 12.24"/></term><term lexeme="print" token="IDENTIFIER"><location begcolumn="25" begline="13" endcolumn="29" endline="13" loc="13.25 - 13.29"/></term><term lexeme="(" token="SIM_LPAR"><location begcolumn="30" begline="13" endcolumn="30" endline="13" loc="13.30 - 13.30"/></term><term lexeme="&quot;Twelve&quot;" token="CONST_STRING"><location begcolumn="31" begline="13" endcolumn="38" endline="13" loc="13.31 - 13.38"/></term><term lexeme=")" token="SIM_RPAR"><location begcolumn="39" begline="13" endcolumn="39" endline="13" loc="13.39 - 13.39"/></term><term lexeme=";" token="SIM_SCOL"><location begcolumn="21" begline="14" endcolumn="21" endline="14" loc="14.21 - 14.21"/></term><term lexeme="}" token="SIM_RSQLBR"><location begcolumn="17" begline="15" endcolumn="17" endline="15" loc="15.17 - 15.17"/></term><term lexeme="}" token="SIM_RSQLBR"><location begcolumn="13" begline="16" endcolumn="13" endline="16" loc="16.13 - 16.13"/></term><term lexeme=";" token="SIM_SCOL"><location begcolumn="15" begline="16" endcolumn="15" endline="16" loc="16.15 - 16.15"/></term><term lexeme="}" token="SIM_RSQLBR"><location begcolumn="9" begline="17" endcolumn="9" endline="17" loc="17.9 - 17.9"/></term><term lexeme=":" token="SIM_COL"><location begcolumn="11" begline="17" endcolumn="11" endline="17" loc="17.11 - 17.11"/></term><term lexeme="integer" token="KW_INTEGER"><location begcolumn="13" begline="17" endcolumn="19" endline="17" loc="17.13 - 17.19"/></term><term lexeme=")" token="SIM_RPAR"><location begcolumn="21" begline="17" endcolumn="21" endline="17" loc="17.21 - 17.21"/></term><term lexeme=")" token="SIM_RPAR"><location begcolumn="5" begline="18" endcolumn="5" endline="18" loc="18.5 - 18.5"/></term><term lexeme="]" token="SIM_RSQRBR"><location begcolumn="1" begline="19" endcolumn="1" endline="19" loc="19.1 - 19.1"/></term><term lexeme="" token="EOF"/></lexan>