<?xml version="1.0" encoding="UTF-8" standalone="no"?><?xml-stylesheet type="text/xsl" href="../lib/xsl/lexan.xsl"?><lexan><term lexeme="typ" token="KW_TYP"><location begcolumn="1" begline="2" endcolumn="3" endline="2" loc="2.1 - 2.3"/></term><term lexeme="identifier" token="IDENTIFIER"><location begcolumn="5" begline="2" endcolumn="14" endline="2" loc="2.5 - 2.14"/></term><term lexeme="=" token="SIM_IS"><location begcolumn="16" begline="2" endcolumn="16" endline="2" loc="2.16 - 2.16"/></term><term lexeme="type" token="IDENTIFIER"><location begcolumn="18" begline="2" endcolumn="21" endline="2" loc="2.18 - 2.21"/></term><term lexeme="typ" token="KW_TYP"><location begcolumn="1" begline="3" endcolumn="3" endline="3" loc="3.1 - 3.3"/></term><term lexeme="identifier" token="IDENTIFIER"><location begcolumn="5" begline="3" endcolumn="14" endline="3" loc="3.5 - 3.14"/></term><term lexeme="=" token="SIM_IS"><location begcolumn="16" begline="3" endcolumn="16" endline="3" loc="3.16 - 3.16"/></term><term lexeme="type" token="IDENTIFIER"><location begcolumn="18" begline="3" endcolumn="21" endline="3" loc="3.18 - 3.21"/></term><term lexeme="fun" token="KW_FUN"><location begcolumn="1" begline="6" endcolumn="3" endline="6" loc="6.1 - 6.3"/></term><term lexeme="main" token="IDENTIFIER"><location begcolumn="5" begline="6" endcolumn="8" endline="6" loc="6.5 - 6.8"/></term><term lexeme="(" token="SIM_LPAR"><location begcolumn="9" begline="6" endcolumn="9" endline="6" loc="6.9 - 6.9"/></term><term lexeme=")" token="SIM_RPAR"><location begcolumn="10" begline="6" endcolumn="10" endline="6" loc="6.10 - 6.10"/></term><term lexeme=":" token="SIM_COL"><location begcolumn="11" begline="6" endcolumn="11" endline="6" loc="6.11 - 6.11"/></term><term lexeme="boolean" token="KW_BOOLEAN"><location begcolumn="13" begline="6" endcolumn="19" endline="6" loc="6.13 - 6.19"/></term><term lexeme="=" token="SIM_IS"><location begcolumn="21" begline="6" endcolumn="21" endline="6" loc="6.21 - 6.21"/></term><term lexeme="{" token="SIM_LSQLBR"><location begcolumn="23" begline="6" endcolumn="23" endline="6" loc="6.23 - 6.23"/></term><term lexeme="test" token="IDENTIFIER"><location begcolumn="5" begline="8" endcolumn="8" endline="8" loc="8.5 - 8.8"/></term><term lexeme="." token="SIM_DOT"><location begcolumn="9" begline="8" endcolumn="9" endline="8" loc="8.9 - 8.9"/></term><term lexeme="one" token="IDENTIFIER"><location begcolumn="10" begline="8" endcolumn="12" endline="8" loc="8.10 - 8.12"/></term><term lexeme="." token="SIM_DOT"><location begcolumn="13" begline="8" endcolumn="13" endline="8" loc="8.13 - 8.13"/></term><term lexeme="two" token="IDENTIFIER"><location begcolumn="14" begline="8" endcolumn="16" endline="8" loc="8.14 - 8.16"/></term><term lexeme="." token="SIM_DOT"><location begcolumn="17" begline="8" endcolumn="17" endline="8" loc="8.17 - 8.17"/></term><term lexeme="three" token="IDENTIFIER"><location begcolumn="18" begline="8" endcolumn="22" endline="8" loc="8.18 - 8.22"/></term><term lexeme=";" token="SIM_SCOL"><location begcolumn="23" begline="8" endcolumn="23" endline="8" loc="8.23 - 8.23"/></term><term lexeme="-" token="SIM_MINUS"><location begcolumn="5" begline="10" endcolumn="5" endline="10" loc="10.5 - 10.5"/></term><term lexeme="+" token="SIM_PLUS"><location begcolumn="6" begline="10" endcolumn="6" endline="10" loc="10.6 - 10.6"/></term><term lexeme="postfix_vs_prefix" token="IDENTIFIER"><location begcolumn="7" begline="10" endcolumn="23" endline="10" loc="10.7 - 10.23"/></term><term lexeme="^" token="SIM_TOP"><location begcolumn="24" begline="10" endcolumn="24" endline="10" loc="10.24 - 10.24"/></term><term lexeme="." token="SIM_DOT"><location begcolumn="25" begline="10" endcolumn="25" endline="10" loc="10.25 - 10.25"/></term><term lexeme="check" token="IDENTIFIER"><location begcolumn="26" begline="10" endcolumn="30" endline="10" loc="10.26 - 10.30"/></term><term lexeme="." token="SIM_DOT"><location begcolumn="31" begline="10" endcolumn="31" endline="10" loc="10.31 - 10.31"/></term><term lexeme="xml" token="IDENTIFIER"><location begcolumn="32" begline="10" endcolumn="34" endline="10" loc="10.32 - 10.34"/></term><term lexeme="^" token="SIM_TOP"><location begcolumn="35" begline="10" endcolumn="35" endline="10" loc="10.35 - 10.35"/></term><term lexeme="^" token="SIM_TOP"><location begcolumn="36" begline="10" endcolumn="36" endline="10" loc="10.36 - 10.36"/></term><term lexeme=";" token="SIM_SCOL"><location begcolumn="37" begline="10" endcolumn="37" endline="10" loc="10.37 - 10.37"/></term><term lexeme="hahaha" token="IDENTIFIER"><location begcolumn="5" begline="12" endcolumn="10" endline="12" loc="12.5 - 12.10"/></term><term lexeme=";" token="SIM_SCOL"><location begcolumn="11" begline="12" endcolumn="11" endline="12" loc="12.11 - 12.11"/></term><term lexeme="1" token="CONST_INTEGER"><location begcolumn="5" begline="14" endcolumn="5" endline="14" loc="14.5 - 14.5"/></term><term lexeme="+" token="SIM_PLUS"><location begcolumn="6" begline="14" endcolumn="6" endline="14" loc="14.6 - 14.6"/></term><term lexeme="2" token="CONST_INTEGER"><location begcolumn="7" begline="14" endcolumn="7" endline="14" loc="14.7 - 14.7"/></term><term lexeme="*" token="SIM_STAR"><location begcolumn="8" begline="14" endcolumn="8" endline="14" loc="14.8 - 14.8"/></term><term lexeme="3" token="CONST_INTEGER"><location begcolumn="9" begline="14" endcolumn="9" endline="14" loc="14.9 - 14.9"/></term><term lexeme="/" token="SIM_SLH"><location begcolumn="10" begline="14" endcolumn="10" endline="14" loc="14.10 - 14.10"/></term><term lexeme="4" token="CONST_INTEGER"><location begcolumn="11" begline="14" endcolumn="11" endline="14" loc="14.11 - 14.11"/></term><term lexeme="%" token="SIM_PRCNT"><location begcolumn="12" begline="14" endcolumn="12" endline="14" loc="14.12 - 14.12"/></term><term lexeme="56" token="CONST_INTEGER"><location begcolumn="13" begline="14" endcolumn="14" endline="14" loc="14.13 - 14.14"/></term><term lexeme="&gt;" token="SIM_GT"><location begcolumn="15" begline="14" endcolumn="15" endline="14" loc="14.15 - 14.15"/></term><term lexeme="7" token="CONST_INTEGER"><location begcolumn="16" begline="14" endcolumn="16" endline="14" loc="14.16 - 14.16"/></term><term lexeme="&amp;" token="SIM_AND"><location begcolumn="17" begline="14" endcolumn="17" endline="14" loc="14.17 - 14.17"/></term><term lexeme="8" token="CONST_INTEGER"><location begcolumn="18" begline="14" endcolumn="18" endline="14" loc="14.18 - 14.18"/></term><term lexeme="!=" token="SIM_NEQU"><location begcolumn="19" begline="14" endcolumn="20" endline="14" loc="14.19 - 14.20"/></term><term lexeme="9" token="CONST_INTEGER"><location begcolumn="21" begline="14" endcolumn="21" endline="14" loc="14.21 - 14.21"/></term><term lexeme=";" token="SIM_SCOL"><location begcolumn="22" begline="14" endcolumn="22" endline="14" loc="14.22 - 14.22"/></term><term lexeme="if" token="KW_IF"><location begcolumn="5" begline="17" endcolumn="6" endline="17" loc="17.5 - 17.6"/></term><term lexeme="neki" token="IDENTIFIER"><location begcolumn="8" begline="17" endcolumn="11" endline="17" loc="17.8 - 17.11"/></term><term lexeme="[" token="SIM_LSQRBR"><location begcolumn="12" begline="17" endcolumn="12" endline="17" loc="17.12 - 17.12"/></term><term lexeme="4" token="CONST_INTEGER"><location begcolumn="13" begline="17" endcolumn="13" endline="17" loc="17.13 - 17.13"/></term><term lexeme="]" token="SIM_RSQRBR"><location begcolumn="14" begline="17" endcolumn="14" endline="17" loc="17.14 - 17.14"/></term><term lexeme="[" token="SIM_LSQRBR"><location begcolumn="15" begline="17" endcolumn="15" endline="17" loc="17.15 - 17.15"/></term><term lexeme="2" token="CONST_INTEGER"><location begcolumn="16" begline="17" endcolumn="16" endline="17" loc="17.16 - 17.16"/></term><term lexeme="]" token="SIM_RSQRBR"><location begcolumn="17" begline="17" endcolumn="17" endline="17" loc="17.17 - 17.17"/></term><term lexeme="then" token="KW_THEN"><location begcolumn="19" begline="17" endcolumn="22" endline="17" loc="17.19 - 17.22"/></term><term lexeme="{" token="SIM_LSQLBR"><location begcolumn="24" begline="17" endcolumn="24" endline="17" loc="17.24 - 17.24"/></term><term lexeme="ja" token="IDENTIFIER"><location begcolumn="9" begline="19" endcolumn="10" endline="19" loc="19.9 - 19.10"/></term><term lexeme="." token="SIM_DOT"><location begcolumn="11" begline="19" endcolumn="11" endline="19" loc="19.11 - 19.11"/></term><term lexeme="ne" token="IDENTIFIER"><location begcolumn="12" begline="19" endcolumn="13" endline="19" loc="19.12 - 19.13"/></term><term lexeme="." token="SIM_DOT"><location begcolumn="14" begline="19" endcolumn="14" endline="19" loc="19.14 - 19.14"/></term><term lexeme="nevem" token="IDENTIFIER"><location begcolumn="15" begline="19" endcolumn="19" endline="19" loc="19.15 - 19.19"/></term><term lexeme="[" token="SIM_LSQRBR"><location begcolumn="20" begline="19" endcolumn="20" endline="19" loc="19.20 - 19.20"/></term><term lexeme="1" token="CONST_INTEGER"><location begcolumn="21" begline="19" endcolumn="21" endline="19" loc="19.21 - 19.21"/></term><term lexeme="]" token="SIM_RSQRBR"><location begcolumn="22" begline="19" endcolumn="22" endline="19" loc="19.22 - 19.22"/></term><term lexeme="[" token="SIM_LSQRBR"><location begcolumn="23" begline="19" endcolumn="23" endline="19" loc="19.23 - 19.23"/></term><term lexeme="2" token="CONST_INTEGER"><location begcolumn="24" begline="19" endcolumn="24" endline="19" loc="19.24 - 19.24"/></term><term lexeme="]" token="SIM_RSQRBR"><location begcolumn="25" begline="19" endcolumn="25" endline="19" loc="19.25 - 19.25"/></term><term lexeme="^" token="SIM_TOP"><location begcolumn="26" begline="19" endcolumn="26" endline="19" loc="19.26 - 19.26"/></term><term lexeme="." token="SIM_DOT"><location begcolumn="27" begline="19" endcolumn="27" endline="19" loc="19.27 - 19.27"/></term><term lexeme="tri" token="IDENTIFIER"><location begcolumn="28" begline="19" endcolumn="30" endline="19" loc="19.28 - 19.30"/></term><term lexeme="[" token="SIM_LSQRBR"><location begcolumn="31" begline="19" endcolumn="31" endline="19" loc="19.31 - 19.31"/></term><term lexeme="4" token="CONST_INTEGER"><location begcolumn="32" begline="19" endcolumn="32" endline="19" loc="19.32 - 19.32"/></term><term lexeme="]" token="SIM_RSQRBR"><location begcolumn="33" begline="19" endcolumn="33" endline="19" loc="19.33 - 19.33"/></term><term lexeme="^" token="SIM_TOP"><location begcolumn="34" begline="19" endcolumn="34" endline="19" loc="19.34 - 19.34"/></term><term lexeme="^" token="SIM_TOP"><location begcolumn="35" begline="19" endcolumn="35" endline="19" loc="19.35 - 19.35"/></term><term lexeme="^" token="SIM_TOP"><location begcolumn="36" begline="19" endcolumn="36" endline="19" loc="19.36 - 19.36"/></term><term lexeme=";" token="SIM_SCOL"><location begcolumn="37" begline="19" endcolumn="37" endline="19" loc="19.37 - 19.37"/></term><term lexeme="funcall" token="IDENTIFIER"><location begcolumn="9" begline="21" endcolumn="15" endline="21" loc="21.9 - 21.15"/></term><term lexeme="(" token="SIM_LPAR"><location begcolumn="16" begline="21" endcolumn="16" endline="21" loc="21.16 - 21.16"/></term><term lexeme="ja" token="IDENTIFIER"><location begcolumn="17" begline="21" endcolumn="18" endline="21" loc="21.17 - 21.18"/></term><term lexeme="," token="SIM_COM"><location begcolumn="19" begline="21" endcolumn="19" endline="21" loc="21.19 - 21.19"/></term><term lexeme="xD" token="IDENTIFIER"><location begcolumn="21" begline="21" endcolumn="22" endline="21" loc="21.21 - 21.22"/></term><term lexeme="[" token="SIM_LSQRBR"><location begcolumn="23" begline="21" endcolumn="23" endline="21" loc="21.23 - 21.23"/></term><term lexeme="11" token="CONST_INTEGER"><location begcolumn="24" begline="21" endcolumn="25" endline="21" loc="21.24 - 21.25"/></term><term lexeme="]" token="SIM_RSQRBR"><location begcolumn="26" begline="21" endcolumn="26" endline="21" loc="21.26 - 21.26"/></term><term lexeme="," token="SIM_COM"><location begcolumn="27" begline="21" endcolumn="27" endline="21" loc="21.27 - 21.27"/></term><term lexeme="12" token="CONST_INTEGER"><location begcolumn="29" begline="21" endcolumn="30" endline="21" loc="21.29 - 21.30"/></term><term lexeme="/" token="SIM_SLH"><location begcolumn="31" begline="21" endcolumn="31" endline="21" loc="21.31 - 21.31"/></term><term lexeme="5" token="CONST_INTEGER"><location begcolumn="32" begline="21" endcolumn="32" endline="21" loc="21.32 - 21.32"/></term><term lexeme=")" token="SIM_RPAR"><location begcolumn="33" begline="21" endcolumn="33" endline="21" loc="21.33 - 21.33"/></term><term lexeme=";" token="SIM_SCOL"><location begcolumn="34" begline="21" endcolumn="34" endline="21" loc="21.34 - 21.34"/></term><term lexeme="znj" token="IDENTIFIER"><location begcolumn="9" begline="23" endcolumn="11" endline="23" loc="23.9 - 23.11"/></term><term lexeme="=" token="SIM_IS"><location begcolumn="13" begline="23" endcolumn="13" endline="23" loc="23.13 - 23.13"/></term><term lexeme="a" token="IDENTIFIER"><location begcolumn="15" begline="23" endcolumn="15" endline="23" loc="23.15 - 23.15"/></term><term lexeme="(" token="SIM_LPAR"><location begcolumn="16" begline="23" endcolumn="16" endline="23" loc="23.16 - 23.16"/></term><term lexeme=")" token="SIM_RPAR"><location begcolumn="17" begline="23" endcolumn="17" endline="23" loc="23.17 - 23.17"/></term><term lexeme="+" token="SIM_PLUS"><location begcolumn="19" begline="23" endcolumn="19" endline="23" loc="23.19 - 23.19"/></term><term lexeme="6" token="CONST_INTEGER"><location begcolumn="21" begline="23" endcolumn="21" endline="23" loc="23.21 - 23.21"/></term><term lexeme=";" token="SIM_SCOL"><location begcolumn="22" begline="23" endcolumn="22" endline="23" loc="23.22 - 23.22"/></term><term lexeme="}" token="SIM_RSQLBR"><location begcolumn="5" begline="24" endcolumn="5" endline="24" loc="24.5 - 24.5"/></term><term lexeme="else" token="KW_ELSE"><location begcolumn="5" begline="25" endcolumn="8" endline="25" loc="25.5 - 25.8"/></term><term lexeme="return" token="IDENTIFIER"><location begcolumn="10" begline="25" endcolumn="15" endline="25" loc="25.10 - 25.15"/></term><term lexeme=";" token="SIM_SCOL"><location begcolumn="16" begline="25" endcolumn="16" endline="25" loc="25.16 - 25.16"/></term><term lexeme="while" token="KW_WHILE"><location begcolumn="5" begline="28" endcolumn="9" endline="28" loc="28.5 - 28.9"/></term><term lexeme="^" token="SIM_TOP"><location begcolumn="11" begline="28" endcolumn="11" endline="28" loc="28.11 - 28.11"/></term><term lexeme="pointer" token="IDENTIFIER"><location begcolumn="12" begline="28" endcolumn="18" endline="28" loc="28.12 - 28.18"/></term><term lexeme="!=" token="SIM_NEQU"><location begcolumn="20" begline="28" endcolumn="21" endline="28" loc="28.20 - 28.21"/></term><term lexeme="!" token="SIM_EKSP"><location begcolumn="23" begline="28" endcolumn="23" endline="28" loc="28.23 - 28.23"/></term><term lexeme="!" token="SIM_EKSP"><location begcolumn="24" begline="28" endcolumn="24" endline="28" loc="28.24 - 28.24"/></term><term lexeme="!" token="SIM_EKSP"><location begcolumn="25" begline="28" endcolumn="25" endline="28" loc="28.25 - 28.25"/></term><term lexeme="^" token="SIM_TOP"><location begcolumn="26" begline="28" endcolumn="26" endline="28" loc="28.26 - 28.26"/></term><term lexeme="-" token="SIM_MINUS"><location begcolumn="27" begline="28" endcolumn="27" endline="28" loc="28.27 - 28.27"/></term><term lexeme="^" token="SIM_TOP"><location begcolumn="28" begline="28" endcolumn="28" endline="28" loc="28.28 - 28.28"/></term><term lexeme="+" token="SIM_PLUS"><location begcolumn="29" begline="28" endcolumn="29" endline="28" loc="28.29 - 28.29"/></term><term lexeme="^" token="SIM_TOP"><location begcolumn="30" begline="28" endcolumn="30" endline="28" loc="28.30 - 28.30"/></term><term lexeme="^" token="SIM_TOP"><location begcolumn="31" begline="28" endcolumn="31" endline="28" loc="28.31 - 28.31"/></term><term lexeme="(" token="SIM_LPAR"><location begcolumn="32" begline="28" endcolumn="32" endline="28" loc="28.32 - 28.32"/></term><term lexeme="upimo" token="IDENTIFIER"><location begcolumn="33" begline="28" endcolumn="37" endline="28" loc="28.33 - 28.37"/></term><term lexeme="-" token="SIM_MINUS"><location begcolumn="38" begline="28" endcolumn="38" endline="28" loc="28.38 - 28.38"/></term><term lexeme="da" token="IDENTIFIER"><location begcolumn="39" begline="28" endcolumn="40" endline="28" loc="28.39 - 28.40"/></term><term lexeme="+" token="SIM_PLUS"><location begcolumn="41" begline="28" endcolumn="41" endline="28" loc="28.41 - 28.41"/></term><term lexeme="to" token="IDENTIFIER"><location begcolumn="42" begline="28" endcolumn="43" endline="28" loc="28.42 - 28.43"/></term><term lexeme="%" token="SIM_PRCNT"><location begcolumn="44" begline="28" endcolumn="44" endline="28" loc="28.44 - 28.44"/></term><term lexeme="dela" token="IDENTIFIER"><location begcolumn="45" begline="28" endcolumn="48" endline="28" loc="28.45 - 28.48"/></term><term lexeme=")" token="SIM_RPAR"><location begcolumn="49" begline="28" endcolumn="49" endline="28" loc="28.49 - 28.49"/></term><term lexeme="do" token="KW_DO"><location begcolumn="51" begline="28" endcolumn="52" endline="28" loc="28.51 - 28.52"/></term><term lexeme="{" token="SIM_LSQLBR"><location begcolumn="54" begline="28" endcolumn="54" endline="28" loc="28.54 - 28.54"/></term><term lexeme="123" token="CONST_INTEGER"><location begcolumn="9" begline="29" endcolumn="11" endline="29" loc="29.9 - 29.11"/></term><term lexeme=";" token="SIM_SCOL"><location begcolumn="12" begline="29" endcolumn="12" endline="29" loc="29.12 - 29.12"/></term><term lexeme="}" token="SIM_RSQLBR"><location begcolumn="5" begline="30" endcolumn="5" endline="30" loc="30.5 - 30.5"/></term><term lexeme=";" token="SIM_SCOL"><location begcolumn="6" begline="30" endcolumn="6" endline="30" loc="30.6 - 30.6"/></term><term lexeme="}" token="SIM_RSQLBR"><location begcolumn="1" begline="33" endcolumn="1" endline="33" loc="33.1 - 33.1"/></term><term lexeme="where" token="KW_WHERE"><location begcolumn="3" begline="33" endcolumn="7" endline="33" loc="33.3 - 33.7"/></term><term lexeme="{" token="SIM_LSQLBR"><location begcolumn="9" begline="33" endcolumn="9" endline="33" loc="33.9 - 33.9"/></term><term lexeme="typ" token="KW_TYP"><location begcolumn="5" begline="34" endcolumn="7" endline="34" loc="34.5 - 34.7"/></term><term lexeme="identifier" token="IDENTIFIER"><location begcolumn="9" begline="34" endcolumn="18" endline="34" loc="34.9 - 34.18"/></term><term lexeme="=" token="SIM_IS"><location begcolumn="20" begline="34" endcolumn="20" endline="34" loc="34.20 - 34.20"/></term><term lexeme="{" token="SIM_LSQLBR"><location begcolumn="22" begline="34" endcolumn="22" endline="34" loc="34.22 - 34.22"/></term><term lexeme="id1" token="IDENTIFIER"><location begcolumn="23" begline="34" endcolumn="25" endline="34" loc="34.23 - 34.25"/></term><term lexeme=":" token="SIM_COL"><location begcolumn="26" begline="34" endcolumn="26" endline="34" loc="34.26 - 34.26"/></term><term lexeme="type1" token="IDENTIFIER"><location begcolumn="28" begline="34" endcolumn="32" endline="34" loc="34.28 - 34.32"/></term><term lexeme="," token="SIM_COM"><location begcolumn="33" begline="34" endcolumn="33" endline="34" loc="34.33 - 34.33"/></term><term lexeme="no" token="IDENTIFIER"><location begcolumn="35" begline="34" endcolumn="36" endline="34" loc="34.35 - 34.36"/></term><term lexeme=":" token="SIM_COL"><location begcolumn="37" begline="34" endcolumn="37" endline="34" loc="34.37 - 34.37"/></term><term lexeme="da" token="IDENTIFIER"><location begcolumn="39" begline="34" endcolumn="40" endline="34" loc="34.39 - 34.40"/></term><term lexeme="," token="SIM_COM"><location begcolumn="41" begline="34" endcolumn="41" endline="34" loc="34.41 - 34.41"/></term><term lexeme="vidmo" token="IDENTIFIER"><location begcolumn="43" begline="34" endcolumn="47" endline="34" loc="34.43 - 34.47"/></term><term lexeme=":" token="SIM_COL"><location begcolumn="48" begline="34" endcolumn="48" endline="34" loc="34.48 - 34.48"/></term><term lexeme="{" token="SIM_LSQLBR"><location begcolumn="50" begline="34" endcolumn="50" endline="34" loc="34.50 - 34.50"/></term><term lexeme="ce" token="IDENTIFIER"><location begcolumn="51" begline="34" endcolumn="52" endline="34" loc="34.51 - 34.52"/></term><term lexeme=":" token="SIM_COL"><location begcolumn="53" begline="34" endcolumn="53" endline="34" loc="34.53 - 34.53"/></term><term lexeme="to" token="IDENTIFIER"><location begcolumn="54" begline="34" endcolumn="55" endline="34" loc="34.54 - 34.55"/></term><term lexeme="," token="SIM_COM"><location begcolumn="56" begline="34" endcolumn="56" endline="34" loc="34.56 - 34.56"/></term><term lexeme="dejansko" token="IDENTIFIER"><location begcolumn="58" begline="34" endcolumn="65" endline="34" loc="34.58 - 34.65"/></term><term lexeme=":" token="SIM_COL"><location begcolumn="66" begline="34" endcolumn="66" endline="34" loc="34.66 - 34.66"/></term><term lexeme="dela" token="IDENTIFIER"><location begcolumn="68" begline="34" endcolumn="71" endline="34" loc="34.68 - 34.71"/></term><term lexeme="}" token="SIM_RSQLBR"><location begcolumn="72" begline="34" endcolumn="72" endline="34" loc="34.72 - 34.72"/></term><term lexeme="}" token="SIM_RSQLBR"><location begcolumn="73" begline="34" endcolumn="73" endline="34" loc="34.73 - 34.73"/></term><term lexeme="typ" token="KW_TYP"><location begcolumn="5" begline="35" endcolumn="7" endline="35" loc="35.5 - 35.7"/></term><term lexeme="identifier" token="IDENTIFIER"><location begcolumn="9" begline="35" endcolumn="18" endline="35" loc="35.9 - 35.18"/></term><term lexeme="=" token="SIM_IS"><location begcolumn="20" begline="35" endcolumn="20" endline="35" loc="35.20 - 35.20"/></term><term lexeme="boolean" token="KW_BOOLEAN"><location begcolumn="22" begline="35" endcolumn="28" endline="35" loc="35.22 - 35.28"/></term><term lexeme="var" token="KW_VAR"><location begcolumn="5" begline="36" endcolumn="7" endline="36" loc="36.5 - 36.7"/></term><term lexeme="identifier" token="IDENTIFIER"><location begcolumn="9" begline="36" endcolumn="18" endline="36" loc="36.9 - 36.18"/></term><term lexeme=":" token="SIM_COL"><location begcolumn="20" begline="36" endcolumn="20" endline="36" loc="36.20 - 36.20"/></term><term lexeme="type" token="IDENTIFIER"><location begcolumn="22" begline="36" endcolumn="25" endline="36" loc="36.22 - 36.25"/></term><term lexeme="var" token="KW_VAR"><location begcolumn="5" begline="37" endcolumn="7" endline="37" loc="37.5 - 37.7"/></term><term lexeme="identifier" token="IDENTIFIER"><location begcolumn="9" begline="37" endcolumn="18" endline="37" loc="37.9 - 37.18"/></term><term lexeme=":" token="SIM_COL"><location begcolumn="20" begline="37" endcolumn="20" endline="37" loc="37.20 - 37.20"/></term><term lexeme="^" token="SIM_TOP"><location begcolumn="22" begline="37" endcolumn="22" endline="37" loc="37.22 - 37.22"/></term><term lexeme="^" token="SIM_TOP"><location begcolumn="23" begline="37" endcolumn="23" endline="37" loc="37.23 - 37.23"/></term><term lexeme="boolean" token="KW_BOOLEAN"><location begcolumn="24" begline="37" endcolumn="30" endline="37" loc="37.24 - 37.30"/></term><term lexeme="[" token="SIM_LSQRBR"><location begcolumn="31" begline="37" endcolumn="31" endline="37" loc="37.31 - 37.31"/></term><term lexeme="1" token="CONST_INTEGER"><location begcolumn="32" begline="37" endcolumn="32" endline="37" loc="37.32 - 37.32"/></term><term lexeme="]" token="SIM_RSQRBR"><location begcolumn="33" begline="37" endcolumn="33" endline="37" loc="37.33 - 37.33"/></term><term lexeme="[" token="SIM_LSQRBR"><location begcolumn="34" begline="37" endcolumn="34" endline="37" loc="37.34 - 37.34"/></term><term lexeme="2" token="CONST_INTEGER"><location begcolumn="35" begline="37" endcolumn="35" endline="37" loc="37.35 - 37.35"/></term><term lexeme="]" token="SIM_RSQRBR"><location begcolumn="36" begline="37" endcolumn="36" endline="37" loc="37.36 - 37.36"/></term><term lexeme="}" token="SIM_RSQLBR"><location begcolumn="1" begline="38" endcolumn="1" endline="38" loc="38.1 - 38.1"/></term><term lexeme="" token="EOF"/></lexan>