<?xml version="1.0" encoding="UTF-8" standalone="no"?><?xml-stylesheet type="text/xsl" href="../lib/xsl/lexan.xsl"?><lexan><term lexeme="typ" token="KW_TYP"><location begcolumn="1" begline="1" endcolumn="3" endline="1" loc="1.1 - 1.3"/></term><term lexeme="typ_name" token="IDENTIFIER"><location begcolumn="5" begline="1" endcolumn="12" endline="1" loc="1.5 - 1.12"/></term><term lexeme="=" token="SIM_IS"><location begcolumn="14" begline="1" endcolumn="14" endline="1" loc="1.14 - 1.14"/></term><term lexeme="^" token="SIM_TOP"><location begcolumn="16" begline="1" endcolumn="16" endline="1" loc="1.16 - 1.16"/></term><term lexeme="void" token="KW_VOID"><location begcolumn="17" begline="1" endcolumn="20" endline="1" loc="1.17 - 1.20"/></term><term lexeme="var" token="KW_VAR"><location begcolumn="1" begline="2" endcolumn="3" endline="2" loc="2.1 - 2.3"/></term><term lexeme="_var_name" token="IDENTIFIER"><location begcolumn="5" begline="2" endcolumn="13" endline="2" loc="2.5 - 2.13"/></term><term lexeme=":" token="SIM_COL"><location begcolumn="15" begline="2" endcolumn="15" endline="2" loc="2.15 - 2.15"/></term><term lexeme="(" token="SIM_LPAR"><location begcolumn="17" begline="2" endcolumn="17" endline="2" loc="2.17 - 2.17"/></term><term lexeme="char" token="KW_CHAR"><location begcolumn="18" begline="2" endcolumn="21" endline="2" loc="2.18 - 2.21"/></term><term lexeme=")" token="SIM_RPAR"><location begcolumn="22" begline="2" endcolumn="22" endline="2" loc="2.22 - 2.22"/></term><term lexeme="var" token="KW_VAR"><location begcolumn="1" begline="3" endcolumn="3" endline="3" loc="3.1 - 3.3"/></term><term lexeme="_arr_var" token="IDENTIFIER"><location begcolumn="5" begline="3" endcolumn="12" endline="3" loc="3.5 - 3.12"/></term><term lexeme=":" token="SIM_COL"><location begcolumn="13" begline="3" endcolumn="13" endline="3" loc="3.13 - 3.13"/></term><term lexeme="integer" token="KW_INTEGER"><location begcolumn="15" begline="3" endcolumn="21" endline="3" loc="3.15 - 3.21"/></term><term lexeme="[" token="SIM_LSQRBR"><location begcolumn="22" begline="3" endcolumn="22" endline="3" loc="3.22 - 3.22"/></term><term lexeme="10" token="CONST_INTEGER"><location begcolumn="23" begline="3" endcolumn="24" endline="3" loc="3.23 - 3.24"/></term><term lexeme="]" token="SIM_RSQRBR"><location begcolumn="25" begline="3" endcolumn="25" endline="3" loc="3.25 - 3.25"/></term><term lexeme="typ" token="KW_TYP"><location begcolumn="1" begline="4" endcolumn="3" endline="4" loc="4.1 - 4.3"/></term><term lexeme="_json_struct" token="IDENTIFIER"><location begcolumn="5" begline="4" endcolumn="16" endline="4" loc="4.5 - 4.16"/></term><term lexeme="=" token="SIM_IS"><location begcolumn="18" begline="4" endcolumn="18" endline="4" loc="4.18 - 4.18"/></term><term lexeme="{" token="SIM_LSQLBR"><location begcolumn="20" begline="4" endcolumn="20" endline="4" loc="4.20 - 4.20"/></term><term lexeme="name" token="IDENTIFIER"><location begcolumn="5" begline="5" endcolumn="8" endline="5" loc="5.5 - 5.8"/></term><term lexeme=":" token="SIM_COL"><location begcolumn="9" begline="5" endcolumn="9" endline="5" loc="5.9 - 5.9"/></term><term lexeme="char" token="KW_CHAR"><location begcolumn="11" begline="5" endcolumn="14" endline="5" loc="5.11 - 5.14"/></term><term lexeme="[" token="SIM_LSQRBR"><location begcolumn="15" begline="5" endcolumn="15" endline="5" loc="5.15 - 5.15"/></term><term lexeme="x" token="IDENTIFIER"><location begcolumn="16" begline="5" endcolumn="16" endline="5" loc="5.16 - 5.16"/></term><term lexeme="]" token="SIM_RSQRBR"><location begcolumn="17" begline="5" endcolumn="17" endline="5" loc="5.17 - 5.17"/></term><term lexeme="," token="SIM_COM"><location begcolumn="18" begline="5" endcolumn="18" endline="5" loc="5.18 - 5.18"/></term><term lexeme="surname" token="IDENTIFIER"><location begcolumn="5" begline="6" endcolumn="11" endline="6" loc="6.5 - 6.11"/></term><term lexeme=":" token="SIM_COL"><location begcolumn="12" begline="6" endcolumn="12" endline="6" loc="6.12 - 6.12"/></term><term lexeme="char" token="KW_CHAR"><location begcolumn="14" begline="6" endcolumn="17" endline="6" loc="6.14 - 6.17"/></term><term lexeme="[" token="SIM_LSQRBR"><location begcolumn="18" begline="6" endcolumn="18" endline="6" loc="6.18 - 6.18"/></term><term lexeme="y" token="IDENTIFIER"><location begcolumn="19" begline="6" endcolumn="19" endline="6" loc="6.19 - 6.19"/></term><term lexeme="]" token="SIM_RSQRBR"><location begcolumn="20" begline="6" endcolumn="20" endline="6" loc="6.20 - 6.20"/></term><term lexeme="}" token="SIM_RSQLBR"><location begcolumn="1" begline="7" endcolumn="1" endline="7" loc="7.1 - 7.1"/></term><term lexeme="fun" token="KW_FUN"><location begcolumn="1" begline="10" endcolumn="3" endline="10" loc="10.1 - 10.3"/></term><term lexeme="func" token="IDENTIFIER"><location begcolumn="5" begline="10" endcolumn="8" endline="10" loc="10.5 - 10.8"/></term><term lexeme="(" token="SIM_LPAR"><location begcolumn="9" begline="10" endcolumn="9" endline="10" loc="10.9 - 10.9"/></term><term lexeme=")" token="SIM_RPAR"><location begcolumn="10" begline="10" endcolumn="10" endline="10" loc="10.10 - 10.10"/></term><term lexeme=":" token="SIM_COL"><location begcolumn="12" begline="10" endcolumn="12" endline="10" loc="10.12 - 10.12"/></term><term lexeme="void" token="KW_VOID"><location begcolumn="14" begline="10" endcolumn="17" endline="10" loc="10.14 - 10.17"/></term><term lexeme="=" token="SIM_IS"><location begcolumn="19" begline="10" endcolumn="19" endline="10" loc="10.19 - 10.19"/></term><term lexeme="true" token="CONST_BOOLEAN"><location begcolumn="21" begline="10" endcolumn="24" endline="10" loc="10.21 - 10.24"/></term><term lexeme="fun" token="KW_FUN"><location begcolumn="1" begline="11" endcolumn="3" endline="11" loc="11.1 - 11.3"/></term><term lexeme="func_complex" token="IDENTIFIER"><location begcolumn="5" begline="11" endcolumn="16" endline="11" loc="11.5 - 11.16"/></term><term lexeme="(" token="SIM_LPAR"><location begcolumn="17" begline="11" endcolumn="17" endline="11" loc="11.17 - 11.17"/></term><term lexeme="a" token="IDENTIFIER"><location begcolumn="18" begline="11" endcolumn="18" endline="11" loc="11.18 - 11.18"/></term><term lexeme=":" token="SIM_COL"><location begcolumn="19" begline="11" endcolumn="19" endline="11" loc="11.19 - 11.19"/></term><term lexeme="integer" token="KW_INTEGER"><location begcolumn="21" begline="11" endcolumn="27" endline="11" loc="11.21 - 11.27"/></term><term lexeme="," token="SIM_COM"><location begcolumn="28" begline="11" endcolumn="28" endline="11" loc="11.28 - 11.28"/></term><term lexeme="b" token="IDENTIFIER"><location begcolumn="30" begline="11" endcolumn="30" endline="11" loc="11.30 - 11.30"/></term><term lexeme=":" token="SIM_COL"><location begcolumn="31" begline="11" endcolumn="31" endline="11" loc="11.31 - 11.31"/></term><term lexeme="boolean" token="KW_BOOLEAN"><location begcolumn="33" begline="11" endcolumn="39" endline="11" loc="11.33 - 11.39"/></term><term lexeme=")" token="SIM_RPAR"><location begcolumn="40" begline="11" endcolumn="40" endline="11" loc="11.40 - 11.40"/></term><term lexeme=":" token="SIM_COL"><location begcolumn="41" begline="11" endcolumn="41" endline="11" loc="11.41 - 11.41"/></term><term lexeme="integer" token="KW_INTEGER"><location begcolumn="43" begline="11" endcolumn="49" endline="11" loc="11.43 - 11.49"/></term><term lexeme="=" token="SIM_IS"><location begcolumn="51" begline="11" endcolumn="51" endline="11" loc="11.51 - 11.51"/></term><term lexeme="{" token="SIM_LSQLBR"><location begcolumn="53" begline="11" endcolumn="53" endline="11" loc="11.53 - 11.53"/></term><term lexeme="while" token="KW_WHILE"><location begcolumn="5" begline="12" endcolumn="9" endline="12" loc="12.5 - 12.9"/></term><term lexeme="(" token="SIM_LPAR"><location begcolumn="11" begline="12" endcolumn="11" endline="12" loc="12.11 - 12.11"/></term><term lexeme="test" token="IDENTIFIER"><location begcolumn="12" begline="12" endcolumn="15" endline="12" loc="12.12 - 12.15"/></term><term lexeme="==" token="SIM_EQU"><location begcolumn="17" begline="12" endcolumn="18" endline="12" loc="12.17 - 12.18"/></term><term lexeme="3" token="CONST_INTEGER"><location begcolumn="20" begline="12" endcolumn="20" endline="12" loc="12.20 - 12.20"/></term><term lexeme="&amp;" token="SIM_AND"><location begcolumn="22" begline="12" endcolumn="22" endline="12" loc="12.22 - 12.22"/></term><term lexeme="!" token="SIM_EKSP"><location begcolumn="24" begline="12" endcolumn="24" endline="12" loc="12.24 - 12.24"/></term><term lexeme="x" token="IDENTIFIER"><location begcolumn="25" begline="12" endcolumn="25" endline="12" loc="12.25 - 12.25"/></term><term lexeme="!=" token="SIM_NEQU"><location begcolumn="27" begline="12" endcolumn="28" endline="12" loc="12.27 - 12.28"/></term><term lexeme="y" token="IDENTIFIER"><location begcolumn="30" begline="12" endcolumn="30" endline="12" loc="12.30 - 12.30"/></term><term lexeme="|" token="SIM_LINE"><location begcolumn="32" begline="12" endcolumn="32" endline="12" loc="12.32 - 12.32"/></term><term lexeme="b" token="IDENTIFIER"><location begcolumn="34" begline="12" endcolumn="34" endline="12" loc="12.34 - 12.34"/></term><term lexeme="/" token="SIM_SLH"><location begcolumn="36" begline="12" endcolumn="36" endline="12" loc="12.36 - 12.36"/></term><term lexeme="5" token="CONST_INTEGER"><location begcolumn="38" begline="12" endcolumn="38" endline="12" loc="12.38 - 12.38"/></term><term lexeme="==" token="SIM_EQU"><location begcolumn="40" begline="12" endcolumn="41" endline="12" loc="12.40 - 12.41"/></term><term lexeme="-" token="SIM_MINUS"><location begcolumn="43" begline="12" endcolumn="43" endline="12" loc="12.43 - 12.43"/></term><term lexeme="7" token="CONST_INTEGER"><location begcolumn="45" begline="12" endcolumn="45" endline="12" loc="12.45 - 12.45"/></term><term lexeme="+" token="SIM_PLUS"><location begcolumn="47" begline="12" endcolumn="47" endline="12" loc="12.47 - 12.47"/></term><term lexeme="x" token="IDENTIFIER"><location begcolumn="49" begline="12" endcolumn="49" endline="12" loc="12.49 - 12.49"/></term><term lexeme=")" token="SIM_RPAR"><location begcolumn="50" begline="12" endcolumn="50" endline="12" loc="12.50 - 12.50"/></term><term lexeme="do" token="KW_DO"><location begcolumn="52" begline="12" endcolumn="53" endline="12" loc="12.52 - 12.53"/></term><term lexeme="{" token="SIM_LSQLBR"><location begcolumn="55" begline="12" endcolumn="55" endline="12" loc="12.55 - 12.55"/></term><term lexeme="if" token="KW_IF"><location begcolumn="9" begline="13" endcolumn="10" endline="13" loc="13.9 - 13.10"/></term><term lexeme="(" token="SIM_LPAR"><location begcolumn="12" begline="13" endcolumn="12" endline="13" loc="13.12 - 13.12"/></term><term lexeme="x" token="IDENTIFIER"><location begcolumn="13" begline="13" endcolumn="13" endline="13" loc="13.13 - 13.13"/></term><term lexeme="%" token="SIM_PRCNT"><location begcolumn="15" begline="13" endcolumn="15" endline="13" loc="13.15 - 13.15"/></term><term lexeme="3" token="CONST_INTEGER"><location begcolumn="17" begline="13" endcolumn="17" endline="13" loc="13.17 - 13.17"/></term><term lexeme="&gt;=" token="SIM_GTEQU"><location begcolumn="19" begline="13" endcolumn="20" endline="13" loc="13.19 - 13.20"/></term><term lexeme="1" token="CONST_INTEGER"><location begcolumn="22" begline="13" endcolumn="22" endline="13" loc="13.22 - 13.22"/></term><term lexeme=")" token="SIM_RPAR"><location begcolumn="23" begline="13" endcolumn="23" endline="13" loc="13.23 - 13.23"/></term><term lexeme="then" token="KW_THEN"><location begcolumn="25" begline="13" endcolumn="28" endline="13" loc="13.25 - 13.28"/></term><term lexeme="{" token="SIM_LSQLBR"><location begcolumn="30" begline="13" endcolumn="30" endline="13" loc="13.30 - 13.30"/></term><term lexeme="x" token="IDENTIFIER"><location begcolumn="13" begline="14" endcolumn="13" endline="14" loc="14.13 - 14.13"/></term><term lexeme="=" token="SIM_IS"><location begcolumn="15" begline="14" endcolumn="15" endline="14" loc="14.15 - 14.15"/></term><term lexeme="y" token="IDENTIFIER"><location begcolumn="17" begline="14" endcolumn="17" endline="14" loc="14.17 - 14.17"/></term><term lexeme="%" token="SIM_PRCNT"><location begcolumn="19" begline="14" endcolumn="19" endline="14" loc="14.19 - 14.19"/></term><term lexeme="4" token="CONST_INTEGER"><location begcolumn="21" begline="14" endcolumn="21" endline="14" loc="14.21 - 14.21"/></term><term lexeme=";" token="SIM_SCOL"><location begcolumn="22" begline="14" endcolumn="22" endline="14" loc="14.22 - 14.22"/></term><term lexeme="y" token="IDENTIFIER"><location begcolumn="13" begline="15" endcolumn="13" endline="15" loc="15.13 - 15.13"/></term><term lexeme="=" token="SIM_IS"><location begcolumn="15" begline="15" endcolumn="15" endline="15" loc="15.15 - 15.15"/></term><term lexeme="x" token="IDENTIFIER"><location begcolumn="17" begline="15" endcolumn="17" endline="15" loc="15.17 - 15.17"/></term><term lexeme="/" token="SIM_SLH"><location begcolumn="19" begline="15" endcolumn="19" endline="15" loc="15.19 - 15.19"/></term><term lexeme="2" token="CONST_INTEGER"><location begcolumn="21" begline="15" endcolumn="21" endline="15" loc="15.21 - 15.21"/></term><term lexeme=";" token="SIM_SCOL"><location begcolumn="22" begline="15" endcolumn="22" endline="15" loc="15.22 - 15.22"/></term><term lexeme="}" token="SIM_RSQLBR"><location begcolumn="9" begline="16" endcolumn="9" endline="16" loc="16.9 - 16.9"/></term><term lexeme="else" token="KW_ELSE"><location begcolumn="11" begline="16" endcolumn="14" endline="16" loc="16.11 - 16.14"/></term><term lexeme="(" token="SIM_LPAR"><location begcolumn="16" begline="16" endcolumn="16" endline="16" loc="16.16 - 16.16"/></term><term lexeme="_varName" token="IDENTIFIER"><location begcolumn="17" begline="16" endcolumn="24" endline="16" loc="16.17 - 16.24"/></term><term lexeme=":" token="SIM_COL"><location begcolumn="26" begline="16" endcolumn="26" endline="16" loc="16.26 - 16.26"/></term><term lexeme="integer" token="KW_INTEGER"><location begcolumn="28" begline="16" endcolumn="34" endline="16" loc="16.28 - 16.34"/></term><term lexeme=")" token="SIM_RPAR"><location begcolumn="35" begline="16" endcolumn="35" endline="16" loc="16.35 - 16.35"/></term><term lexeme=";" token="SIM_SCOL"><location begcolumn="36" begline="16" endcolumn="36" endline="16" loc="16.36 - 16.36"/></term><term lexeme="}" token="SIM_RSQLBR"><location begcolumn="5" begline="17" endcolumn="5" endline="17" loc="17.5 - 17.5"/></term><term lexeme=";" token="SIM_SCOL"><location begcolumn="6" begline="17" endcolumn="6" endline="17" loc="17.6 - 17.6"/></term><term lexeme="}" token="SIM_RSQLBR"><location begcolumn="1" begline="18" endcolumn="1" endline="18" loc="18.1 - 18.1"/></term><term lexeme="fun" token="KW_FUN"><location begcolumn="1" begline="21" endcolumn="3" endline="21" loc="21.1 - 21.3"/></term><term lexeme="main" token="IDENTIFIER"><location begcolumn="5" begline="21" endcolumn="8" endline="21" loc="21.5 - 21.8"/></term><term lexeme="(" token="SIM_LPAR"><location begcolumn="9" begline="21" endcolumn="9" endline="21" loc="21.9 - 21.9"/></term><term lexeme="arg" token="IDENTIFIER"><location begcolumn="10" begline="21" endcolumn="12" endline="21" loc="21.10 - 21.12"/></term><term lexeme=":" token="SIM_COL"><location begcolumn="13" begline="21" endcolumn="13" endline="21" loc="21.13 - 21.13"/></term><term lexeme="integer" token="KW_INTEGER"><location begcolumn="15" begline="21" endcolumn="21" endline="21" loc="21.15 - 21.21"/></term><term lexeme=")" token="SIM_RPAR"><location begcolumn="22" begline="21" endcolumn="22" endline="21" loc="21.22 - 21.22"/></term><term lexeme=":" token="SIM_COL"><location begcolumn="23" begline="21" endcolumn="23" endline="21" loc="21.23 - 21.23"/></term><term lexeme="^" token="SIM_TOP"><location begcolumn="25" begline="21" endcolumn="25" endline="21" loc="21.25 - 21.25"/></term><term lexeme="_jsonStruct" token="IDENTIFIER"><location begcolumn="26" begline="21" endcolumn="36" endline="21" loc="21.26 - 21.36"/></term><term lexeme="=" token="SIM_IS"><location begcolumn="38" begline="21" endcolumn="38" endline="21" loc="21.38 - 21.38"/></term><term lexeme="{" token="SIM_LSQLBR"><location begcolumn="40" begline="21" endcolumn="40" endline="21" loc="21.40 - 21.40"/></term><term lexeme="funcComplex" token="IDENTIFIER"><location begcolumn="5" begline="22" endcolumn="15" endline="22" loc="22.5 - 22.15"/></term><term lexeme="(" token="SIM_LPAR"><location begcolumn="16" begline="22" endcolumn="16" endline="22" loc="22.16 - 22.16"/></term><term lexeme="a" token="IDENTIFIER"><location begcolumn="17" begline="22" endcolumn="17" endline="22" loc="22.17 - 22.17"/></term><term lexeme="," token="SIM_COM"><location begcolumn="18" begline="22" endcolumn="18" endline="22" loc="22.18 - 22.18"/></term><term lexeme="b" token="IDENTIFIER"><location begcolumn="20" begline="22" endcolumn="20" endline="22" loc="22.20 - 22.20"/></term><term lexeme=")" token="SIM_RPAR"><location begcolumn="21" begline="22" endcolumn="21" endline="22" loc="22.21 - 22.21"/></term><term lexeme=";" token="SIM_SCOL"><location begcolumn="22" begline="22" endcolumn="22" endline="22" loc="22.22 - 22.22"/></term><term lexeme="_jsonStruct" token="IDENTIFIER"><location begcolumn="5" begline="23" endcolumn="15" endline="23" loc="23.5 - 23.15"/></term><term lexeme="=" token="SIM_IS"><location begcolumn="17" begline="23" endcolumn="17" endline="23" loc="23.17 - 23.17"/></term><term lexeme="new" token="KW_NEW"><location begcolumn="19" begline="23" endcolumn="21" endline="23" loc="23.19 - 23.21"/></term><term lexeme="_jsonStruct" token="IDENTIFIER"><location begcolumn="23" begline="23" endcolumn="33" endline="23" loc="23.23 - 23.33"/></term><term lexeme=";" token="SIM_SCOL"><location begcolumn="34" begline="23" endcolumn="34" endline="23" loc="23.34 - 23.34"/></term><term lexeme="(" token="SIM_LPAR"><location begcolumn="5" begline="24" endcolumn="5" endline="24" loc="24.5 - 24.5"/></term><term lexeme="del" token="KW_DEL"><location begcolumn="6" begline="24" endcolumn="8" endline="24" loc="24.6 - 24.8"/></term><term lexeme="_jsonStruct" token="IDENTIFIER"><location begcolumn="10" begline="24" endcolumn="20" endline="24" loc="24.10 - 24.20"/></term><term lexeme=")" token="SIM_RPAR"><location begcolumn="21" begline="24" endcolumn="21" endline="24" loc="24.21 - 24.21"/></term><term lexeme=";" token="SIM_SCOL"><location begcolumn="22" begline="24" endcolumn="22" endline="24" loc="24.22 - 24.22"/></term><term lexeme="(" token="SIM_LPAR"><location begcolumn="5" begline="25" endcolumn="5" endline="25" loc="25.5 - 25.5"/></term><term lexeme="t" token="IDENTIFIER"><location begcolumn="6" begline="25" endcolumn="6" endline="25" loc="25.6 - 25.6"/></term><term lexeme="+" token="SIM_PLUS"><location begcolumn="7" begline="25" endcolumn="7" endline="25" loc="25.7 - 25.7"/></term><term lexeme="3" token="CONST_INTEGER"><location begcolumn="8" begline="25" endcolumn="8" endline="25" loc="25.8 - 25.8"/></term><term lexeme=")" token="SIM_RPAR"><location begcolumn="9" begline="25" endcolumn="9" endline="25" loc="25.9 - 25.9"/></term><term lexeme="[" token="SIM_LSQRBR"><location begcolumn="10" begline="25" endcolumn="10" endline="25" loc="25.10 - 25.10"/></term><term lexeme="z" token="IDENTIFIER"><location begcolumn="11" begline="25" endcolumn="11" endline="25" loc="25.11 - 25.11"/></term><term lexeme="]" token="SIM_RSQRBR"><location begcolumn="12" begline="25" endcolumn="12" endline="25" loc="25.12 - 25.12"/></term><term lexeme=";" token="SIM_SCOL"><location begcolumn="13" begline="25" endcolumn="13" endline="25" loc="25.13 - 25.13"/></term><term lexeme="_jsonStruct" token="IDENTIFIER"><location begcolumn="5" begline="26" endcolumn="15" endline="26" loc="26.5 - 26.15"/></term><term lexeme="." token="SIM_DOT"><location begcolumn="16" begline="26" endcolumn="16" endline="26" loc="26.16 - 26.16"/></term><term lexeme="name" token="IDENTIFIER"><location begcolumn="17" begline="26" endcolumn="20" endline="26" loc="26.17 - 26.20"/></term><term lexeme="=" token="SIM_IS"><location begcolumn="22" begline="26" endcolumn="22" endline="26" loc="26.22 - 26.22"/></term><term lexeme="_jsonStruct" token="IDENTIFIER"><location begcolumn="24" begline="26" endcolumn="34" endline="26" loc="26.24 - 26.34"/></term><term lexeme="." token="SIM_DOT"><location begcolumn="35" begline="26" endcolumn="35" endline="26" loc="26.35 - 26.35"/></term><term lexeme="name" token="IDENTIFIER"><location begcolumn="36" begline="26" endcolumn="39" endline="26" loc="26.36 - 26.39"/></term><term lexeme="^" token="SIM_TOP"><location begcolumn="40" begline="26" endcolumn="40" endline="26" loc="26.40 - 26.40"/></term><term lexeme="where" token="KW_WHERE"><location begcolumn="42" begline="26" endcolumn="46" endline="26" loc="26.42 - 26.46"/></term><term lexeme="{" token="SIM_LSQLBR"><location begcolumn="48" begline="26" endcolumn="48" endline="26" loc="26.48 - 26.48"/></term><term lexeme="var" token="KW_VAR"><location begcolumn="50" begline="26" endcolumn="52" endline="26" loc="26.50 - 26.52"/></term><term lexeme="name" token="IDENTIFIER"><location begcolumn="54" begline="26" endcolumn="57" endline="26" loc="26.54 - 26.57"/></term><term lexeme=":" token="SIM_COL"><location begcolumn="58" begline="26" endcolumn="58" endline="26" loc="26.58 - 26.58"/></term><term lexeme="char" token="KW_CHAR"><location begcolumn="60" begline="26" endcolumn="63" endline="26" loc="26.60 - 26.63"/></term><term lexeme="[" token="SIM_LSQRBR"><location begcolumn="64" begline="26" endcolumn="64" endline="26" loc="26.64 - 26.64"/></term><term lexeme="10" token="CONST_INTEGER"><location begcolumn="65" begline="26" endcolumn="66" endline="26" loc="26.65 - 26.66"/></term><term lexeme="]" token="SIM_RSQRBR"><location begcolumn="67" begline="26" endcolumn="67" endline="26" loc="26.67 - 26.67"/></term><term lexeme="}" token="SIM_RSQLBR"><location begcolumn="69" begline="26" endcolumn="69" endline="26" loc="26.69 - 26.69"/></term><term lexeme=";" token="SIM_SCOL"><location begcolumn="70" begline="26" endcolumn="70" endline="26" loc="26.70 - 26.70"/></term><term lexeme="}" token="SIM_RSQLBR"><location begcolumn="1" begline="27" endcolumn="1" endline="27" loc="27.1 - 27.1"/></term><term lexeme="" token="EOF"/></lexan>